,nbBlocks,txCount,txWOreward,meanBlockTime,MinBlockTime,10PercentBlockTime,30PercentBlockTime,medianBlockTime,70PercentBlockTime,90PercentBlockTime,MaxBlockTime
2021-06-15,2551,11682,9131,29.378675029400235,0.0,3.0,9.0,19.0,34.0,69.0,295.0
2021-06-14,2858,13487,10629,30.237578726382086,0.0,3.0,10.0,19.0,34.0,70.0,376.0
2021-06-13,2827,13057,10230,30.565263530244074,0.0,3.0,10.0,20.0,36.0,70.0,298.0
2021-06-12,2779,11841,9062,31.07736595897805,0.0,3.0,10.0,20.0,35.0,73.0,350.0
2021-06-11,3679,14045,10366,23.48464256591465,0.0,2.0,6.0,12.0,24.0,55.0,419.0
2021-06-10,3742,13148,9406,23.089524318546232,0.0,1.0,3.0,8.0,18.0,59.90000000000009,1306.0
2021-06-09,2704,12685,9981,31.951183431952664,0.0,1.0,5.0,11.0,24.0,77.0,974.0
2021-06-08,3137,13138,10001,27.573796620975454,0.0,2.0,7.0,15.0,28.0,67.0,303.0
2021-06-07,2251,11708,9457,38.49400266548201,0.0,2.0,8.0,17.0,37.0,98.0,706.0
2021-06-06,1339,7561,6222,64.27184466019418,0.0,4.0,13.0,28.0,57.0,155.0,970.0
2021-06-05,2667,9795,7128,32.39482564679415,0.0,3.0,10.0,20.0,36.0,76.0,318.0
2021-06-04,2160,6650,4490,40.01435185185185,0.0,3.0,10.0,20.0,36.0,80.0,12140.0
2021-06-03,1729,9082,7353,49.954887218045116,0.0,4.0,14.0,27.0,47.59999999999991,100.20000000000005,5788.0
2021-06-02,2311,11724,9413,37.43487667676331,0.0,4.0,12.0,23.0,43.0,89.0,439.0
2021-06-01,2203,10952,8749,39.172038129822965,0.0,4.0,12.0,24.0,45.0,92.0,690.0
2021-05-31,2289,11746,9457,37.80690257754478,0.0,4.0,12.0,23.0,43.0,90.20000000000027,626.0
2021-05-30,2247,10013,7766,38.39163328882955,0.0,3.0,12.0,23.0,42.0,90.40000000000009,552.0
2021-05-29,2324,9968,7644,37.17512908777969,0.0,4.0,12.0,24.0,43.0,89.0,434.0
2021-05-28,2352,6827,4475,36.73086734693877,0.0,4.0,12.299999999999955,24.0,43.0,85.0,362.0
2021-05-27,2172,8603,6431,39.78499079189687,0.0,4.0,12.0,25.0,42.0,86.0,2627.0
2021-05-26,2285,12892,10607,37.813566739606124,0.0,4.0,12.0,24.0,43.0,87.0,421.0
2021-05-25,2321,13472,11151,37.230073244291255,0.0,4.0,12.0,24.0,42.0,88.0,350.0
2021-05-24,2333,14930,12597,37.18002571795971,0.0,3.0,12.0,24.0,43.0,87.0,520.0
2021-05-23,2272,13000,10728,37.878080985915496,0.0,4.0,12.0,24.0,43.0,84.90000000000009,437.0
2021-05-22,2351,12058,9707,36.754572522330925,0.0,4.0,13.0,24.0,43.0,85.0,367.0
2021-05-21,2275,14173,11898,37.96,0.0,3.0,12.0,23.0,41.0,89.0,625.0
2021-05-20,2371,15615,13244,36.4403205398566,0.0,4.0,12.0,24.0,43.0,88.0,513.0
2021-05-19,2255,18437,16182,38.32549889135255,0.0,4.0,12.0,24.0,42.0,88.0,586.0
2021-05-18,2310,13900,11590,37.407792207792205,0.0,4.0,12.0,23.0,42.0,90.0,501.0
2021-05-17,2308,15644,13336,37.43760831889082,0.0,4.0,12.0,24.0,43.0,89.0,421.0
2021-05-16,2226,14401,12175,38.79604672057502,0.0,3.0,12.0,24.0,42.0,92.0,413.0
2021-05-15,2316,13317,11001,37.310017271157164,0.0,4.0,13.0,24.0,43.0,86.0,455.0
2021-05-14,2291,15110,12819,37.70973374072457,0.0,4.0,12.0,24.0,42.0,86.0,527.0
2021-05-13,2304,17092,14788,37.49522569444444,0.0,4.0,12.0,23.5,42.0,88.0,491.0
2021-05-12,2340,15864,13524,36.952991452991455,0.0,4.0,12.0,24.0,43.0,83.0,426.0
2021-05-11,2338,15575,13237,36.92429426860564,0.0,4.0,13.0,24.0,42.0,87.0,442.0
2021-05-10,2274,17906,15632,38.01671064204046,0.0,3.0,12.0,24.0,42.0,90.0,417.0
2021-05-09,2283,16270,13987,37.823915900131404,0.0,4.0,12.600000000000023,25.0,43.0,85.80000000000018,334.0
2021-05-08,2339,15082,12743,36.93929029499786,0.0,4.0,12.0,23.0,42.0,86.0,399.0
2021-05-07,2255,17903,15648,38.34767184035477,0.0,4.0,12.0,25.0,45.0,88.0,505.0
2021-05-06,2304,17450,15146,37.48133680555556,0.0,4.0,13.0,24.0,42.0,84.0,390.0
2021-05-05,2292,19216,16924,37.69022687609075,0.0,4.0,12.0,25.0,44.0,87.0,489.0
2021-05-04,2303,19455,17152,37.53191489361702,0.0,4.0,12.0,23.0,42.0,91.0,352.0
2021-05-03,2289,17273,14984,37.72258628221931,0.0,4.0,12.0,24.0,41.0,89.0,500.0
2021-05-02,2247,14498,12251,38.46550956831331,0.0,4.0,12.0,24.0,44.0,87.40000000000009,474.0
2021-05-01,2283,14565,12282,37.837932544897065,0.0,4.0,13.0,25.0,42.0,85.0,436.0
2021-04-30,2342,16457,14115,36.89197267292912,0.0,4.0,12.0,24.0,42.0,86.0,397.0
2021-04-29,2274,15063,12789,37.99692172383465,0.0,3.3000000000000114,12.0,24.0,42.0,87.70000000000005,735.0
2021-04-28,2309,15076,12767,37.41706366392378,0.0,4.0,13.0,25.0,43.0,85.0,333.0
2021-04-27,2292,14372,12080,37.69895287958115,0.0,3.0,12.0,24.0,43.0,91.0,636.0
2021-04-26,2336,17502,15166,37.0021404109589,0.0,4.0,13.0,25.0,43.0,83.5,340.0
2021-04-25,2319,14190,11871,37.23630875377318,0.0,4.0,13.0,24.0,43.0,84.0,559.0
2021-04-24,2348,14914,12566,36.79258943781942,0.0,4.0,12.0,23.0,42.0,85.0,380.0
2021-04-23,2290,18724,16434,37.75371179039301,0.0,4.0,13.0,23.0,42.299999999999955,91.0,390.0
2021-04-22,2288,19062,16774,37.74650349650349,0.0,4.0,12.0,24.0,43.0,89.0,378.0
2021-04-21,2290,16458,14168,37.72838427947598,0.0,4.0,13.0,23.0,42.0,89.0,496.0
2021-04-20,2328,16675,14347,37.149484536082475,0.0,3.0,12.0,24.0,43.0,88.0,327.0
2021-04-19,2324,16023,13699,37.18330464716007,0.0,4.0,12.0,23.5,42.0,87.0,350.0
2021-04-18,2243,15443,13200,38.48238965670976,0.0,4.0,12.0,25.0,43.399999999999864,90.0,484.0
2021-04-17,2303,15013,12710,37.5293095961789,0.0,4.0,13.0,25.0,43.399999999999864,86.0,315.0
2021-04-16,2282,17277,14995,37.83260297984224,0.0,4.0,13.0,24.0,43.0,87.0,489.0
2021-04-15,2293,14686,12393,37.69908416921064,0.0,4.0,12.0,24.0,43.0,86.0,433.0
2021-04-14,2309,16471,14162,37.456041576440015,0.0,4.0,12.0,24.0,43.0,86.0,561.0
2021-04-13,2330,15283,12953,37.03519313304721,0.0,4.0,13.0,25.0,42.0,85.0,427.0
2021-04-12,2316,14596,12280,37.30958549222798,0.0,4.0,12.0,25.0,42.0,86.0,358.0
2021-04-11,2323,14560,12237,37.20146362462333,0.0,4.0,13.0,25.0,44.0,88.0,429.0
2021-04-10,2293,16125,13832,37.66419537723506,0.0,4.0,12.0,23.0,43.0,89.80000000000018,374.0
2021-04-09,2313,14178,11865,37.392563769995675,0.0,4.0,13.0,25.0,44.0,87.0,370.0
2021-04-08,2262,14061,11799,38.15119363395225,0.0,4.0,13.0,24.0,43.0,89.90000000000009,430.0
2021-04-07,2281,14784,12503,37.887768522577815,0.0,4.0,12.0,24.0,43.0,89.0,403.0
2021-04-06,2345,16438,14093,36.84307036247335,0.0,4.0,12.0,24.0,44.0,85.0,304.0
2021-04-05,2029,10737,8708,48.46229669788073,0.0,4.0,12.0,24.0,41.59999999999991,90.0,15280.0
2021-04-04,2049,11687,9638,36.349926793557835,0.0,4.0,12.0,24.0,43.0,84.20000000000005,339.0
2021-04-03,2290,12713,10423,37.7414847161572,0.0,4.0,12.0,24.0,43.0,88.0,455.0
2021-04-02,2369,13958,11589,36.45420008442381,0.0,4.0,12.0,23.0,42.0,88.0,454.0
2021-04-01,2360,14597,12237,36.615254237288134,0.0,4.0,13.0,23.5,43.0,87.0,419.0
2021-03-31,2273,14756,12483,38.04531456225253,0.0,4.0,12.0,24.0,44.0,88.0,740.0
2021-03-30,2327,15951,13624,37.1022776106575,0.0,4.0,13.0,24.0,43.0,86.0,309.0
2021-03-29,2339,15624,13285,36.923471569046605,0.0,4.0,12.0,24.0,42.0,88.0,388.0
2021-03-28,2364,14020,11656,36.574027072758035,0.0,3.0,12.0,25.0,44.0,85.0,452.0
2021-03-27,2224,12577,10353,38.843525179856115,0.0,4.0,12.0,24.0,42.0,91.70000000000005,764.0
2021-03-26,2397,11675,9278,36.120150187734666,0.0,3.0,12.0,23.0,42.0,84.0,329.0
2021-03-25,2311,13667,11356,37.29640848117698,0.0,4.0,13.0,24.0,43.0,86.0,371.0
2021-03-24,2277,14373,12096,37.94027228809838,0.0,4.0,12.799999999999955,24.0,43.0,88.40000000000009,512.0
2021-03-23,2300,15271,12971,37.56913043478261,0.0,3.0,12.0,24.5,44.0,85.0,506.0
2021-03-22,2367,15988,13621,36.501056189269114,0.0,4.0,12.0,24.0,43.0,83.0,375.0
2021-03-21,2261,14574,12313,38.207872622733305,0.0,4.0,12.0,24.0,44.0,87.0,634.0
2021-03-20,2384,15165,12781,36.23573825503356,0.0,4.0,13.0,24.0,42.0,84.0,320.0
2021-03-19,2216,15002,12786,39.000451263537904,0.0,3.0,12.0,24.0,44.0,87.0,555.0
2021-03-18,2338,15700,13362,36.946963216424294,0.0,4.0,11.0,23.0,43.0,91.0,343.0
2021-03-17,2296,19848,17552,37.6345818815331,0.0,4.0,12.0,23.0,41.0,85.5,813.0
2021-03-16,2311,14628,12317,37.38511466897447,0.0,4.0,12.0,24.0,43.0,88.0,404.0
2021-03-15,2292,15725,13433,37.69851657940663,0.0,4.0,13.0,25.0,44.0,86.0,331.0
2021-03-14,2251,15224,12973,38.380275433140824,0.0,4.0,13.0,24.0,42.0,89.0,476.0
2021-03-13,2291,15829,13538,37.709297250109124,0.0,4.0,12.0,24.0,42.0,88.0,383.0
2021-03-12,2304,14235,11931,37.521267361111114,0.0,4.0,12.0,23.0,44.0,89.0,375.0
2021-03-11,2290,13410,11120,37.71528384279476,0.0,3.0,12.0,23.0,43.0,90.09999999999991,521.0
2021-03-10,2252,15867,13615,38.36589698046181,0.0,4.0,12.0,24.0,43.0,91.0,509.0
2021-03-09,2330,15362,13032,37.08197424892704,0.0,4.0,13.0,25.0,43.0,87.0,340.0
2021-03-08,2327,14339,12012,37.16802750322304,0.0,4.0,13.0,24.0,42.0,85.0,433.0
2021-03-07,2332,13201,10869,37.00343053173242,0.0,4.0,13.0,25.0,43.0,87.0,883.0
2021-03-06,2322,14963,12641,37.24246339362618,0.0,4.0,13.0,24.0,42.0,84.0,430.0
2021-03-05,2298,17419,15121,37.58093994778068,0.0,4.0,12.0,24.0,43.0,90.0,516.0
2021-03-04,2183,15439,13256,39.58726523133303,0.0,4.0,13.0,24.0,43.0,86.0,3470.0
2021-03-03,2301,15870,13569,37.52281616688396,0.0,4.0,12.0,24.0,43.0,88.0,321.0
2021-03-02,2328,13691,11363,37.141752577319586,0.0,4.0,12.0,24.0,43.0,87.0,370.0
2021-03-01,2285,13582,11297,37.78687089715536,0.0,4.0,12.0,25.0,43.0,89.59999999999991,435.0
2021-02-28,2280,15235,12955,37.90307017543859,0.0,3.0,12.0,24.0,41.299999999999955,88.09999999999991,474.0
2021-02-27,2251,13134,10883,38.38738338516215,0.0,4.0,12.0,24.0,42.0,87.0,574.0
2021-02-26,2302,13766,11464,37.52823631624674,0.0,4.0,12.0,24.0,44.0,87.0,500.0
2021-02-25,2332,14912,12580,37.058747855917666,0.0,4.0,12.0,24.0,42.0,85.0,577.0
2021-02-24,2246,13289,11043,38.45057880676759,0.0,4.0,12.0,25.0,43.0,87.0,623.0
2021-02-23,2352,15608,13256,36.755102040816325,0.0,4.0,13.0,25.0,44.0,86.0,331.0
2021-02-22,2288,14866,12578,37.82124125874126,0.0,4.0,12.0,24.0,42.0,89.0,514.0
2021-02-21,2291,13744,11453,37.63203841117416,0.0,4.0,13.0,26.0,43.0,84.0,432.0
2021-02-20,2314,15508,13194,37.33448573898012,0.0,4.0,13.0,25.0,44.0,86.0,453.0
2021-02-19,2225,13975,11750,38.83460674157303,0.0,4.0,12.0,24.0,45.0,92.0,448.0
2021-02-18,2314,14272,11958,37.35350043215212,0.0,4.0,12.0,25.0,43.0,87.0,426.0
2021-02-17,2274,15120,12846,37.99516270888302,0.0,4.0,12.0,24.0,44.0,92.0,367.0
2021-02-16,2317,15030,12713,37.35735865343116,0.0,4.0,13.0,23.0,43.0,87.40000000000009,429.0
2021-02-15,2153,14829,12676,40.09660938225731,0.0,4.0,13.0,24.0,43.0,83.0,6255.0
2021-02-14,2339,14849,12510,36.88584865327063,0.0,4.0,12.0,24.0,42.0,86.0,355.0
2021-02-13,2345,14454,12109,36.84520255863539,0.0,4.0,12.0,24.0,43.0,85.0,363.0
2021-02-12,2352,15152,12800,36.732142857142854,0.0,4.0,12.0,23.0,41.0,87.0,502.0
2021-02-11,2275,15600,13325,38.0378021978022,0.0,4.0,12.0,24.0,43.0,90.0,378.0
2021-02-10,2326,16811,14485,37.08684436801376,0.0,4.0,13.0,24.0,41.0,84.5,480.0
2021-02-09,2354,18158,15804,36.70858113848768,0.0,4.0,12.0,24.0,41.0,85.0,447.0
2021-02-08,2328,17056,14728,37.113831615120276,0.0,4.0,13.0,24.0,42.0,86.0,367.0
2021-02-07,2284,16443,14159,37.83056042031524,0.0,4.0,12.0,24.0,44.0,89.0,424.0
2021-02-06,2296,16182,13886,37.625871080139376,0.0,4.0,12.0,23.0,42.5,87.5,477.0
2021-02-05,2166,12952,10786,39.89473684210526,0.0,4.0,12.0,25.0,42.5,93.5,476.0
2021-02-04,2319,16480,14161,37.2501078050884,0.0,4.0,13.0,23.0,43.0,89.0,351.0
2021-02-03,2323,16486,14163,37.225570383125266,0.0,4.0,12.0,24.0,42.0,85.0,428.0
2021-02-02,2298,19018,16720,37.644473455178414,0.0,4.0,12.0,25.0,44.0,87.0,428.0
2021-02-01,2344,18872,16528,36.78711604095563,0.0,3.0,11.0,23.0,42.0,86.0,355.0
2021-01-31,2320,16774,14454,37.234913793103445,0.0,3.0,12.0,25.0,44.0,89.0,278.0
2021-01-30,2309,16629,14320,37.432654828930275,0.0,4.0,13.0,25.0,44.0,85.0,597.0
2021-01-29,2276,12981,10705,37.94859402460457,0.0,4.0,12.0,24.0,43.0,86.0,509.0
2021-01-28,2288,12248,9960,37.76267482517483,0.0,3.0,12.0,24.0,43.0,85.0,678.0
2021-01-27,2321,13024,10703,37.229211546747095,0.0,4.0,12.0,25.0,43.0,85.0,434.0
2021-01-26,2238,12410,10172,38.61170688114388,0.0,4.0,12.0,24.0,43.0,88.0,486.0
2021-01-25,2306,12813,10507,37.467476149176065,0.0,4.0,13.0,24.0,42.0,88.0,544.0
2021-01-24,2280,13739,11459,37.89035087719298,0.0,4.0,13.0,24.0,42.0,87.09999999999991,603.0
2021-01-23,2352,10524,8172,36.73001700680272,0.0,4.0,12.0,23.0,42.0,84.90000000000009,432.0
2021-01-22,2334,14058,11724,37.036846615252784,0.0,4.0,13.0,25.0,43.0,87.0,374.0
2021-01-21,2274,16099,13825,37.980211081794195,0.0,4.0,12.0,24.0,44.0,92.0,411.0
2021-01-20,2283,15898,13615,37.84187472623741,0.0,5.0,13.0,24.0,42.0,89.0,709.0
2021-01-19,2249,16218,13969,38.41485104490885,0.0,4.0,13.0,25.0,44.0,89.0,483.0
2021-01-18,2357,15867,13510,36.65676707679253,0.0,4.0,13.0,24.0,43.0,85.0,392.0
2021-01-17,2367,15187,12820,36.51330798479088,0.0,4.0,12.0,24.0,42.0,83.40000000000009,570.0
2021-01-16,2339,16250,13911,36.96579734929457,0.0,4.0,13.0,24.0,42.0,85.0,440.0
2021-01-15,2279,15642,13363,37.87713909609478,0.0,4.0,12.0,24.0,44.0,86.40000000000055,493.0
2021-01-14,2337,15969,13632,36.96619597774925,0.0,4.0,12.0,24.0,43.0,84.0,377.0
2021-01-13,2331,18040,15709,37.0995280995281,0.0,4.0,12.0,23.0,43.0,90.0,386.0
2021-01-12,2324,17224,14900,37.14414802065404,0.0,4.0,11.0,24.0,42.0,86.70000000000027,480.0
2021-01-11,2261,15948,13687,38.22733303847855,0.0,4.0,13.0,24.0,43.0,87.0,458.0
2021-01-10,2311,13832,11521,37.37905668541757,0.0,3.0,12.0,24.0,43.0,86.0,466.0
2021-01-09,2291,16168,13877,37.73548668703623,0.0,4.0,12.0,24.0,42.0,89.0,639.0
2021-01-08,2276,14136,11860,37.950351493848856,0.0,4.0,12.0,24.0,43.0,88.0,571.0
2021-01-07,2309,13102,10793,37.41879601559116,0.0,4.0,13.0,25.0,44.0,87.20000000000027,379.0
2021-01-06,2335,14501,12166,36.98543897216274,0.0,4.0,12.0,23.0,43.0,88.0,455.0
2021-01-05,2291,14059,11768,37.71278917503274,0.0,4.0,12.0,24.0,43.0,86.0,454.0
2021-01-04,2343,14926,12583,36.871959026888604,0.0,4.0,12.0,25.0,42.0,85.0,303.0
2021-01-03,2318,13957,11639,37.27480586712684,0.0,4.0,13.0,25.0,43.0,87.0,404.0
2021-01-02,2350,14339,11989,36.76425531914894,0.0,4.0,12.0,24.0,44.0,85.0,336.0
2021-01-01,2262,11769,9507,38.232979664014145,0.0,3.0,11.0,23.0,44.0,92.0,447.0
2020-12-31,2253,11313,9060,38.315579227696404,0.0,4.0,12.0,24.0,44.0,89.0,358.0
2020-12-30,2300,15323,13023,37.57739130434783,0.0,4.0,12.0,24.0,42.0,89.0,524.0
2020-12-29,2249,15163,12914,38.40329035126723,0.0,4.0,13.0,25.0,44.0,88.0,456.0
2020-12-28,2344,14704,12360,36.858361774744026,0.0,4.0,12.0,24.0,43.0,84.70000000000027,492.0
2020-12-27,2322,17083,14761,37.21059431524548,0.0,4.0,12.0,24.0,43.0,89.0,404.0
2020-12-26,2311,15550,13239,37.40675032453483,0.0,3.0,13.0,24.0,44.0,84.0,377.0
2020-12-25,2225,13837,11612,38.808539325842695,0.0,4.0,12.0,24.0,42.0,92.0,481.0
2020-12-24,2335,11502,9167,37.00642398286938,0.0,4.0,12.0,24.0,43.0,90.0,323.0
2020-12-23,2254,13641,11387,38.33629103815439,0.0,4.0,12.0,24.0,44.0,84.70000000000005,603.0
2020-12-22,2267,14362,12095,38.12218791354213,0.0,3.6000000000000227,12.0,24.0,44.0,86.0,452.0
2020-12-21,2299,14645,12346,37.57546759460635,0.0,4.0,13.0,24.0,43.0,84.0,748.0
2020-12-20,2338,11845,9507,36.941830624465354,0.0,4.0,12.0,24.0,43.0,86.0,329.0
2020-12-19,2273,11572,9299,38.04223493180818,0.0,3.200000000000017,12.600000000000023,24.0,43.0,88.0,525.0
2020-12-18,2344,11848,9504,36.842576791808874,0.0,4.0,12.0,24.0,43.0,84.0,490.0
2020-12-17,2302,13291,10989,37.52085143353606,0.0,4.0,12.0,24.0,43.0,89.0,442.0
2020-12-16,2364,12652,10288,36.57910321489002,0.0,4.0,12.899999999999977,24.0,42.0,84.0,514.0
2020-12-15,2316,9592,7276,37.30656303972366,0.0,3.0,12.0,24.0,42.0,89.0,363.0
2020-12-14,2297,7799,5502,37.59294732259469,0.0,4.0,12.0,24.0,43.0,89.0,422.0
2020-12-13,2305,6411,4106,37.50629067245119,0.0,4.0,12.0,23.0,43.0,92.0,468.0
2020-12-12,2304,6233,3929,37.50868055555556,0.0,4.0,12.0,23.0,42.0,87.0,425.0
2020-12-11,2246,6327,4081,38.42520035618878,0.0,3.0,12.0,25.0,44.0,85.0,485.0
2020-12-10,1915,6407,4492,45.186422976501305,0.0,3.0,11.0,24.0,43.0,94.0,6582.0
2020-12-09,2038,7246,5208,42.419038272816486,0.0,4.0,12.0,24.0,45.0,89.0,9363.0
2020-12-08,2314,4261,1947,37.26145203111495,0.0,4.0,12.0,24.0,44.0,84.70000000000027,474.0
2020-12-07,2277,3728,1451,37.954765041721565,0.0,3.0,12.0,24.0,42.0,89.0,381.0
2020-12-06,2369,3560,1191,36.50021105951878,0.0,4.0,12.0,23.0,42.59999999999991,86.0,417.0
2020-12-05,2317,3510,1193,37.25248165731549,0.0,3.0,12.0,25.0,44.0,85.40000000000009,332.0
2020-12-04,2266,3871,1605,38.14695498676081,0.0,4.0,12.0,24.0,43.0,89.0,433.0
2020-12-03,2273,3884,1611,37.98988121425429,0.0,4.0,12.0,24.0,42.0,88.79999999999995,390.0
2020-12-02,2316,3501,1185,37.31649395509499,0.0,4.0,13.0,24.0,43.0,88.0,593.0
2020-12-01,2373,3995,1622,36.422250316055624,0.0,4.0,12.0,24.0,41.399999999999864,83.0,368.0
2020-11-30,2244,3552,1308,38.53921568627451,0.0,4.0,12.0,23.0,42.0,92.0,519.0
2020-11-29,2240,2370,130,38.51741071428572,0.0,3.0,12.0,25.0,44.0,90.0,434.0
2020-11-28,2330,2397,67,37.075965665236055,0.0,4.0,12.0,23.0,43.0,88.0,445.0
2020-11-27,2274,2359,85,38.005716798592786,0.0,4.0,12.0,23.0,43.09999999999991,90.0,457.0
2020-11-26,2354,2465,111,36.717926932880204,0.0,4.0,12.0,24.0,42.0,86.0,337.0
2020-11-25,2319,2414,95,37.228115567054765,0.0,3.0,12.0,24.0,41.0,83.0,444.0
2020-11-24,2330,2432,102,37.08884120171674,0.0,3.0,12.0,24.0,41.0,85.0,452.0
2020-11-23,2291,2383,92,37.7158446093409,0.0,3.0,12.0,24.0,43.0,87.0,389.0
2020-11-22,2320,2403,83,37.233620689655176,0.0,4.0,12.0,23.5,43.0,86.0,347.0
2020-11-21,2328,2405,77,37.21778350515464,0.0,3.700000000000017,12.100000000000023,24.0,42.0,86.30000000000018,446.0
2020-11-20,2253,2342,89,38.23834886817576,0.0,3.0,12.0,24.0,42.0,88.79999999999995,474.0
2020-11-19,2340,2456,116,36.92350427350427,0.0,4.0,12.0,24.0,42.0,85.09999999999991,364.0
2020-11-18,2282,2383,101,37.86546888694128,0.0,4.0,12.0,23.0,44.0,86.0,490.0
2020-11-17,2344,2432,88,36.875,0.0,3.0,12.0,25.0,44.0,82.0,436.0
2020-11-16,2321,2399,78,37.22188711762171,0.0,4.0,12.0,25.0,45.0,85.0,397.0
2020-11-15,2307,2390,83,37.447767663632426,0.0,4.0,12.0,25.0,43.0,86.40000000000009,548.0
2020-11-14,2327,2403,76,37.140524280189084,0.0,3.0,12.0,24.0,42.0,88.0,389.0
2020-11-13,2278,2380,102,37.90605794556629,0.0,3.0,12.0,25.0,44.0,85.0,413.0
2020-11-12,2299,2381,82,37.58721183123097,0.0,4.0,13.0,25.0,42.0,87.0,525.0
2020-11-11,2279,2369,90,37.906976744186046,0.0,4.0,13.0,25.0,43.0,89.0,510.0
2020-11-10,2315,2430,115,37.32095032397408,0.0,4.0,12.0,24.0,44.0,87.0,450.0
2020-11-09,2262,2352,90,38.19893899204244,0.0,3.0,12.0,23.0,43.0,91.0,405.0
2020-11-08,2328,2454,126,37.11082474226804,0.0,4.0,12.0,24.0,44.0,86.0,342.0
2020-11-07,2305,2440,135,37.51887201735358,0.0,4.0,12.0,24.0,44.0,87.59999999999991,408.0
2020-11-06,2298,2482,184,37.56179286335944,0.0,4.0,12.0,24.0,43.0,85.0,539.0
2020-11-05,2280,2406,126,37.974122807017544,0.0,4.0,12.0,24.0,43.0,92.0,411.0
2020-11-04,2369,2455,86,36.40481215702828,0.0,4.0,12.0,24.0,42.0,85.20000000000027,338.0
2020-11-03,2213,2279,66,39.16493447808405,0.0,3.0,12.0,23.0,42.0,94.0,439.0
2020-11-02,2307,2377,70,37.39921976592978,0.0,3.0,12.0,24.0,43.0,87.40000000000009,385.0
2020-11-01,2326,2405,79,37.072226999140156,0.0,3.0,12.0,24.0,43.0,87.5,463.0
2020-10-31,2292,2363,71,37.72207678883071,0.0,4.0,13.0,25.0,43.0,83.0,658.0
2020-10-30,2224,2272,48,38.835431654676256,0.0,4.0,13.0,24.0,43.0,91.0,608.0
2020-10-29,2303,2366,63,37.50586191923578,0.0,3.0,12.0,24.0,43.0,88.0,346.0
2020-10-28,2334,2394,60,37.01542416452442,0.0,4.0,11.899999999999977,24.0,43.0,87.70000000000027,402.0
2020-10-27,2311,2378,67,37.398528775421894,0.0,3.0,12.0,25.0,44.0,87.0,522.0
2020-10-26,2307,2374,67,37.4495015171218,0.0,4.0,12.0,24.0,43.0,88.0,371.0
2020-10-25,2394,2452,58,36.078111946533,0.0,3.0,13.0,24.0,43.0,83.0,439.0
2020-10-24,2318,2371,53,37.27911993097498,0.0,3.0,13.0,24.0,42.0,85.30000000000018,381.0
2020-10-23,2287,2354,67,37.78049846961084,0.0,4.0,12.0,24.0,43.0,90.0,441.0
2020-10-22,2251,2314,63,38.37760995113283,0.0,4.0,12.0,23.0,43.0,89.0,497.0
2020-10-21,2381,2451,70,36.30617387652247,0.0,4.0,12.0,24.0,43.0,80.0,407.0
2020-10-20,2412,2470,58,35.85820895522388,0.0,4.0,12.0,24.0,43.0,86.0,357.0
2020-10-19,2302,2357,55,37.48479582971329,0.0,4.0,12.0,24.0,44.0,88.0,349.0
2020-10-18,2358,2409,51,36.634435962680236,0.0,3.0,12.0,24.0,43.0,87.0,390.0
2020-10-17,2268,2353,85,38.09303350970018,0.0,4.0,12.0,24.0,43.0,88.0,496.0
2020-10-16,2335,2439,104,37.124625267665955,0.0,3.0,12.0,24.0,43.0,88.0,409.0
2020-10-15,2339,2405,66,36.820436083796494,0.0,4.0,12.0,24.0,43.0,88.0,381.0
2020-10-14,2379,2447,68,36.330390920554855,0.0,4.0,12.0,23.0,41.0,84.0,436.0
2020-10-13,2264,2320,56,38.14620141342756,0.0,4.0,13.0,24.0,43.0,89.0,362.0
2020-10-12,2364,2437,73,36.544839255499156,0.0,4.0,12.0,24.0,42.09999999999991,84.0,398.0
2020-10-11,2314,2366,52,37.34874675885912,0.0,4.0,12.0,25.0,44.0,86.0,504.0
2020-10-10,2302,2359,57,37.52302345786273,0.0,4.0,13.0,24.0,42.0,87.90000000000009,349.0
2020-10-09,2315,2382,67,37.39913606911447,0.0,3.4000000000000057,12.0,24.0,42.0,88.0,410.0
2020-10-08,2332,2405,73,36.99013722126929,0.0,4.0,12.0,24.0,43.0,88.0,360.0
2020-10-07,2257,2320,63,38.25875055383252,0.0,4.0,12.0,25.0,43.0,85.0,676.0
2020-10-06,2293,2346,53,37.68033144352377,0.0,4.0,12.600000000000023,24.0,42.399999999999864,89.80000000000018,370.0
2020-10-05,2286,2345,59,37.79615048118985,0.0,4.0,12.0,24.0,44.0,91.0,489.0
2020-10-04,2285,2330,45,37.822757111597376,0.0,4.0,13.0,24.0,42.0,87.59999999999991,584.0
2020-10-03,2314,2365,51,37.329732065687125,0.0,4.0,12.0,24.0,42.0,89.0,355.0
2020-10-02,2275,2335,60,37.99032967032967,0.0,4.0,12.0,23.0,42.0,89.0,541.0
2020-10-01,2378,2453,75,36.33936080740118,0.0,4.0,13.0,25.0,42.0,84.0,378.0
2020-09-30,2324,2394,70,37.167814113597245,0.0,4.0,12.0,25.0,42.0,83.70000000000027,339.0
2020-09-29,2373,2442,69,36.46101980615255,0.0,4.0,12.0,25.0,42.0,83.0,392.0
2020-09-28,2352,2404,52,36.70960884353742,0.0,3.0,12.0,25.0,43.0,87.0,312.0
2020-09-27,2236,2294,58,38.60062611806798,0.0,3.0,12.0,25.0,45.0,91.0,323.0
2020-09-26,2333,2393,60,37.03943420488641,0.0,4.0,12.0,24.0,43.0,88.80000000000018,320.0
2020-09-25,2318,2378,60,37.29033649698015,0.0,3.0,12.0,24.0,42.0,89.0,320.0
2020-09-24,2283,2363,80,37.840560665790626,0.0,4.0,12.0,24.0,43.0,89.0,511.0
2020-09-23,2300,2374,74,37.565652173913044,0.0,4.0,12.0,25.0,43.299999999999955,86.09999999999991,322.0
2020-09-22,2251,2328,77,38.374944469124834,0.0,4.0,13.0,25.0,44.0,88.0,698.0
2020-09-21,2345,2412,67,36.86140724946695,0.0,3.0,11.0,24.0,42.0,85.59999999999991,392.0
2020-09-20,2339,2387,48,36.91406584010261,0.0,4.0,12.0,23.0,43.0,85.20000000000027,508.0
2020-09-19,2381,2427,46,36.30197396052079,0.0,4.0,13.0,25.0,43.0,82.0,459.0
2020-09-18,2335,2399,64,36.992291220556744,0.0,4.0,12.0,24.0,44.0,87.0,396.0
2020-09-17,2318,2376,58,37.27566867989646,0.0,4.0,12.100000000000023,24.0,44.0,87.0,484.0
2020-09-16,2283,2349,66,37.8353044240035,0.0,4.0,12.0,23.0,42.399999999999864,88.80000000000018,513.0
2020-09-15,2253,2312,59,38.35552596537949,0.0,4.0,12.0,24.0,43.0,89.0,598.0
2020-09-14,2268,2346,78,38.10229276895944,0.0,4.0,12.0,24.0,44.0,89.0,295.0
2020-09-13,2280,2343,63,37.9,0.0,4.0,12.0,23.5,43.0,89.0,567.0
2020-09-12,2356,2425,69,36.70415959252971,0.0,4.0,12.0,24.0,43.0,85.0,517.0
2020-09-11,2307,3826,1519,37.40008669267447,0.0,4.0,12.0,24.0,44.0,86.40000000000009,435.0
2020-09-10,2322,2419,97,37.21403962101637,0.0,4.0,12.0,23.0,42.69999999999982,89.0,344.0
2020-09-09,2280,2328,48,37.973245614035086,0.0,4.0,13.0,25.0,43.299999999999955,85.0,483.0
2020-09-08,2287,2350,63,37.72146917358985,0.0,4.0,12.0,25.0,43.0,85.0,369.0
2020-09-07,2315,2377,62,37.31533477321814,0.0,4.0,12.0,25.0,43.0,86.59999999999991,485.0
2020-09-06,2300,2346,46,37.57608695652174,0.0,4.0,12.0,24.0,43.299999999999955,86.0,351.0
2020-09-05,2293,2361,68,37.714348015699954,0.0,4.0,12.0,24.0,41.0,88.80000000000018,442.0
2020-09-04,2263,2327,64,38.127264692885554,0.0,3.0,12.0,24.0,43.0,89.79999999999995,451.0
2020-09-03,2337,2381,44,36.9721865639709,0.0,3.0,12.0,24.0,42.0,88.0,411.0
2020-09-02,2301,2358,57,37.56888309430682,0.0,4.0,12.0,25.0,43.0,89.0,356.0
2020-09-01,2255,2306,51,38.27671840354767,0.0,4.0,12.0,24.0,44.0,89.0,519.0
2020-08-31,2290,2348,58,37.7296943231441,0.0,4.0,13.0,24.5,43.0,89.0,449.0
2020-08-30,2280,2330,50,37.9359649122807,0.0,3.0,11.699999999999932,24.0,43.0,90.09999999999991,315.0
2020-08-29,2285,2332,47,37.776367614879646,0.0,4.0,12.0,24.0,44.0,91.0,519.0
2020-08-28,2317,2369,52,37.287872248597324,0.0,3.0,12.0,23.0,42.0,87.0,558.0
2020-08-27,2385,2433,48,36.24654088050315,0.0,4.0,13.0,24.0,43.0,81.59999999999991,358.0
2020-08-26,2308,2362,54,37.41334488734835,0.0,4.0,12.0,24.0,42.0,86.0,625.0
2020-08-25,2317,2366,49,37.29952524816573,0.0,4.0,13.0,24.0,43.0,86.0,509.0
2020-08-24,2280,2337,57,37.88421052631579,0.0,4.0,12.0,24.0,43.0,90.0,396.0
2020-08-23,2272,2322,50,38.02992957746479,0.0,3.0,11.299999999999955,23.0,43.0,88.0,495.0
2020-08-22,2383,2444,61,36.259756609315986,0.0,3.0,13.0,25.0,43.0,85.0,379.0
2020-08-21,2302,2372,70,37.52823631624674,0.0,4.0,12.0,24.0,42.0,86.0,520.0
2020-08-20,2313,2373,60,37.3558149589278,0.0,4.0,12.0,24.0,43.0,85.0,363.0
2020-08-19,2307,2372,65,37.4495015171218,0.0,4.0,12.0,24.0,44.0,86.0,527.0
2020-08-18,2258,2323,65,38.326395039858284,0.0,3.0,12.0,24.0,43.0,90.0,436.0
2020-08-17,2257,2310,53,38.22020381036774,0.0,4.0,12.799999999999955,24.0,42.0,85.40000000000009,780.0
2020-08-16,2344,2386,42,36.86732081911263,0.0,3.0,12.0,24.0,42.0,87.0,457.0
2020-08-15,2335,2389,54,37.08779443254818,0.0,4.0,12.0,23.0,41.0,86.0,350.0
2020-08-14,2232,2291,59,38.60797491039426,0.0,4.0,12.0,24.0,42.69999999999982,93.90000000000009,294.0
2020-08-13,2373,2427,54,36.40876527602191,0.0,4.0,12.0,24.0,42.0,83.0,331.0
2020-08-12,2305,2357,52,37.48459869848156,0.0,4.0,12.0,24.0,41.0,90.0,468.0
2020-08-11,2315,2361,46,37.33261339092873,0.0,3.0,11.0,23.0,43.0,85.0,487.0
2020-08-10,2325,2373,48,37.1552688172043,0.0,3.0,12.0,23.0,43.0,85.0,353.0
2020-08-09,2368,2419,51,36.5164695945946,0.0,4.0,12.0,24.0,41.0,87.0,389.0
2020-08-08,2328,2379,51,37.108247422680414,0.0,3.0,11.100000000000023,23.0,43.0,87.0,364.0
2020-08-07,2304,2511,207,37.474392361111114,0.0,4.0,12.0,23.0,44.0,88.70000000000027,429.0
2020-08-06,2258,2517,259,38.28609388839681,0.0,4.0,12.0,24.0,43.0,91.0,558.0
2020-08-05,2250,2304,54,38.40266666666667,0.0,3.0,12.0,24.0,43.0,90.0,427.0
2020-08-04,2232,2243,11,38.71057347670251,0.0,4.0,13.0,25.5,45.0,88.0,614.0
2020-08-03,2322,2344,22,37.2093023255814,0.0,3.0,12.0,24.0,43.0,90.0,426.0
2020-08-02,2340,2345,5,36.89358974358974,0.0,3.0,12.0,24.0,42.0,87.0,383.0
2020-08-01,2353,2366,13,36.72460688482788,0.0,4.0,13.0,24.0,42.0,83.0,418.0
2020-07-31,2287,2302,15,37.818976825535636,0.0,4.0,12.799999999999955,24.0,43.0,90.0,380.0
2020-07-30,2306,2314,8,37.45229835212489,0.0,3.0,12.0,24.0,43.0,86.0,440.0
2020-07-29,2307,2316,9,37.42999566536628,0.0,4.0,13.0,25.0,45.0,85.0,423.0
2020-07-28,2286,2300,14,37.79527559055118,0.0,3.0,13.0,25.0,44.0,87.5,324.0
2020-07-27,2346,2364,18,36.829070758738276,0.0,4.0,12.0,24.0,43.0,85.0,518.0
2020-07-26,2294,2306,12,37.65954664341761,0.0,4.0,12.0,24.0,43.0,87.0,370.0
2020-07-25,2329,2342,13,37.107771575783595,0.0,4.0,12.0,24.0,42.0,85.0,534.0
2020-07-24,2347,2369,22,36.8082658713251,0.0,4.0,12.0,24.0,43.0,86.0,324.0
2020-07-23,2339,2348,9,36.92731936725096,0.0,4.0,12.0,24.0,44.0,85.0,341.0
2020-07-22,2312,2324,12,37.3992214532872,0.0,4.0,12.0,23.0,43.0,90.0,457.0
2020-07-21,2317,2326,9,37.261976694000865,0.0,3.0,12.0,24.0,42.0,88.0,532.0
2020-07-20,2357,2381,24,36.65803988120492,0.0,4.0,12.0,24.0,44.0,82.0,397.0
2020-07-19,2323,2328,5,37.21136461472234,0.0,4.0,12.0,24.0,43.0,86.80000000000018,572.0
2020-07-18,2423,2443,20,35.64960792406108,0.0,4.0,12.0,24.0,42.0,85.0,421.0
2020-07-17,2257,2276,19,38.26982720425343,0.0,4.0,12.0,24.0,43.0,93.0,640.0
2020-07-16,2303,2317,14,37.516717325227965,0.0,3.0,12.0,23.0,43.0,87.0,383.0
2020-07-15,2310,2316,6,37.40735930735931,0.0,4.0,12.0,24.0,43.0,88.0,366.0
2020-07-14,2310,2312,2,37.403030303030306,0.0,4.0,13.0,25.0,42.0,87.0,673.0
2020-07-13,2275,2280,5,37.97538461538461,0.0,3.0,11.0,24.0,43.0,91.0,500.0
2020-07-12,2284,2291,7,37.83800350262697,0.0,3.0,12.0,24.0,43.0,89.0,366.0
2020-07-11,2312,2315,3,37.3659169550173,0.0,3.1000000000000227,12.0,24.0,43.0,87.0,447.0
2020-07-10,2265,2271,6,38.1673289183223,0.0,4.0,12.0,24.0,44.0,88.0,427.0
2020-07-09,2368,2373,5,36.472972972972975,0.0,4.0,12.0,24.0,42.0,82.0,536.0
2020-07-08,2305,2309,4,37.471583514099784,0.0,4.0,12.0,25.0,43.0,86.0,367.0
2020-07-07,2281,2286,5,37.898728627794824,0.0,4.0,12.0,23.0,43.0,88.0,437.0
2020-07-06,2328,2340,12,37.13831615120275,0.0,4.0,13.0,24.0,42.0,86.0,350.0
2020-07-05,2316,2321,5,37.280656303972364,0.0,4.0,12.0,24.0,43.0,86.5,463.0
2020-07-04,2267,2273,6,38.09131010145567,0.0,3.0,12.0,25.0,45.0,87.40000000000009,690.0
2020-07-03,2281,2289,8,37.897851819377465,0.0,4.0,12.0,23.0,42.0,89.0,370.0
2020-07-02,2364,2373,9,36.543570219966156,0.0,4.0,12.0,24.0,42.0,85.0,320.0
2020-07-01,2363,2373,10,36.55480321625053,0.0,4.0,12.0,24.0,42.0,84.0,397.0
2020-06-30,2296,2303,7,37.624128919860624,0.0,4.0,12.0,24.0,43.0,88.0,436.0
2020-06-29,2339,2349,10,36.93800769559641,0.0,4.0,13.0,24.0,42.0,84.0,390.0
2020-06-28,2083,2090,7,41.48247719635142,0.0,4.0,12.0,24.0,43.0,86.0,5016.0
2020-06-27,2326,2329,3,37.16079105760963,0.0,4.0,12.0,23.0,42.0,87.0,459.0
2020-06-26,2278,2288,10,37.910008779631255,0.0,3.0,11.0,24.0,43.899999999999864,88.30000000000018,387.0
2020-06-25,2264,2272,8,38.16210247349823,0.0,3.0,12.0,25.0,44.0,90.0,528.0
2020-06-24,2369,2379,10,36.56479527226678,0.0,4.0,12.0,23.0,42.0,86.0,519.0
2020-06-23,2346,2359,13,36.74083546462063,0.0,3.0,12.0,24.0,41.0,87.0,481.0
2020-06-22,2337,2351,14,36.989730423620024,0.0,4.0,12.0,23.0,43.0,89.0,501.0
2020-06-21,2254,2271,17,38.33362910381544,0.0,4.0,12.0,24.0,44.0,90.0,438.0
2020-06-20,2248,2271,23,38.403914590747334,0.0,3.0,12.0,25.0,44.0,88.0,420.0
2020-06-19,2258,2301,43,38.26173604960142,0.0,4.0,12.0,24.0,43.0,90.0,398.0
2020-06-18,2365,2415,50,36.536575052854126,0.0,4.0,13.0,24.0,42.0,83.0,536.0
2020-06-17,2301,2424,123,37.55410691003912,0.0,4.0,12.0,24.0,42.0,86.0,444.0
2020-06-16,2374,2374,0,36.3955349620893,0.0,3.0,12.0,25.0,43.0,83.70000000000027,335.0
2020-06-15,2310,2310,0,37.43116883116883,0.0,4.0,12.0,24.0,43.0,87.0,511.0
2020-06-14,2347,2347,0,36.81593523647209,0.0,4.0,12.0,23.0,43.0,87.0,641.0
2020-06-13,2359,2359,0,36.58584145824502,0.0,4.0,12.0,23.0,41.0,87.0,335.0
2020-06-12,2263,2264,1,38.2182942996023,0.0,4.0,13.0,24.0,44.0,87.0,875.0
2020-06-11,2299,2300,1,37.56807307525011,0.0,3.0,12.0,24.0,42.59999999999991,88.0,423.0
2020-06-10,2318,2493,175,37.24978429680759,0.0,3.0,12.0,23.0,43.0,84.0,639.0
2020-06-09,2251,2251,0,38.418480675255445,0.0,4.0,12.0,23.0,43.0,90.0,686.0
2020-06-08,2343,2354,11,36.84464361929151,0.0,3.0,12.0,24.0,43.0,85.0,323.0
2020-06-07,2338,2338,0,36.957656116338754,0.0,3.0,12.0,24.0,41.0,89.0,517.0
2020-06-06,2276,2276,0,37.971001757469246,0.0,4.0,13.0,25.0,44.0,85.5,451.0
2020-06-05,2307,2312,5,37.47204161248374,0.0,4.0,12.0,24.0,43.0,86.0,449.0
2020-06-04,2295,2295,0,37.63137254901961,0.0,4.0,13.0,24.0,42.0,87.59999999999991,630.0
2020-06-03,2306,2306,0,37.477450130095406,0.0,4.0,12.0,24.5,43.0,88.0,673.0
2020-06-02,2327,2327,0,37.155565105285774,0.0,4.0,12.0,24.0,42.0,88.0,588.0
2020-06-01,2330,2330,0,37.036051502145924,0.0,4.0,13.0,24.0,42.0,85.09999999999991,523.0
2020-05-31,2290,2290,0,37.734934497816596,0.0,3.0,12.0,24.0,44.0,89.0,552.0
2020-05-30,2287,2287,0,37.766506340183646,0.0,4.0,12.0,24.0,43.0,88.0,372.0
2020-05-29,2301,2301,0,37.55801825293351,0.0,4.0,12.0,24.0,43.0,86.0,417.0
2020-05-28,2257,2257,0,38.32875498449269,0.0,4.0,12.0,24.0,42.0,89.0,486.0
2020-05-27,2372,2372,0,36.37141652613828,0.0,4.0,12.0,24.0,42.0,85.0,300.0
2020-05-26,2346,2346,0,36.82523444160273,0.0,3.0,12.0,24.0,41.0,90.0,358.0
2020-05-25,2359,2359,0,36.628232301822806,0.0,4.0,12.0,24.0,44.0,86.0,385.0
2020-05-24,2322,2322,0,37.213608957795,0.0,3.0,12.0,24.0,44.0,89.90000000000009,326.0
2020-05-23,2273,2273,0,38.01319841619006,0.0,4.0,12.0,25.0,44.0,91.0,454.0
2020-05-22,2094,2094,0,41.27077363896848,0.0,4.0,12.0,23.0,43.09999999999991,88.0,5963.0
2020-05-21,2238,2238,0,38.58534405719392,0.0,3.0,12.0,23.0,42.0,92.0,483.0
2020-05-20,2310,2310,0,37.403030303030306,0.0,4.0,12.0,24.0,42.0,86.0,381.0
2020-05-19,2292,2292,0,37.75741710296684,0.0,3.0,12.0,25.0,43.0,88.0,415.0
2020-05-18,2309,2309,0,37.3685578172369,0.0,4.0,13.0,24.0,43.0,84.0,468.0
2020-05-17,2342,2342,0,36.915029888983774,0.0,4.0,12.0,24.0,43.0,83.90000000000009,347.0
2020-05-16,2347,2347,0,36.848743076267574,0.0,3.0,12.0,24.0,43.0,84.0,454.0
2020-05-15,2312,2312,0,37.31790657439446,0.0,4.0,13.0,25.0,43.0,85.90000000000009,399.0
2020-05-14,2332,2332,0,37.03044596912522,0.0,4.0,13.0,25.0,43.0,84.0,419.0
2020-05-13,2328,2328,0,37.113831615120276,0.0,4.0,12.0,24.0,43.0,86.0,399.0
2020-05-12,2357,3209,852,36.66525243954179,0.0,4.0,13.0,25.0,42.0,84.0,600.0
2020-05-11,1985,1985,0,34.850806451612904,0.0,2.0,10.0,23.0,41.0,81.0,597.0
