time,bridgeInflow,bridgeOutflow
2022-01-03 05:00:00,1.41,
2022-01-03 06:00:00,0.0,
2022-01-03 07:00:00,0.0,
2022-01-03 08:00:00,0.0,
2022-01-03 09:00:00,0.0,
2022-01-03 10:00:00,0.0,
2022-01-03 11:00:00,0.0,
2022-01-03 12:00:00,0.0,
2022-01-03 13:00:00,0.0,
2022-01-03 14:00:00,0.0,
2022-01-03 15:00:00,0.0,
2022-01-03 16:00:00,0.0,
2022-01-03 17:00:00,0.0,
2022-01-03 18:00:00,0.0,
2022-01-03 19:00:00,0.0,
2022-01-03 20:00:00,0.0,
2022-01-03 21:00:00,0.0,
2022-01-03 22:00:00,0.0,
2022-01-03 23:00:00,0.0,
2022-01-04 00:00:00,0.0,
2022-01-04 01:00:00,0.0,
2022-01-04 02:00:00,0.0,
2022-01-04 03:00:00,0.0,
2022-01-04 04:00:00,0.0,
2022-01-04 05:00:00,0.0,
2022-01-04 06:00:00,0.0,
2022-01-04 07:00:00,0.0,
2022-01-04 08:00:00,0.0,
2022-01-04 09:00:00,0.0,
2022-01-04 10:00:00,0.0,
2022-01-04 11:00:00,0.0,
2022-01-04 12:00:00,0.0,
2022-01-04 13:00:00,0.0,
2022-01-04 14:00:00,0.0,
2022-01-04 15:00:00,0.0,
2022-01-04 16:00:00,0.0,
2022-01-04 17:00:00,0.0,
2022-01-04 18:00:00,0.0,
2022-01-04 19:00:00,0.0,
2022-01-04 20:00:00,0.0,
2022-01-04 21:00:00,0.0,
2022-01-04 22:00:00,0.0,
2022-01-04 23:00:00,0.0,
2022-01-05 00:00:00,0.0,
2022-01-05 01:00:00,0.0,
2022-01-05 02:00:00,0.0,
2022-01-05 03:00:00,0.0,
2022-01-05 04:00:00,0.0,
2022-01-05 05:00:00,0.0,
2022-01-05 06:00:00,0.0,
2022-01-05 07:00:00,0.0,
2022-01-05 08:00:00,0.0,
2022-01-05 09:00:00,0.0,
2022-01-05 10:00:00,0.0,
2022-01-05 11:00:00,0.0,
2022-01-05 12:00:00,0.0,
2022-01-05 13:00:00,0.0,
2022-01-05 14:00:00,0.0,
2022-01-05 15:00:00,0.0,
2022-01-05 16:00:00,0.0,
2022-01-05 17:00:00,0.0,
2022-01-05 18:00:00,0.0,
2022-01-05 19:00:00,0.0,
2022-01-05 20:00:00,0.0,
2022-01-05 21:00:00,0.0,
2022-01-05 22:00:00,0.0,
2022-01-05 23:00:00,0.0,
2022-01-06 00:00:00,0.0,
2022-01-06 01:00:00,0.0,
2022-01-06 02:00:00,0.0,
2022-01-06 03:00:00,0.0,
2022-01-06 04:00:00,0.0,
2022-01-06 05:00:00,0.0,
2022-01-06 06:00:00,0.0,
2022-01-06 07:00:00,0.0,
2022-01-06 08:00:00,0.0,
2022-01-06 09:00:00,0.0,
2022-01-06 10:00:00,0.0,
2022-01-06 11:00:00,0.0,
2022-01-06 12:00:00,0.0,
2022-01-06 13:00:00,0.0,
2022-01-06 14:00:00,0.0,
2022-01-06 15:00:00,0.0,
2022-01-06 16:00:00,0.0,
2022-01-06 17:00:00,0.0,
2022-01-06 18:00:00,0.0,
2022-01-06 19:00:00,0.0,
2022-01-06 20:00:00,0.0,
2022-01-06 21:00:00,0.0,
2022-01-06 22:00:00,0.0,
2022-01-06 23:00:00,0.0,
2022-01-07 00:00:00,0.0,
2022-01-07 01:00:00,0.0,
2022-01-07 02:00:00,0.0,
2022-01-07 03:00:00,0.0,
2022-01-07 04:00:00,0.0,
2022-01-07 05:00:00,0.0,
2022-01-07 06:00:00,0.0,
2022-01-07 07:00:00,0.0,
2022-01-07 08:00:00,0.0,
2022-01-07 09:00:00,0.0,
2022-01-07 10:00:00,0.0,
2022-01-07 11:00:00,0.0,
2022-01-07 12:00:00,0.0,
2022-01-07 13:00:00,0.0,
2022-01-07 14:00:00,0.0,
2022-01-07 15:00:00,0.0,
2022-01-07 16:00:00,0.0,
2022-01-07 17:00:00,0.0,
2022-01-07 18:00:00,0.0,
2022-01-07 19:00:00,0.0,
2022-01-07 20:00:00,0.0,
2022-01-07 21:00:00,0.0,
2022-01-07 22:00:00,0.0,
2022-01-07 23:00:00,0.0,
2022-01-08 00:00:00,0.0,
2022-01-08 01:00:00,0.0,
2022-01-08 02:00:00,0.0,
2022-01-08 03:00:00,0.0,
2022-01-08 04:00:00,0.0,
2022-01-08 05:00:00,0.0,
2022-01-08 06:00:00,0.0,
2022-01-08 07:00:00,0.0,
2022-01-08 08:00:00,0.0,
2022-01-08 09:00:00,0.0,
2022-01-08 10:00:00,0.0,
2022-01-08 11:00:00,0.0,
2022-01-08 12:00:00,0.0,
2022-01-08 13:00:00,0.0,
2022-01-08 14:00:00,0.0,
2022-01-08 15:00:00,0.0,
2022-01-08 16:00:00,0.0,
2022-01-08 17:00:00,0.0,
2022-01-08 18:00:00,0.0,
2022-01-08 19:00:00,0.0,
2022-01-08 20:00:00,0.0,
2022-01-08 21:00:00,0.0,
2022-01-08 22:00:00,0.0,
2022-01-08 23:00:00,0.0,
2022-01-09 00:00:00,0.0,
2022-01-09 01:00:00,0.0,
2022-01-09 02:00:00,0.0,
2022-01-09 03:00:00,0.0,
2022-01-09 04:00:00,0.0,
2022-01-09 05:00:00,0.0,
2022-01-09 06:00:00,0.0,
2022-01-09 07:00:00,0.0,
2022-01-09 08:00:00,0.0,
2022-01-09 09:00:00,0.0,
2022-01-09 10:00:00,0.0,
2022-01-09 11:00:00,0.0,
2022-01-09 12:00:00,0.0,
2022-01-09 13:00:00,0.0,
2022-01-09 14:00:00,0.0,
2022-01-09 15:00:00,0.0,
2022-01-09 16:00:00,0.0,
2022-01-09 17:00:00,0.0,
2022-01-09 18:00:00,0.0,
2022-01-09 19:00:00,0.0,
2022-01-09 20:00:00,0.0,
2022-01-09 21:00:00,0.0,
2022-01-09 22:00:00,0.0,
2022-01-09 23:00:00,0.0,
2022-01-10 00:00:00,0.0,
2022-01-10 01:00:00,0.0,
2022-01-10 02:00:00,0.0,
2022-01-10 03:00:00,0.0,
2022-01-10 04:00:00,0.0,
2022-01-10 05:00:00,0.0,
2022-01-10 06:00:00,0.0,
2022-01-10 07:00:00,0.0,
2022-01-10 08:00:00,0.0,
2022-01-10 09:00:00,0.0,
2022-01-10 10:00:00,0.0,
2022-01-10 11:00:00,0.0,
2022-01-10 12:00:00,0.0,
2022-01-10 13:00:00,0.0,
2022-01-10 14:00:00,0.0,
2022-01-10 15:00:00,0.0,
2022-01-10 16:00:00,0.0,
2022-01-10 17:00:00,0.0,
2022-01-10 18:00:00,0.0,
2022-01-10 19:00:00,0.0,
2022-01-10 20:00:00,0.0,
2022-01-10 21:00:00,0.0,
2022-01-10 22:00:00,0.0,
2022-01-10 23:00:00,0.0,
2022-01-11 00:00:00,0.0,
2022-01-11 01:00:00,0.0,
2022-01-11 02:00:00,0.0,
2022-01-11 03:00:00,0.0,
2022-01-11 04:00:00,0.0,
2022-01-11 05:00:00,0.0,
2022-01-11 06:00:00,0.0,
2022-01-11 07:00:00,0.0,
2022-01-11 08:00:00,0.0,
2022-01-11 09:00:00,0.0,
2022-01-11 10:00:00,0.0,
2022-01-11 11:00:00,0.0,
2022-01-11 12:00:00,0.0,
2022-01-11 13:00:00,0.0,
2022-01-11 14:00:00,0.0,
2022-01-11 15:00:00,0.0,
2022-01-11 16:00:00,0.0,
2022-01-11 17:00:00,0.0,
2022-01-11 18:00:00,0.0,
2022-01-11 19:00:00,0.0,
2022-01-11 20:00:00,0.0,
2022-01-11 21:00:00,0.0,
2022-01-11 22:00:00,0.0,
2022-01-11 23:00:00,0.0,
2022-01-12 00:00:00,0.0,
2022-01-12 01:00:00,0.0,
2022-01-12 02:00:00,0.0,
2022-01-12 03:00:00,0.0,
2022-01-12 04:00:00,0.0,
2022-01-12 05:00:00,0.0,
2022-01-12 06:00:00,0.0,
2022-01-12 07:00:00,0.0,
2022-01-12 08:00:00,0.0,
2022-01-12 09:00:00,0.0,
2022-01-12 10:00:00,0.0,
2022-01-12 11:00:00,0.0,
2022-01-12 12:00:00,0.0,
2022-01-12 13:00:00,0.0,
2022-01-12 14:00:00,0.0,
2022-01-12 15:00:00,0.0,
2022-01-12 16:00:00,0.0,
2022-01-12 17:00:00,0.0,
2022-01-12 18:00:00,0.0,
2022-01-12 19:00:00,0.0,
2022-01-12 20:00:00,0.0,
2022-01-12 21:00:00,0.0,
2022-01-12 22:00:00,0.0,
2022-01-12 23:00:00,0.0,
2022-01-13 00:00:00,0.0,
2022-01-13 01:00:00,0.0,
2022-01-13 02:00:00,0.0,
2022-01-13 03:00:00,0.0,
2022-01-13 04:00:00,0.0,
2022-01-13 05:00:00,0.0,
2022-01-13 06:00:00,0.0,
2022-01-13 07:00:00,0.0,
2022-01-13 08:00:00,0.0,
2022-01-13 09:00:00,0.0,
2022-01-13 10:00:00,0.0,
2022-01-13 11:00:00,0.0,
2022-01-13 12:00:00,0.0,
2022-01-13 13:00:00,0.0,
2022-01-13 14:00:00,0.0,
2022-01-13 15:00:00,0.0,
2022-01-13 16:00:00,0.0,
2022-01-13 17:00:00,0.0,
2022-01-13 18:00:00,0.0,
2022-01-13 19:00:00,0.0,
2022-01-13 20:00:00,0.0,
2022-01-13 21:00:00,0.0,
2022-01-13 22:00:00,0.0,
2022-01-13 23:00:00,0.0,
2022-01-14 00:00:00,0.0,
2022-01-14 01:00:00,0.0,
2022-01-14 02:00:00,0.0,
2022-01-14 03:00:00,0.0,
2022-01-14 04:00:00,0.0,
2022-01-14 05:00:00,0.0,
2022-01-14 06:00:00,0.0,
2022-01-14 07:00:00,0.0,
2022-01-14 08:00:00,0.0,
2022-01-14 09:00:00,0.0,
2022-01-14 10:00:00,0.0,
2022-01-14 11:00:00,0.0,
2022-01-14 12:00:00,0.0,
2022-01-14 13:00:00,0.0,
2022-01-14 14:00:00,0.0,
2022-01-14 15:00:00,0.0,
2022-01-14 16:00:00,0.0,
2022-01-14 17:00:00,0.0,
2022-01-14 18:00:00,0.0,
2022-01-14 19:00:00,0.0,
2022-01-14 20:00:00,0.0,
2022-01-14 21:00:00,0.0,
2022-01-14 22:00:00,0.0,
2022-01-14 23:00:00,0.0,
2022-01-15 00:00:00,0.0,
2022-01-15 01:00:00,0.0,
2022-01-15 02:00:00,0.0,
2022-01-15 03:00:00,0.0,
2022-01-15 04:00:00,0.0,
2022-01-15 05:00:00,0.0,
2022-01-15 06:00:00,0.0,
2022-01-15 07:00:00,0.0,
2022-01-15 08:00:00,0.0,
2022-01-15 09:00:00,0.0,
2022-01-15 10:00:00,0.0,
2022-01-15 11:00:00,0.0,
2022-01-15 12:00:00,0.0,
2022-01-15 13:00:00,0.0,
2022-01-15 14:00:00,0.0,
2022-01-15 15:00:00,0.0,
2022-01-15 16:00:00,0.0,
2022-01-15 17:00:00,0.0,
2022-01-15 18:00:00,0.0,
2022-01-15 19:00:00,0.0,
2022-01-15 20:00:00,0.0,
2022-01-15 21:00:00,0.0,
2022-01-15 22:00:00,0.0,
2022-01-15 23:00:00,0.0,
2022-01-16 00:00:00,0.0,
2022-01-16 01:00:00,0.0,
2022-01-16 02:00:00,0.0,
2022-01-16 03:00:00,0.0,
2022-01-16 04:00:00,0.0,
2022-01-16 05:00:00,0.0,
2022-01-16 06:00:00,0.0,
2022-01-16 07:00:00,0.0,
2022-01-16 08:00:00,0.0,
2022-01-16 09:00:00,0.0,
2022-01-16 10:00:00,0.0,
2022-01-16 11:00:00,0.0,
2022-01-16 12:00:00,0.0,
2022-01-16 13:00:00,0.0,
2022-01-16 14:00:00,0.0,
2022-01-16 15:00:00,0.0,
2022-01-16 16:00:00,0.0,
2022-01-16 17:00:00,0.0,
2022-01-16 18:00:00,0.0,
2022-01-16 19:00:00,0.0,
2022-01-16 20:00:00,0.0,
2022-01-16 21:00:00,0.0,
2022-01-16 22:00:00,0.0,
2022-01-16 23:00:00,0.0,
2022-01-17 00:00:00,0.0,
2022-01-17 01:00:00,0.0,
2022-01-17 02:00:00,0.0,
2022-01-17 03:00:00,0.0,
2022-01-17 04:00:00,0.0,
2022-01-17 05:00:00,0.0,
2022-01-17 06:00:00,0.0,
2022-01-17 07:00:00,0.0,
2022-01-17 08:00:00,0.0,
2022-01-17 09:00:00,0.0,
2022-01-17 10:00:00,0.0,
2022-01-17 11:00:00,0.0,
2022-01-17 12:00:00,0.0,
2022-01-17 13:00:00,0.0,
2022-01-17 14:00:00,0.0,
2022-01-17 15:00:00,0.0,
2022-01-17 16:00:00,0.0,
2022-01-17 17:00:00,0.0,
2022-01-17 18:00:00,0.0,
2022-01-17 19:00:00,0.0,
2022-01-17 20:00:00,0.0,
2022-01-17 21:00:00,0.0,
2022-01-17 22:00:00,0.0,
2022-01-17 23:00:00,0.0,
2022-01-18 00:00:00,0.0,
2022-01-18 01:00:00,0.0,
2022-01-18 02:00:00,0.0,
2022-01-18 03:00:00,0.0,
2022-01-18 04:00:00,0.0,
2022-01-18 05:00:00,0.0,
2022-01-18 06:00:00,0.0,
2022-01-18 07:00:00,0.0,
2022-01-18 08:00:00,0.0,
2022-01-18 09:00:00,0.0,
2022-01-18 10:00:00,0.0,
2022-01-18 11:00:00,0.0,
2022-01-18 12:00:00,0.0,
2022-01-18 13:00:00,0.0,
2022-01-18 14:00:00,0.0,
2022-01-18 15:00:00,0.0,
2022-01-18 16:00:00,0.0,
2022-01-18 17:00:00,0.0,
2022-01-18 18:00:00,0.0,
2022-01-18 19:00:00,0.0,
2022-01-18 20:00:00,0.0,
2022-01-18 21:00:00,0.0,
2022-01-18 22:00:00,0.0,
2022-01-18 23:00:00,0.0,
2022-01-19 00:00:00,0.0,
2022-01-19 01:00:00,0.0,
2022-01-19 02:00:00,0.0,
2022-01-19 03:00:00,0.0,
2022-01-19 04:00:00,0.0,
2022-01-19 05:00:00,0.0,
2022-01-19 06:00:00,0.0,
2022-01-19 07:00:00,0.0,
2022-01-19 08:00:00,0.0,
2022-01-19 09:00:00,0.0,
2022-01-19 10:00:00,0.0,
2022-01-19 11:00:00,0.0,
2022-01-19 12:00:00,0.0,
2022-01-19 13:00:00,0.0,
2022-01-19 14:00:00,0.0,
2022-01-19 15:00:00,0.0,
2022-01-19 16:00:00,0.0,
2022-01-19 17:00:00,0.0,
2022-01-19 18:00:00,0.0,
2022-01-19 19:00:00,0.0,
2022-01-19 20:00:00,0.0,
2022-01-19 21:00:00,0.0,
2022-01-19 22:00:00,0.0,
2022-01-19 23:00:00,0.0,
2022-01-20 00:00:00,0.0,
2022-01-20 01:00:00,0.0,
2022-01-20 02:00:00,0.0,
2022-01-20 03:00:00,0.0,
2022-01-20 04:00:00,0.0,
2022-01-20 05:00:00,0.0,
2022-01-20 06:00:00,0.0,
2022-01-20 07:00:00,0.0,
2022-01-20 08:00:00,0.0,
2022-01-20 09:00:00,0.0,
2022-01-20 10:00:00,0.0,
2022-01-20 11:00:00,0.0,
2022-01-20 12:00:00,0.0,
2022-01-20 13:00:00,0.0,
2022-01-20 14:00:00,0.0,
2022-01-20 15:00:00,0.0,
2022-01-20 16:00:00,0.0,
2022-01-20 17:00:00,0.0,
2022-01-20 18:00:00,0.0,
2022-01-20 19:00:00,0.0,
2022-01-20 20:00:00,0.0,
2022-01-20 21:00:00,0.0,
2022-01-20 22:00:00,0.0,
2022-01-20 23:00:00,0.0,
2022-01-21 00:00:00,0.0,
2022-01-21 01:00:00,0.0,
2022-01-21 02:00:00,0.0,
2022-01-21 03:00:00,0.0,
2022-01-21 04:00:00,0.0,
2022-01-21 05:00:00,0.0,
2022-01-21 06:00:00,0.0,
2022-01-21 07:00:00,0.0,
2022-01-21 08:00:00,0.0,
2022-01-21 09:00:00,0.0,
2022-01-21 10:00:00,0.0,
2022-01-21 11:00:00,0.0,
2022-01-21 12:00:00,0.0,
2022-01-21 13:00:00,0.0,
2022-01-21 14:00:00,0.0,
2022-01-21 15:00:00,0.0,
2022-01-21 16:00:00,0.0,
2022-01-21 17:00:00,0.0,
2022-01-21 18:00:00,0.0,
2022-01-21 19:00:00,0.0,
2022-01-21 20:00:00,0.0,
2022-01-21 21:00:00,0.0,
2022-01-21 22:00:00,0.0,
2022-01-21 23:00:00,0.0,
2022-01-22 00:00:00,0.0,
2022-01-22 01:00:00,0.0,
2022-01-22 02:00:00,0.0,
2022-01-22 03:00:00,0.0,
2022-01-22 04:00:00,0.0,
2022-01-22 05:00:00,0.0,
2022-01-22 06:00:00,0.0,
2022-01-22 07:00:00,0.0,
2022-01-22 08:00:00,0.0,
2022-01-22 09:00:00,0.0,
2022-01-22 10:00:00,0.0,
2022-01-22 11:00:00,0.0,
2022-01-22 12:00:00,0.0,
2022-01-22 13:00:00,0.0,
2022-01-22 14:00:00,0.0,
2022-01-22 15:00:00,0.0,
2022-01-22 16:00:00,0.0,
2022-01-22 17:00:00,0.0,
2022-01-22 18:00:00,0.0,
2022-01-22 19:00:00,0.0,
2022-01-22 20:00:00,0.0,
2022-01-22 21:00:00,0.0,
2022-01-22 22:00:00,0.0,
2022-01-22 23:00:00,0.0,
2022-01-23 00:00:00,0.0,
2022-01-23 01:00:00,0.0,
2022-01-23 02:00:00,0.0,
2022-01-23 03:00:00,0.0,
2022-01-23 04:00:00,0.0,
2022-01-23 05:00:00,0.0,
2022-01-23 06:00:00,0.0,
2022-01-23 07:00:00,0.0,
2022-01-23 08:00:00,0.0,
2022-01-23 09:00:00,0.0,
2022-01-23 10:00:00,0.0,
2022-01-23 11:00:00,0.0,
2022-01-23 12:00:00,0.0,
2022-01-23 13:00:00,0.0,
2022-01-23 14:00:00,0.0,
2022-01-23 15:00:00,0.0,
2022-01-23 16:00:00,0.0,
2022-01-23 17:00:00,0.0,
2022-01-23 18:00:00,0.0,
2022-01-23 19:00:00,0.0,
2022-01-23 20:00:00,0.0,
2022-01-23 21:00:00,0.0,
2022-01-23 22:00:00,0.0,
2022-01-23 23:00:00,0.0,
2022-01-24 00:00:00,0.0,
2022-01-24 01:00:00,0.0,
2022-01-24 02:00:00,0.0,
2022-01-24 03:00:00,0.0,
2022-01-24 04:00:00,0.0,
2022-01-24 05:00:00,0.0,
2022-01-24 06:00:00,0.0,
2022-01-24 07:00:00,0.0,
2022-01-24 08:00:00,0.0,
2022-01-24 09:00:00,0.0,
2022-01-24 10:00:00,0.0,
2022-01-24 11:00:00,0.0,
2022-01-24 12:00:00,0.0,
2022-01-24 13:00:00,0.0,
2022-01-24 14:00:00,0.0,
2022-01-24 15:00:00,0.0,
2022-01-24 16:00:00,0.0,
2022-01-24 17:00:00,0.0,
2022-01-24 18:00:00,0.0,
2022-01-24 19:00:00,0.0,
2022-01-24 20:00:00,0.0,
2022-01-24 21:00:00,0.0,
2022-01-24 22:00:00,0.0,
2022-01-24 23:00:00,0.0,
2022-01-25 00:00:00,0.0,
2022-01-25 01:00:00,0.0,
2022-01-25 02:00:00,0.0,
2022-01-25 03:00:00,0.0,
2022-01-25 04:00:00,0.0,
2022-01-25 05:00:00,0.0,
2022-01-25 06:00:00,0.0,
2022-01-25 07:00:00,0.0,
2022-01-25 08:00:00,0.0,
2022-01-25 09:00:00,0.0,
2022-01-25 10:00:00,0.0,
2022-01-25 11:00:00,0.0,
2022-01-25 12:00:00,0.0,
2022-01-25 13:00:00,0.0,
2022-01-25 14:00:00,0.0,
2022-01-25 15:00:00,0.0,
2022-01-25 16:00:00,0.0,
2022-01-25 17:00:00,0.0,
2022-01-25 18:00:00,0.0,
2022-01-25 19:00:00,0.0,
2022-01-25 20:00:00,0.0,
2022-01-25 21:00:00,0.0,
2022-01-25 22:00:00,0.0,
2022-01-25 23:00:00,0.0,
2022-01-26 00:00:00,0.0,
2022-01-26 01:00:00,0.0,
2022-01-26 02:00:00,0.0,
2022-01-26 03:00:00,0.0,
2022-01-26 04:00:00,0.0,
2022-01-26 05:00:00,0.0,
2022-01-26 06:00:00,0.0,
2022-01-26 07:00:00,0.0,
2022-01-26 08:00:00,0.0,
2022-01-26 09:00:00,0.0,
2022-01-26 10:00:00,0.0,
2022-01-26 11:00:00,0.0,
2022-01-26 12:00:00,0.0,
2022-01-26 13:00:00,0.0,
2022-01-26 14:00:00,0.0,
2022-01-26 15:00:00,0.0,
2022-01-26 16:00:00,0.0,
2022-01-26 17:00:00,0.0,
2022-01-26 18:00:00,0.0,
2022-01-26 19:00:00,0.0,
2022-01-26 20:00:00,0.0,
2022-01-26 21:00:00,0.0,
2022-01-26 22:00:00,0.0,
2022-01-26 23:00:00,0.0,
2022-01-27 00:00:00,0.0,
2022-01-27 01:00:00,0.0,
2022-01-27 02:00:00,0.0,
2022-01-27 03:00:00,0.0,
2022-01-27 04:00:00,0.0,
2022-01-27 05:00:00,0.0,
2022-01-27 06:00:00,0.0,
2022-01-27 07:00:00,0.0,
2022-01-27 08:00:00,0.0,
2022-01-27 09:00:00,0.0,
2022-01-27 10:00:00,0.0,
2022-01-27 11:00:00,0.0,
2022-01-27 12:00:00,0.0,
2022-01-27 13:00:00,0.0,
2022-01-27 14:00:00,0.0,
2022-01-27 15:00:00,0.0,
2022-01-27 16:00:00,0.0,
2022-01-27 17:00:00,0.0,
2022-01-27 18:00:00,0.0,
2022-01-27 19:00:00,0.0,
2022-01-27 20:00:00,0.0,
2022-01-27 21:00:00,0.0,
2022-01-27 22:00:00,0.0,
2022-01-27 23:00:00,0.0,
2022-01-28 00:00:00,0.0,
2022-01-28 01:00:00,0.0,
2022-01-28 02:00:00,0.0,
2022-01-28 03:00:00,0.0,
2022-01-28 04:00:00,0.0,
2022-01-28 05:00:00,0.0,
2022-01-28 06:00:00,0.0,
2022-01-28 07:00:00,0.0,
2022-01-28 08:00:00,0.0,
2022-01-28 09:00:00,0.0,
2022-01-28 10:00:00,0.0,
2022-01-28 11:00:00,0.0,
2022-01-28 12:00:00,0.0,
2022-01-28 13:00:00,0.0,
2022-01-28 14:00:00,0.0,
2022-01-28 15:00:00,0.0,
2022-01-28 16:00:00,0.0,
2022-01-28 17:00:00,0.0,
2022-01-28 18:00:00,0.0,
2022-01-28 19:00:00,0.0,
2022-01-28 20:00:00,0.0,
2022-01-28 21:00:00,0.0,
2022-01-28 22:00:00,0.0,
2022-01-28 23:00:00,0.0,
2022-01-29 00:00:00,0.0,
2022-01-29 01:00:00,0.0,
2022-01-29 02:00:00,0.0,
2022-01-29 03:00:00,0.0,
2022-01-29 04:00:00,0.0,
2022-01-29 05:00:00,0.0,
2022-01-29 06:00:00,0.0,
2022-01-29 07:00:00,0.0,
2022-01-29 08:00:00,0.0,
2022-01-29 09:00:00,0.0,
2022-01-29 10:00:00,0.0,
2022-01-29 11:00:00,0.0,
2022-01-29 12:00:00,0.0,
2022-01-29 13:00:00,0.0,
2022-01-29 14:00:00,0.0,
2022-01-29 15:00:00,0.0,
2022-01-29 16:00:00,0.0,
2022-01-29 17:00:00,0.0,
2022-01-29 18:00:00,0.0,
2022-01-29 19:00:00,0.0,
2022-01-29 20:00:00,0.0,
2022-01-29 21:00:00,0.0,
2022-01-29 22:00:00,0.0,
2022-01-29 23:00:00,0.0,
2022-01-30 00:00:00,0.0,
2022-01-30 01:00:00,0.0,
2022-01-30 02:00:00,0.0,
2022-01-30 03:00:00,0.0,
2022-01-30 04:00:00,0.0,
2022-01-30 05:00:00,0.0,
2022-01-30 06:00:00,0.0,
2022-01-30 07:00:00,0.0,
2022-01-30 08:00:00,0.0,
2022-01-30 09:00:00,0.0,
2022-01-30 10:00:00,0.0,
2022-01-30 11:00:00,0.0,
2022-01-30 12:00:00,0.0,
2022-01-30 13:00:00,0.0,
2022-01-30 14:00:00,0.0,
2022-01-30 15:00:00,0.0,
2022-01-30 16:00:00,0.0,
2022-01-30 17:00:00,0.0,
2022-01-30 18:00:00,0.0,
2022-01-30 19:00:00,0.0,
2022-01-30 20:00:00,0.0,
2022-01-30 21:00:00,0.0,
2022-01-30 22:00:00,0.0,
2022-01-30 23:00:00,0.0,
2022-01-31 00:00:00,0.0,
2022-01-31 01:00:00,0.0,
2022-01-31 02:00:00,0.0,
2022-01-31 03:00:00,0.0,
2022-01-31 04:00:00,0.0,
2022-01-31 05:00:00,0.0,
2022-01-31 06:00:00,0.0,
2022-01-31 07:00:00,0.0,
2022-01-31 08:00:00,0.0,
2022-01-31 09:00:00,0.0,
2022-01-31 10:00:00,0.0,
2022-01-31 11:00:00,0.0,
2022-01-31 12:00:00,0.0,
2022-01-31 13:00:00,0.0,
2022-01-31 14:00:00,0.0,
2022-01-31 15:00:00,0.0,
2022-01-31 16:00:00,0.0,
2022-01-31 17:00:00,0.0,
2022-01-31 18:00:00,0.0,
2022-01-31 19:00:00,0.0,
2022-01-31 20:00:00,0.0,
2022-01-31 21:00:00,0.0,
2022-01-31 22:00:00,0.0,
2022-01-31 23:00:00,0.0,
2022-02-01 00:00:00,0.0,
2022-02-01 01:00:00,0.0,
2022-02-01 02:00:00,0.0,
2022-02-01 03:00:00,0.0,
2022-02-01 04:00:00,0.0,
2022-02-01 05:00:00,0.0,
2022-02-01 06:00:00,0.0,
2022-02-01 07:00:00,0.0,
2022-02-01 08:00:00,0.0,
2022-02-01 09:00:00,0.0,
2022-02-01 10:00:00,0.0,
2022-02-01 11:00:00,0.0,
2022-02-01 12:00:00,0.0,
2022-02-01 13:00:00,0.0,
2022-02-01 14:00:00,0.0,
2022-02-01 15:00:00,0.0,
2022-02-01 16:00:00,0.0,
2022-02-01 17:00:00,0.0,
2022-02-01 18:00:00,0.0,
2022-02-01 19:00:00,0.0,
2022-02-01 20:00:00,0.0,
2022-02-01 21:00:00,0.0,
2022-02-01 22:00:00,0.0,
2022-02-01 23:00:00,0.0,
2022-02-02 00:00:00,0.0,
2022-02-02 01:00:00,2.1100000000000003,
2022-02-02 02:00:00,0.0,
2022-02-02 03:00:00,0.0,
2022-02-02 04:00:00,0.23,
2022-02-02 05:00:00,0.39,
2022-02-02 06:00:00,0.0,
2022-02-02 07:00:00,0.24,
2022-02-02 08:00:00,0.1,
2022-02-02 09:00:00,0.0,
2022-02-02 10:00:00,0.0,
2022-02-02 11:00:00,0.0,
2022-02-02 12:00:00,0.0,
2022-02-02 13:00:00,0.0,
2022-02-02 14:00:00,0.0,
2022-02-02 15:00:00,0.0,
2022-02-02 16:00:00,0.0,
2022-02-02 17:00:00,0.0,
2022-02-02 18:00:00,0.0,
2022-02-02 19:00:00,0.0,
2022-02-02 20:00:00,0.0,
2022-02-02 21:00:00,0.0,
2022-02-02 22:00:00,0.0,
2022-02-02 23:00:00,0.0,
2022-02-03 00:00:00,0.0,
2022-02-03 01:00:00,0.0,
2022-02-03 02:00:00,0.0,
2022-02-03 03:00:00,0.0,
2022-02-03 04:00:00,0.0,
2022-02-03 05:00:00,0.0,
2022-02-03 06:00:00,0.0,
2022-02-03 07:00:00,0.0,
2022-02-03 08:00:00,0.0,
2022-02-03 09:00:00,0.0,
2022-02-03 10:00:00,0.0,
2022-02-03 11:00:00,0.0,
2022-02-03 12:00:00,0.0,
2022-02-03 13:00:00,0.0,
2022-02-03 14:00:00,0.0,
2022-02-03 15:00:00,0.0,
2022-02-03 16:00:00,0.0,
2022-02-03 17:00:00,0.0,
2022-02-03 18:00:00,0.0,
2022-02-03 19:00:00,0.0,
2022-02-03 20:00:00,0.0,
2022-02-03 21:00:00,0.0,
2022-02-03 22:00:00,0.0,
2022-02-03 23:00:00,0.0,
2022-02-04 00:00:00,0.0,
2022-02-04 01:00:00,0.0,
2022-02-04 02:00:00,0.0,
2022-02-04 03:00:00,0.0,
2022-02-04 04:00:00,0.0,
2022-02-04 05:00:00,0.0,
2022-02-04 06:00:00,0.0,
2022-02-04 07:00:00,0.0,
2022-02-04 08:00:00,0.0,
2022-02-04 09:00:00,0.0,
2022-02-04 10:00:00,0.0,
2022-02-04 11:00:00,0.0,
2022-02-04 12:00:00,0.0,
2022-02-04 13:00:00,0.0,
2022-02-04 14:00:00,0.0,
2022-02-04 15:00:00,0.0,
2022-02-04 16:00:00,0.0,
2022-02-04 17:00:00,0.0,
2022-02-04 18:00:00,0.0,
2022-02-04 19:00:00,0.0,
2022-02-04 20:00:00,0.0,
2022-02-04 21:00:00,0.0,
2022-02-04 22:00:00,0.0,
2022-02-04 23:00:00,0.0,
2022-02-05 00:00:00,0.0,
2022-02-05 01:00:00,0.0,
2022-02-05 02:00:00,0.0,
2022-02-05 03:00:00,0.0,
2022-02-05 04:00:00,0.0,
2022-02-05 05:00:00,0.0,
2022-02-05 06:00:00,0.0,
2022-02-05 07:00:00,0.0,
2022-02-05 08:00:00,0.0,
2022-02-05 09:00:00,0.0,
2022-02-05 10:00:00,0.0,
2022-02-05 11:00:00,0.0,
2022-02-05 12:00:00,0.0,
2022-02-05 13:00:00,0.0,
2022-02-05 14:00:00,0.0,
2022-02-05 15:00:00,0.0,
2022-02-05 16:00:00,0.0,
2022-02-05 17:00:00,0.0,
2022-02-05 18:00:00,0.0,
2022-02-05 19:00:00,0.0,
2022-02-05 20:00:00,0.0,
2022-02-05 21:00:00,0.0,
2022-02-05 22:00:00,0.0,
2022-02-05 23:00:00,0.0,
2022-02-06 00:00:00,0.0,
2022-02-06 01:00:00,0.0,
2022-02-06 02:00:00,0.0,
2022-02-06 03:00:00,0.0,
2022-02-06 04:00:00,0.0,
2022-02-06 05:00:00,0.0,
2022-02-06 06:00:00,0.0,
2022-02-06 07:00:00,0.0,
2022-02-06 08:00:00,0.0,
2022-02-06 09:00:00,0.0,
2022-02-06 10:00:00,0.0,
2022-02-06 11:00:00,0.0,
2022-02-06 12:00:00,0.0,
2022-02-06 13:00:00,0.0,
2022-02-06 14:00:00,0.0,
2022-02-06 15:00:00,0.0,
2022-02-06 16:00:00,0.0,
2022-02-06 17:00:00,0.0,
2022-02-06 18:00:00,0.0,
2022-02-06 19:00:00,0.0,
2022-02-06 20:00:00,0.0,
2022-02-06 21:00:00,0.0,
2022-02-06 22:00:00,0.0,
2022-02-06 23:00:00,0.0,
2022-02-07 00:00:00,0.0,
2022-02-07 01:00:00,0.0,
2022-02-07 02:00:00,0.0,
2022-02-07 03:00:00,0.0,
2022-02-07 04:00:00,0.0,
2022-02-07 05:00:00,0.0,
2022-02-07 06:00:00,0.0,
2022-02-07 07:00:00,0.0,
2022-02-07 08:00:00,0.0,
2022-02-07 09:00:00,0.0,
2022-02-07 10:00:00,0.0,
2022-02-07 11:00:00,0.0,
2022-02-07 12:00:00,0.0,
2022-02-07 13:00:00,0.0,
2022-02-07 14:00:00,0.0,
2022-02-07 15:00:00,0.0,
2022-02-07 16:00:00,0.0,
2022-02-07 17:00:00,0.0,
2022-02-07 18:00:00,0.0,
2022-02-07 19:00:00,0.0,
2022-02-07 20:00:00,0.0,
2022-02-07 21:00:00,0.0,
2022-02-07 22:00:00,0.0,
2022-02-07 23:00:00,0.0,
2022-02-08 00:00:00,0.0,
2022-02-08 01:00:00,0.0,
2022-02-08 02:00:00,0.0,
2022-02-08 03:00:00,0.0,
2022-02-08 04:00:00,0.0,
2022-02-08 05:00:00,0.0,
2022-02-08 06:00:00,0.0,
2022-02-08 07:00:00,0.0,
2022-02-08 08:00:00,0.0,
2022-02-08 09:00:00,0.0,
2022-02-08 10:00:00,0.0,
2022-02-08 11:00:00,0.0,
2022-02-08 12:00:00,0.0,
2022-02-08 13:00:00,0.0,
2022-02-08 14:00:00,0.0,
2022-02-08 15:00:00,0.0,
2022-02-08 16:00:00,0.0,
2022-02-08 17:00:00,0.0,
2022-02-08 18:00:00,0.0,
2022-02-08 19:00:00,0.0,
2022-02-08 20:00:00,0.0,
2022-02-08 21:00:00,0.0,
2022-02-08 22:00:00,0.0,
2022-02-08 23:00:00,0.0,
2022-02-09 00:00:00,0.0,
2022-02-09 01:00:00,0.0,
2022-02-09 02:00:00,0.0,
2022-02-09 03:00:00,0.0,
2022-02-09 04:00:00,0.0,
2022-02-09 05:00:00,0.0,
2022-02-09 06:00:00,0.0,
2022-02-09 07:00:00,0.0,
2022-02-09 08:00:00,0.0,
2022-02-09 09:00:00,0.0,
2022-02-09 10:00:00,0.0,
2022-02-09 11:00:00,0.0,
2022-02-09 12:00:00,0.0,
2022-02-09 13:00:00,0.0,
2022-02-09 14:00:00,0.0,
2022-02-09 15:00:00,0.0,
2022-02-09 16:00:00,0.0,
2022-02-09 17:00:00,0.0,
2022-02-09 18:00:00,0.0,
2022-02-09 19:00:00,0.0,
2022-02-09 20:00:00,0.0,
2022-02-09 21:00:00,0.0,
2022-02-09 22:00:00,0.0,
2022-02-09 23:00:00,0.0,
2022-02-10 00:00:00,0.0,
2022-02-10 01:00:00,0.0,
2022-02-10 02:00:00,0.0,
2022-02-10 03:00:00,0.0,
2022-02-10 04:00:00,0.0,
2022-02-10 05:00:00,0.0,
2022-02-10 06:00:00,0.0,
2022-02-10 07:00:00,0.0,
2022-02-10 08:00:00,0.0,
2022-02-10 09:00:00,0.0,
2022-02-10 10:00:00,0.0,
2022-02-10 11:00:00,0.0,
2022-02-10 12:00:00,0.0,
2022-02-10 13:00:00,0.0,
2022-02-10 14:00:00,0.0,
2022-02-10 15:00:00,0.0,
2022-02-10 16:00:00,0.0,
2022-02-10 17:00:00,0.0,
2022-02-10 18:00:00,0.0,
2022-02-10 19:00:00,0.0,
2022-02-10 20:00:00,0.0,
2022-02-10 21:00:00,0.0,
2022-02-10 22:00:00,0.0,
2022-02-10 23:00:00,0.0,
2022-02-11 00:00:00,0.0,
2022-02-11 01:00:00,0.0,
2022-02-11 02:00:00,0.0,
2022-02-11 03:00:00,0.0,
2022-02-11 04:00:00,0.0,
2022-02-11 05:00:00,0.0,
2022-02-11 06:00:00,0.0,
2022-02-11 07:00:00,0.0,
2022-02-11 08:00:00,0.0,
2022-02-11 09:00:00,0.0,
2022-02-11 10:00:00,0.0,
2022-02-11 11:00:00,0.0,
2022-02-11 12:00:00,0.0,
2022-02-11 13:00:00,0.0,
2022-02-11 14:00:00,0.0,
2022-02-11 15:00:00,0.0,
2022-02-11 16:00:00,0.0,
2022-02-11 17:00:00,0.0,
2022-02-11 18:00:00,0.0,
2022-02-11 19:00:00,0.0,
2022-02-11 20:00:00,0.0,
2022-02-11 21:00:00,0.0,
2022-02-11 22:00:00,0.0,
2022-02-11 23:00:00,0.0,
2022-02-12 00:00:00,0.0,
2022-02-12 01:00:00,0.0,
2022-02-12 02:00:00,0.0,
2022-02-12 03:00:00,0.0,
2022-02-12 04:00:00,0.0,
2022-02-12 05:00:00,0.0,
2022-02-12 06:00:00,0.0,
2022-02-12 07:00:00,0.0,
2022-02-12 08:00:00,0.0,
2022-02-12 09:00:00,0.0,
2022-02-12 10:00:00,0.0,
2022-02-12 11:00:00,0.0,
2022-02-12 12:00:00,0.0,
2022-02-12 13:00:00,0.0,
2022-02-12 14:00:00,0.0,
2022-02-12 15:00:00,0.0,
2022-02-12 16:00:00,0.0,
2022-02-12 17:00:00,0.0,
2022-02-12 18:00:00,0.0,
2022-02-12 19:00:00,0.0,
2022-02-12 20:00:00,0.0,
2022-02-12 21:00:00,0.0,
2022-02-12 22:00:00,0.0,
2022-02-12 23:00:00,0.0,
2022-02-13 00:00:00,0.0,
2022-02-13 01:00:00,0.0,
2022-02-13 02:00:00,0.0,
2022-02-13 03:00:00,0.0,
2022-02-13 04:00:00,0.0,
2022-02-13 05:00:00,0.0,
2022-02-13 06:00:00,0.0,
2022-02-13 07:00:00,0.0,
2022-02-13 08:00:00,0.0,
2022-02-13 09:00:00,0.0,
2022-02-13 10:00:00,0.0,
2022-02-13 11:00:00,0.0,
2022-02-13 12:00:00,0.0,
2022-02-13 13:00:00,0.0,
2022-02-13 14:00:00,0.0,
2022-02-13 15:00:00,0.0,
2022-02-13 16:00:00,0.0,
2022-02-13 17:00:00,0.0,
2022-02-13 18:00:00,0.0,
2022-02-13 19:00:00,0.0,
2022-02-13 20:00:00,0.0,
2022-02-13 21:00:00,0.0,
2022-02-13 22:00:00,0.0,
2022-02-13 23:00:00,0.0,
2022-02-14 00:00:00,0.0,
2022-02-14 01:00:00,0.0,
2022-02-14 02:00:00,0.0,
2022-02-14 03:00:00,0.0,
2022-02-14 04:00:00,0.0,
2022-02-14 05:00:00,0.0,
2022-02-14 06:00:00,0.0,
2022-02-14 07:00:00,0.0,
2022-02-14 08:00:00,0.0,
2022-02-14 09:00:00,0.0,
2022-02-14 10:00:00,0.0,
2022-02-14 11:00:00,0.0,
2022-02-14 12:00:00,0.0,
2022-02-14 13:00:00,0.0,
2022-02-14 14:00:00,0.0,
2022-02-14 15:00:00,0.0,
2022-02-14 16:00:00,0.0,
2022-02-14 17:00:00,0.0,
2022-02-14 18:00:00,0.0,
2022-02-14 19:00:00,0.0,
2022-02-14 20:00:00,0.0,
2022-02-14 21:00:00,0.0,
2022-02-14 22:00:00,0.0,
2022-02-14 23:00:00,0.0,
2022-02-15 00:00:00,0.0,
2022-02-15 01:00:00,0.0,
2022-02-15 02:00:00,0.0,
2022-02-15 03:00:00,0.0,
2022-02-15 04:00:00,0.0,
2022-02-15 05:00:00,0.0,
2022-02-15 06:00:00,0.0,
2022-02-15 07:00:00,0.0,
2022-02-15 08:00:00,0.0,
2022-02-15 09:00:00,0.0,
2022-02-15 10:00:00,0.0,
2022-02-15 11:00:00,0.0,
2022-02-15 12:00:00,0.0,
2022-02-15 13:00:00,0.0,
2022-02-15 14:00:00,0.0,
2022-02-15 15:00:00,0.0,
2022-02-15 16:00:00,0.0,
2022-02-15 17:00:00,0.0,
2022-02-15 18:00:00,0.0,
2022-02-15 19:00:00,0.0,
2022-02-15 20:00:00,0.0,
2022-02-15 21:00:00,0.0,
2022-02-15 22:00:00,0.0,
2022-02-15 23:00:00,0.0,
2022-02-16 00:00:00,0.0,
2022-02-16 01:00:00,0.0,
2022-02-16 02:00:00,0.0,
2022-02-16 03:00:00,0.0,
2022-02-16 04:00:00,0.0,-0.344
2022-02-16 05:00:00,0.0,0.0
2022-02-16 06:00:00,0.0,-0.01999999999999999
2022-02-16 07:00:00,0.0,0.0
2022-02-16 08:00:00,0.0,0.0
2022-02-16 09:00:00,0.0,0.0
2022-02-16 10:00:00,15.97,-0.3444000099999999
2022-02-16 11:00:00,33.581500829999996,-0.010000000000000009
2022-02-16 12:00:00,2.98,-0.5
2022-02-16 13:00:00,15.97,-0.48000000000000026
2022-02-16 14:00:00,0.0,0.0
2022-02-16 15:00:00,10.47,0.0
2022-02-16 16:00:00,0.0,-1.0
2022-02-16 17:00:00,0.0,0.0
2022-02-16 18:00:00,0.99,-3.300000000000001
2022-02-16 19:00:00,4.97,-0.9899999999999998
2022-02-16 20:00:00,2.9699999999999998,-1.9800000000000002
2022-02-16 21:00:00,0.0,0.0
2022-02-16 22:00:00,0.0,0.0
2022-02-16 23:00:00,0.0,0.0
2022-02-17 00:00:00,0.0,0.0
2022-02-17 01:00:00,0.0,0.0
2022-02-17 02:00:00,0.0,0.0
2022-02-17 03:00:00,0.0,0.0
2022-02-17 04:00:00,0.0,-0.4203999999999999
2022-02-17 05:00:00,0.0,0.0
2022-02-17 06:00:00,0.0,0.0
2022-02-17 07:00:00,1.99,0.0
2022-02-17 08:00:00,0.0,0.0
2022-02-17 09:00:00,0.0,0.0
2022-02-17 10:00:00,0.0,0.0
2022-02-17 11:00:00,0.0,0.0
2022-02-17 12:00:00,1.0,0.0
2022-02-17 13:00:00,0.0,0.0
2022-02-17 14:00:00,0.0,0.0
2022-02-17 15:00:00,0.0,0.0
2022-02-17 16:00:00,0.0,0.0
2022-02-17 17:00:00,0.0,0.0
2022-02-17 18:00:00,0.0,0.0
2022-02-17 19:00:00,7.470000000000001,-0.5
2022-02-17 20:00:00,0.0,0.0
2022-02-17 21:00:00,0.0,0.0
2022-02-17 22:00:00,0.0,0.0
2022-02-17 23:00:00,0.0,0.0
2022-02-18 00:00:00,0.0,0.0
2022-02-18 01:00:00,0.0,0.0
2022-02-18 02:00:00,0.0,0.0
2022-02-18 03:00:00,0.0,0.0
2022-02-18 04:00:00,0.0,0.0
2022-02-18 05:00:00,0.0,0.0
2022-02-18 06:00:00,0.0,0.0
2022-02-18 07:00:00,0.0,0.0
2022-02-18 08:00:00,0.0,0.0
2022-02-18 09:00:00,0.0,0.0
2022-02-18 10:00:00,0.0,0.0
2022-02-18 11:00:00,0.0,0.0
2022-02-18 12:00:00,0.0,0.0
2022-02-18 13:00:00,0.0,0.0
2022-02-18 14:00:00,0.0,0.0
2022-02-18 15:00:00,0.0,0.0
2022-02-18 16:00:00,0.0,0.0
2022-02-18 17:00:00,0.0,0.0
2022-02-18 18:00:00,0.0,0.0
2022-02-18 19:00:00,0.0,0.0
2022-02-18 20:00:00,0.0,0.0
2022-02-18 21:00:00,0.0,0.0
2022-02-18 22:00:00,0.0,0.0
2022-02-18 23:00:00,0.0,0.0
2022-02-19 00:00:00,0.0,0.0
2022-02-19 01:00:00,0.0,0.0
2022-02-19 02:00:00,0.0,0.0
2022-02-19 03:00:00,0.0,0.0
2022-02-19 04:00:00,0.0,0.0
2022-02-19 05:00:00,0.0,0.0
2022-02-19 06:00:00,0.0,0.0
2022-02-19 07:00:00,0.0,0.0
2022-02-19 08:00:00,0.0,0.0
2022-02-19 09:00:00,0.0,0.0
2022-02-19 10:00:00,0.0,0.0
2022-02-19 11:00:00,0.0,0.0
2022-02-19 12:00:00,0.0,0.0
2022-02-19 13:00:00,0.0,0.0
2022-02-19 14:00:00,0.0,0.0
2022-02-19 15:00:00,0.0,0.0
2022-02-19 16:00:00,0.0,0.0
2022-02-19 17:00:00,0.0,0.0
2022-02-19 18:00:00,0.0,0.0
2022-02-19 19:00:00,0.0,0.0
2022-02-19 20:00:00,0.0,0.0
2022-02-19 21:00:00,0.0,0.0
2022-02-19 22:00:00,0.0,0.0
2022-02-19 23:00:00,0.0,0.0
2022-02-20 00:00:00,0.0,0.0
2022-02-20 01:00:00,0.0,0.0
2022-02-20 02:00:00,0.0,0.0
2022-02-20 03:00:00,0.0,0.0
2022-02-20 04:00:00,0.0,0.0
2022-02-20 05:00:00,0.0,0.0
2022-02-20 06:00:00,0.0,0.0
2022-02-20 07:00:00,0.0,0.0
2022-02-20 08:00:00,0.0,0.0
2022-02-20 09:00:00,0.0,0.0
2022-02-20 10:00:00,0.0,0.0
2022-02-20 11:00:00,0.0,0.0
2022-02-20 12:00:00,0.0,0.0
2022-02-20 13:00:00,0.0,0.0
2022-02-20 14:00:00,0.0,0.0
2022-02-20 15:00:00,0.0,0.0
2022-02-20 16:00:00,0.0,0.0
2022-02-20 17:00:00,0.0,0.0
2022-02-20 18:00:00,0.0,0.0
2022-02-20 19:00:00,0.0,0.0
2022-02-20 20:00:00,0.0,0.0
2022-02-20 21:00:00,0.0,0.0
2022-02-20 22:00:00,0.0,0.0
2022-02-20 23:00:00,0.0,0.0
2022-02-21 00:00:00,0.0,0.0
2022-02-21 01:00:00,0.0,0.0
2022-02-21 02:00:00,0.0,0.0
2022-02-21 03:00:00,0.0,0.0
2022-02-21 04:00:00,0.0,0.0
2022-02-21 05:00:00,0.0,0.0
2022-02-21 06:00:00,0.0,0.0
2022-02-21 07:00:00,0.0,0.0
2022-02-21 08:00:00,0.0,0.0
2022-02-21 09:00:00,0.0,0.0
2022-02-21 10:00:00,0.0,0.0
2022-02-21 11:00:00,0.0,0.0
2022-02-21 12:00:00,0.0,0.0
2022-02-21 13:00:00,0.0,0.0
2022-02-21 14:00:00,0.0,0.0
2022-02-21 15:00:00,0.0,0.0
2022-02-21 16:00:00,0.0,0.0
2022-02-21 17:00:00,0.0,0.0
2022-02-21 18:00:00,0.0,0.0
2022-02-21 19:00:00,0.0,0.0
2022-02-21 20:00:00,0.0,0.0
2022-02-21 21:00:00,0.0,0.0
2022-02-21 22:00:00,0.0,0.0
2022-02-21 23:00:00,0.0,0.0
2022-02-22 00:00:00,0.0,0.0
2022-02-22 01:00:00,0.0,0.0
2022-02-22 02:00:00,0.0,0.0
2022-02-22 03:00:00,0.0,0.0
2022-02-22 04:00:00,0.0,0.0
2022-02-22 05:00:00,0.0,0.0
2022-02-22 06:00:00,0.0,0.0
2022-02-22 07:00:00,0.0,0.0
2022-02-22 08:00:00,0.0,0.0
2022-02-22 09:00:00,0.0,0.0
2022-02-22 10:00:00,0.0,0.0
2022-02-22 11:00:00,0.0,0.0
2022-02-22 12:00:00,0.0,0.0
2022-02-22 13:00:00,0.0,0.0
2022-02-22 14:00:00,0.0,0.0
2022-02-22 15:00:00,0.0,0.0
2022-02-22 16:00:00,0.0,0.0
2022-02-22 17:00:00,0.0,0.0
2022-02-22 18:00:00,0.0,0.0
2022-02-22 19:00:00,0.0,0.0
2022-02-22 20:00:00,0.0,0.0
2022-02-22 21:00:00,0.0,0.0
2022-02-22 22:00:00,0.0,0.0
2022-02-22 23:00:00,0.0,0.0
2022-02-23 00:00:00,0.0,0.0
2022-02-23 01:00:00,0.0,0.0
2022-02-23 02:00:00,0.0,0.0
2022-02-23 03:00:00,0.0,0.0
2022-02-23 04:00:00,0.0,0.0
2022-02-23 05:00:00,0.0,0.0
2022-02-23 06:00:00,0.0,0.0
2022-02-23 07:00:00,0.0,0.0
2022-02-23 08:00:00,0.0,0.0
2022-02-23 09:00:00,0.0,0.0
2022-02-23 10:00:00,0.0,0.0
2022-02-23 11:00:00,0.0,0.0
2022-02-23 12:00:00,0.0,0.0
2022-02-23 13:00:00,0.0,0.0
2022-02-23 14:00:00,0.0,0.0
2022-02-23 15:00:00,0.0,0.0
2022-02-23 16:00:00,0.0,0.0
2022-02-23 17:00:00,0.0,0.0
2022-02-23 18:00:00,0.0,0.0
2022-02-23 19:00:00,0.99,0.0
2022-02-23 20:00:00,0.0,0.0
2022-02-23 21:00:00,0.0,0.0
2022-02-23 22:00:00,0.0,0.0
2022-02-23 23:00:00,0.0,0.0
2022-02-24 00:00:00,0.0,0.0
2022-02-24 01:00:00,0.0,0.0
2022-02-24 02:00:00,0.0,0.0
2022-02-24 03:00:00,0.0,0.0
2022-02-24 04:00:00,0.0,0.0
2022-02-24 05:00:00,0.0,0.0
2022-02-24 06:00:00,0.0,0.0
2022-02-24 07:00:00,0.0,0.0
2022-02-24 08:00:00,0.0,0.0
2022-02-24 09:00:00,0.0,0.0
2022-02-24 10:00:00,0.0,0.0
2022-02-24 11:00:00,0.0,0.0
2022-02-24 12:00:00,0.0,0.0
2022-02-24 13:00:00,0.0,0.0
2022-02-24 14:00:00,0.0,0.0
2022-02-24 15:00:00,0.0,0.0
2022-02-24 16:00:00,0.0,0.0
2022-02-24 17:00:00,0.0,0.0
2022-02-24 18:00:00,0.0,0.0
2022-02-24 19:00:00,0.0,0.0
2022-02-24 20:00:00,0.0,0.0
2022-02-24 21:00:00,0.0,0.0
2022-02-24 22:00:00,0.0,0.0
2022-02-24 23:00:00,0.0,0.0
2022-02-25 00:00:00,0.0,0.0
2022-02-25 01:00:00,0.0,0.0
2022-02-25 02:00:00,0.0,0.0
2022-02-25 03:00:00,0.0,0.0
2022-02-25 04:00:00,0.0,0.0
2022-02-25 05:00:00,0.0,0.0
2022-02-25 06:00:00,0.0,0.0
2022-02-25 07:00:00,0.0,0.0
2022-02-25 08:00:00,0.0,0.0
2022-02-25 09:00:00,0.0,0.0
2022-02-25 10:00:00,0.0,0.0
2022-02-25 11:00:00,0.0,0.0
2022-02-25 12:00:00,0.0,0.0
2022-02-25 13:00:00,0.0,0.0
2022-02-25 14:00:00,0.0,0.0
2022-02-25 15:00:00,0.0,0.0
2022-02-25 16:00:00,0.0,0.0
2022-02-25 17:00:00,0.0,0.0
2022-02-25 18:00:00,0.0,0.0
2022-02-25 19:00:00,0.0,0.0
2022-02-25 20:00:00,0.0,0.0
2022-02-25 21:00:00,0.0,0.0
2022-02-25 22:00:00,0.0,0.0
2022-02-25 23:00:00,0.0,0.0
2022-02-26 00:00:00,0.0,0.0
2022-02-26 01:00:00,0.0,0.0
2022-02-26 02:00:00,0.0,0.0
2022-02-26 03:00:00,0.0,0.0
2022-02-26 04:00:00,0.0,0.0
2022-02-26 05:00:00,0.0,0.0
2022-02-26 06:00:00,0.0,0.0
2022-02-26 07:00:00,0.0,0.0
2022-02-26 08:00:00,0.0,0.0
2022-02-26 09:00:00,0.0,0.0
2022-02-26 10:00:00,0.0,0.0
2022-02-26 11:00:00,0.0,0.0
2022-02-26 12:00:00,0.0,0.0
2022-02-26 13:00:00,0.0,0.0
2022-02-26 14:00:00,0.0,0.0
2022-02-26 15:00:00,0.0,0.0
2022-02-26 16:00:00,0.0,0.0
2022-02-26 17:00:00,0.0,0.0
2022-02-26 18:00:00,0.0,0.0
2022-02-26 19:00:00,0.0,0.0
2022-02-26 20:00:00,0.0,0.0
2022-02-26 21:00:00,0.0,0.0
2022-02-26 22:00:00,0.0,0.0
2022-02-26 23:00:00,0.0,0.0
2022-02-27 00:00:00,0.0,0.0
2022-02-27 01:00:00,0.0,0.0
2022-02-27 02:00:00,0.0,0.0
2022-02-27 03:00:00,0.0,0.0
2022-02-27 04:00:00,0.0,0.0
2022-02-27 05:00:00,0.0,0.0
2022-02-27 06:00:00,0.0,0.0
2022-02-27 07:00:00,0.0,0.0
2022-02-27 08:00:00,0.0,0.0
2022-02-27 09:00:00,0.0,0.0
2022-02-27 10:00:00,0.0,0.0
2022-02-27 11:00:00,0.0,0.0
2022-02-27 12:00:00,0.0,0.0
2022-02-27 13:00:00,0.0,0.0
2022-02-27 14:00:00,0.0,0.0
2022-02-27 15:00:00,0.0,0.0
2022-02-27 16:00:00,0.0,0.0
2022-02-27 17:00:00,0.0,0.0
2022-02-27 18:00:00,0.0,0.0
2022-02-27 19:00:00,0.0,0.0
2022-02-27 20:00:00,0.0,0.0
2022-02-27 21:00:00,0.0,0.0
2022-02-27 22:00:00,0.0,0.0
2022-02-27 23:00:00,0.0,0.0
2022-02-28 00:00:00,0.0,0.0
2022-02-28 01:00:00,0.0,0.0
2022-02-28 02:00:00,0.0,0.0
2022-02-28 03:00:00,0.0,0.0
2022-02-28 04:00:00,0.0,0.0
2022-02-28 05:00:00,0.0,0.0
2022-02-28 06:00:00,0.0,0.0
2022-02-28 07:00:00,0.0,0.0
2022-02-28 08:00:00,0.0,0.0
2022-02-28 09:00:00,0.0,0.0
2022-02-28 10:00:00,0.0,0.0
2022-02-28 11:00:00,0.0,0.0
2022-02-28 12:00:00,0.0,0.0
2022-02-28 13:00:00,0.0,0.0
2022-02-28 14:00:00,0.0,0.0
2022-02-28 15:00:00,0.0,0.0
2022-02-28 16:00:00,0.0,0.0
2022-02-28 17:00:00,0.0,0.0
2022-02-28 18:00:00,0.0,0.0
2022-02-28 19:00:00,0.0,0.0
2022-02-28 20:00:00,0.0,0.0
2022-02-28 21:00:00,0.0,0.0
2022-02-28 22:00:00,0.0,0.0
2022-02-28 23:00:00,0.0,0.0
2022-03-01 00:00:00,0.0,0.0
2022-03-01 01:00:00,0.0,0.0
2022-03-01 02:00:00,0.0,0.0
2022-03-01 03:00:00,0.0,0.0
2022-03-01 04:00:00,0.0,0.0
2022-03-01 05:00:00,0.0,0.0
2022-03-01 06:00:00,0.0,0.0
2022-03-01 07:00:00,0.0,0.0
2022-03-01 08:00:00,0.0,0.0
2022-03-01 09:00:00,0.0,0.0
2022-03-01 10:00:00,0.0,0.0
2022-03-01 11:00:00,0.0,0.0
2022-03-01 12:00:00,0.0,0.0
2022-03-01 13:00:00,0.0,0.0
2022-03-01 14:00:00,0.0,0.0
2022-03-01 15:00:00,0.0,0.0
2022-03-01 16:00:00,0.0,0.0
2022-03-01 17:00:00,0.0,0.0
2022-03-01 18:00:00,0.0,0.0
2022-03-01 19:00:00,0.0,0.0
2022-03-01 20:00:00,0.0,0.0
2022-03-01 21:00:00,0.0,0.0
2022-03-01 22:00:00,0.0,0.0
2022-03-01 23:00:00,0.0,0.0
2022-03-02 00:00:00,0.0,0.0
2022-03-02 01:00:00,0.0,0.0
2022-03-02 02:00:00,0.0,0.0
2022-03-02 03:00:00,0.0,0.0
2022-03-02 04:00:00,0.0,0.0
2022-03-02 05:00:00,0.0,0.0
2022-03-02 06:00:00,0.0,0.0
2022-03-02 07:00:00,0.0,0.0
2022-03-02 08:00:00,0.0,0.0
2022-03-02 09:00:00,0.0,0.0
2022-03-02 10:00:00,0.0,0.0
2022-03-02 11:00:00,0.0,0.0
2022-03-02 12:00:00,0.0,0.0
2022-03-02 13:00:00,0.0,0.0
2022-03-02 14:00:00,0.0,0.0
2022-03-02 15:00:00,0.0,0.0
2022-03-02 16:00:00,0.0,0.0
2022-03-02 17:00:00,0.0,0.0
2022-03-02 18:00:00,0.0,0.0
2022-03-02 19:00:00,0.0,0.0
2022-03-02 20:00:00,0.0,0.0
2022-03-02 21:00:00,0.0,0.0
2022-03-02 22:00:00,0.0,0.0
2022-03-02 23:00:00,0.0,0.0
2022-03-03 00:00:00,0.0,0.0
2022-03-03 01:00:00,0.0,0.0
2022-03-03 02:00:00,0.0,0.0
2022-03-03 03:00:00,0.0,0.0
2022-03-03 04:00:00,0.0,0.0
2022-03-03 05:00:00,0.0,0.0
2022-03-03 06:00:00,0.0,0.0
2022-03-03 07:00:00,0.0,0.0
2022-03-03 08:00:00,0.0,0.0
2022-03-03 09:00:00,0.0,0.0
2022-03-03 10:00:00,0.0,0.0
2022-03-03 11:00:00,0.0,0.0
2022-03-03 12:00:00,0.0,0.0
2022-03-03 13:00:00,0.0,0.0
2022-03-03 14:00:00,0.0,0.0
2022-03-03 15:00:00,0.0,0.0
2022-03-03 16:00:00,0.0,0.0
2022-03-03 17:00:00,0.0,0.0
2022-03-03 18:00:00,0.0,0.0
2022-03-03 19:00:00,0.0,0.0
2022-03-03 20:00:00,0.0,0.0
2022-03-03 21:00:00,0.0,0.0
2022-03-03 22:00:00,0.0,0.0
2022-03-03 23:00:00,0.0,0.0
2022-03-04 00:00:00,0.0,0.0
2022-03-04 01:00:00,0.0,0.0
2022-03-04 02:00:00,0.0,0.0
2022-03-04 03:00:00,0.0,0.0
2022-03-04 04:00:00,0.0,0.0
2022-03-04 05:00:00,0.0,0.0
2022-03-04 06:00:00,0.0,0.0
2022-03-04 07:00:00,0.0,0.0
2022-03-04 08:00:00,0.0,0.0
2022-03-04 09:00:00,0.0,0.0
2022-03-04 10:00:00,0.0,0.0
2022-03-04 11:00:00,0.0,0.0
2022-03-04 12:00:00,0.0,0.0
2022-03-04 13:00:00,0.0,0.0
2022-03-04 14:00:00,0.0,0.0
2022-03-04 15:00:00,0.0,0.0
2022-03-04 16:00:00,0.0,0.0
2022-03-04 17:00:00,0.0,0.0
2022-03-04 18:00:00,0.0,0.0
2022-03-04 19:00:00,0.0,0.0
2022-03-04 20:00:00,0.0,0.0
2022-03-04 21:00:00,0.0,0.0
2022-03-04 22:00:00,0.0,0.0
2022-03-04 23:00:00,0.0,0.0
2022-03-05 00:00:00,0.0,0.0
2022-03-05 01:00:00,0.0,0.0
2022-03-05 02:00:00,0.0,0.0
2022-03-05 03:00:00,0.0,0.0
2022-03-05 04:00:00,0.0,0.0
2022-03-05 05:00:00,0.0,0.0
2022-03-05 06:00:00,0.0,0.0
2022-03-05 07:00:00,0.0,0.0
2022-03-05 08:00:00,0.0,0.0
2022-03-05 09:00:00,0.0,0.0
2022-03-05 10:00:00,0.0,0.0
2022-03-05 11:00:00,0.0,0.0
2022-03-05 12:00:00,0.0,0.0
2022-03-05 13:00:00,0.0,0.0
2022-03-05 14:00:00,0.0,0.0
2022-03-05 15:00:00,0.0,0.0
2022-03-05 16:00:00,0.0,0.0
2022-03-05 17:00:00,0.0,0.0
2022-03-05 18:00:00,0.0,0.0
2022-03-05 19:00:00,0.0,0.0
2022-03-05 20:00:00,0.0,0.0
2022-03-05 21:00:00,0.0,0.0
2022-03-05 22:00:00,0.0,0.0
2022-03-05 23:00:00,0.0,0.0
2022-03-06 00:00:00,0.0,0.0
2022-03-06 01:00:00,0.0,0.0
2022-03-06 02:00:00,0.0,0.0
2022-03-06 03:00:00,0.0,0.0
2022-03-06 04:00:00,0.0,0.0
2022-03-06 05:00:00,0.0,0.0
2022-03-06 06:00:00,0.0,0.0
2022-03-06 07:00:00,0.0,0.0
2022-03-06 08:00:00,0.0,0.0
2022-03-06 09:00:00,0.0,0.0
2022-03-06 10:00:00,0.0,0.0
2022-03-06 11:00:00,0.0,0.0
2022-03-06 12:00:00,0.0,0.0
2022-03-06 13:00:00,0.0,0.0
2022-03-06 14:00:00,0.0,0.0
2022-03-06 15:00:00,0.0,0.0
2022-03-06 16:00:00,0.0,0.0
2022-03-06 17:00:00,0.0,0.0
2022-03-06 18:00:00,0.0,0.0
2022-03-06 19:00:00,0.0,0.0
2022-03-06 20:00:00,0.0,0.0
2022-03-06 21:00:00,0.0,0.0
2022-03-06 22:00:00,0.0,0.0
2022-03-06 23:00:00,0.0,0.0
2022-03-07 00:00:00,0.0,0.0
2022-03-07 01:00:00,0.0,0.0
2022-03-07 02:00:00,0.0,0.0
2022-03-07 03:00:00,0.0,0.0
2022-03-07 04:00:00,0.0,0.0
2022-03-07 05:00:00,0.0,0.0
2022-03-07 06:00:00,0.0,0.0
2022-03-07 07:00:00,0.0,0.0
2022-03-07 08:00:00,0.0,0.0
2022-03-07 09:00:00,0.0,0.0
2022-03-07 10:00:00,0.0,0.0
2022-03-07 11:00:00,0.0,0.0
2022-03-07 12:00:00,0.0,0.0
2022-03-07 13:00:00,0.49,0.0
2022-03-07 14:00:00,0.0,0.0
2022-03-07 15:00:00,0.0,0.0
2022-03-07 16:00:00,0.0,0.0
2022-03-07 17:00:00,0.0,0.0
2022-03-07 18:00:00,0.0,0.0
2022-03-07 19:00:00,0.0,0.0
2022-03-07 20:00:00,0.0,0.0
2022-03-07 21:00:00,0.0,0.0
2022-03-07 22:00:00,0.0,0.0
2022-03-07 23:00:00,0.0,0.0
2022-03-08 00:00:00,0.0,0.0
2022-03-08 01:00:00,0.0,0.0
2022-03-08 02:00:00,0.0,0.0
2022-03-08 03:00:00,0.0,0.0
2022-03-08 04:00:00,0.0,0.0
2022-03-08 05:00:00,0.0,0.0
2022-03-08 06:00:00,0.0,0.0
2022-03-08 07:00:00,0.0,0.0
2022-03-08 08:00:00,0.0,0.0
2022-03-08 09:00:00,0.0,0.0
2022-03-08 10:00:00,0.0,0.0
2022-03-08 11:00:00,0.0,0.0
2022-03-08 12:00:00,0.0,0.0
2022-03-08 13:00:00,0.0,0.0
2022-03-08 14:00:00,0.0,0.0
2022-03-08 15:00:00,0.0,0.0
2022-03-08 16:00:00,0.0,0.0
2022-03-08 17:00:00,0.0,0.0
2022-03-08 18:00:00,0.0,0.0
2022-03-08 19:00:00,0.0,0.0
2022-03-08 20:00:00,0.0,0.0
2022-03-08 21:00:00,0.0,0.0
2022-03-08 22:00:00,0.0,0.0
2022-03-08 23:00:00,0.0,0.0
2022-03-09 00:00:00,0.0,0.0
2022-03-09 01:00:00,0.0,0.0
2022-03-09 02:00:00,0.0,0.0
2022-03-09 03:00:00,0.0,0.0
2022-03-09 04:00:00,0.0,0.0
2022-03-09 05:00:00,0.0,0.0
2022-03-09 06:00:00,0.0,0.0
2022-03-09 07:00:00,0.0,0.0
2022-03-09 08:00:00,0.0,0.0
2022-03-09 09:00:00,0.0,0.0
2022-03-09 10:00:00,0.0,0.0
2022-03-09 11:00:00,0.0,0.0
2022-03-09 12:00:00,0.0,0.0
2022-03-09 13:00:00,0.0,0.0
2022-03-09 14:00:00,0.0,0.0
2022-03-09 15:00:00,0.0,0.0
2022-03-09 16:00:00,0.0,0.0
2022-03-09 17:00:00,0.0,0.0
2022-03-09 18:00:00,0.0,0.0
2022-03-09 19:00:00,0.0,0.0
2022-03-09 20:00:00,0.0,0.0
2022-03-09 21:00:00,0.0,0.0
2022-03-09 22:00:00,0.0,0.0
2022-03-09 23:00:00,0.0,0.0
2022-03-10 00:00:00,0.0,0.0
2022-03-10 01:00:00,0.0,0.0
2022-03-10 02:00:00,0.0,0.0
2022-03-10 03:00:00,0.0,0.0
2022-03-10 04:00:00,0.0,0.0
2022-03-10 05:00:00,0.0,0.0
2022-03-10 06:00:00,0.0,0.0
2022-03-10 07:00:00,0.0,0.0
2022-03-10 08:00:00,0.0,0.0
2022-03-10 09:00:00,0.0,0.0
2022-03-10 10:00:00,0.0,0.0
2022-03-10 11:00:00,0.0,0.0
2022-03-10 12:00:00,0.0,0.0
2022-03-10 13:00:00,0.0,0.0
2022-03-10 14:00:00,0.0,0.0
2022-03-10 15:00:00,0.0,0.0
2022-03-10 16:00:00,0.0,0.0
2022-03-10 17:00:00,0.0,0.0
2022-03-10 18:00:00,0.0,0.0
2022-03-10 19:00:00,0.0,0.0
2022-03-10 20:00:00,0.0,0.0
2022-03-10 21:00:00,0.0,0.0
2022-03-10 22:00:00,0.0,0.0
2022-03-10 23:00:00,0.0,0.0
2022-03-11 00:00:00,0.0,0.0
2022-03-11 01:00:00,0.0,0.0
2022-03-11 02:00:00,0.0,0.0
2022-03-11 03:00:00,0.0,0.0
2022-03-11 04:00:00,0.0,0.0
2022-03-11 05:00:00,0.0,0.0
2022-03-11 06:00:00,0.0,0.0
2022-03-11 07:00:00,0.0,0.0
2022-03-11 08:00:00,0.0,0.0
2022-03-11 09:00:00,0.0,0.0
2022-03-11 10:00:00,0.0,0.0
2022-03-11 11:00:00,0.0,0.0
2022-03-11 12:00:00,0.0,0.0
2022-03-11 13:00:00,0.0,0.0
2022-03-11 14:00:00,0.0,0.0
2022-03-11 15:00:00,0.0,0.0
2022-03-11 16:00:00,0.0,0.0
2022-03-11 17:00:00,0.0,0.0
2022-03-11 18:00:00,0.0,0.0
2022-03-11 19:00:00,0.0,0.0
2022-03-11 20:00:00,0.0,0.0
2022-03-11 21:00:00,0.0,0.0
2022-03-11 22:00:00,0.0,0.0
2022-03-11 23:00:00,0.0,0.0
2022-03-12 00:00:00,0.0,0.0
2022-03-12 01:00:00,0.0,0.0
2022-03-12 02:00:00,0.0,0.0
2022-03-12 03:00:00,0.0,0.0
2022-03-12 04:00:00,0.0,0.0
2022-03-12 05:00:00,0.0,0.0
2022-03-12 06:00:00,0.0,0.0
2022-03-12 07:00:00,0.0,0.0
2022-03-12 08:00:00,0.0,0.0
2022-03-12 09:00:00,0.0,0.0
2022-03-12 10:00:00,0.0,0.0
2022-03-12 11:00:00,0.0,0.0
2022-03-12 12:00:00,0.0,0.0
2022-03-12 13:00:00,0.0,0.0
2022-03-12 14:00:00,0.0,0.0
2022-03-12 15:00:00,0.0,0.0
2022-03-12 16:00:00,0.0,0.0
2022-03-12 17:00:00,0.0,0.0
2022-03-12 18:00:00,0.0,0.0
2022-03-12 19:00:00,0.0,0.0
2022-03-12 20:00:00,0.0,0.0
2022-03-12 21:00:00,0.0,0.0
2022-03-12 22:00:00,0.0,0.0
2022-03-12 23:00:00,0.0,0.0
2022-03-13 00:00:00,0.0,0.0
2022-03-13 01:00:00,0.0,0.0
2022-03-13 02:00:00,0.0,0.0
2022-03-13 03:00:00,0.0,0.0
2022-03-13 04:00:00,0.0,0.0
2022-03-13 05:00:00,0.0,0.0
2022-03-13 06:00:00,0.0,0.0
2022-03-13 07:00:00,0.0,0.0
2022-03-13 08:00:00,0.0,0.0
2022-03-13 09:00:00,0.0,0.0
2022-03-13 10:00:00,0.0,0.0
2022-03-13 11:00:00,0.0,0.0
2022-03-13 12:00:00,0.0,0.0
2022-03-13 13:00:00,0.0,0.0
2022-03-13 14:00:00,0.0,0.0
2022-03-13 15:00:00,0.0,0.0
2022-03-13 16:00:00,0.0,0.0
2022-03-13 17:00:00,0.0,0.0
2022-03-13 18:00:00,0.0,0.0
2022-03-13 19:00:00,0.0,0.0
2022-03-13 20:00:00,0.0,0.0
2022-03-13 21:00:00,0.0,0.0
2022-03-13 22:00:00,0.0,0.0
2022-03-13 23:00:00,0.0,0.0
2022-03-14 00:00:00,0.0,0.0
2022-03-14 01:00:00,0.0,0.0
2022-03-14 02:00:00,0.0,0.0
2022-03-14 03:00:00,0.0,0.0
2022-03-14 04:00:00,0.0,0.0
2022-03-14 05:00:00,0.0,0.0
2022-03-14 06:00:00,0.0,0.0
2022-03-14 07:00:00,0.0,0.0
2022-03-14 08:00:00,0.0,0.0
2022-03-14 09:00:00,0.0,0.0
2022-03-14 10:00:00,0.0,0.0
2022-03-14 11:00:00,0.0,0.0
2022-03-14 12:00:00,0.0,0.0
2022-03-14 13:00:00,0.49,0.0
2022-03-14 14:00:00,0.0,0.0
2022-03-14 15:00:00,0.0,0.0
2022-03-14 16:00:00,1.48,0.0
2022-03-14 17:00:00,2.71740872,0.0
2022-03-14 18:00:00,5.93316546,0.0
2022-03-14 19:00:00,0.0,0.0
2022-03-14 20:00:00,0.59,0.0
2022-03-14 21:00:00,0.0,0.0
2022-03-14 22:00:00,0.0,0.0
2022-03-14 23:00:00,0.0,0.0
2022-03-15 00:00:00,0.0,0.0
2022-03-15 01:00:00,0.0,0.0
2022-03-15 02:00:00,0.0,0.0
2022-03-15 03:00:00,0.0,0.0
2022-03-15 04:00:00,0.0,0.0
2022-03-15 05:00:00,0.0,0.0
2022-03-15 06:00:00,0.0,0.0
2022-03-15 07:00:00,0.0,0.0
2022-03-15 08:00:00,0.0,0.0
2022-03-15 09:00:00,0.0,0.0
2022-03-15 10:00:00,0.0,0.0
2022-03-15 11:00:00,0.0,0.0
2022-03-15 12:00:00,0.0,0.0
2022-03-15 13:00:00,0.0,0.0
2022-03-15 14:00:00,0.0,0.0
2022-03-15 15:00:00,0.0,0.0
2022-03-15 16:00:00,0.0,0.0
2022-03-15 17:00:00,0.0,0.0
2022-03-15 18:00:00,0.0,0.0
2022-03-15 19:00:00,0.0,0.0
2022-03-15 20:00:00,0.0,0.0
2022-03-15 21:00:00,0.0,0.0
2022-03-15 22:00:00,0.0,0.0
2022-03-15 23:00:00,0.0,0.0
2022-03-16 00:00:00,0.0,0.0
2022-03-16 01:00:00,0.0,0.0
2022-03-16 02:00:00,0.0,0.0
2022-03-16 03:00:00,0.0,0.0
2022-03-16 04:00:00,0.0,0.0
2022-03-16 05:00:00,0.0,0.0
2022-03-16 06:00:00,0.0,0.0
2022-03-16 07:00:00,0.0,0.0
2022-03-16 08:00:00,0.0,0.0
2022-03-16 09:00:00,0.0,0.0
2022-03-16 10:00:00,0.0,0.0
2022-03-16 11:00:00,0.0,0.0
2022-03-16 12:00:00,0.0,0.0
2022-03-16 13:00:00,0.0,0.0
2022-03-16 14:00:00,0.0,0.0
2022-03-16 15:00:00,0.0,0.0
2022-03-16 16:00:00,0.0,0.0
2022-03-16 17:00:00,0.0,0.0
2022-03-16 18:00:00,7.07,-0.5
2022-03-16 19:00:00,12.71,0.0
2022-03-16 20:00:00,2.99,0.0
2022-03-16 21:00:00,1.48,0.0
2022-03-16 22:00:00,0.99,0.0
2022-03-16 23:00:00,0.0,-0.11000000000000004
2022-03-17 00:00:00,0.0,0.0
2022-03-17 01:00:00,7.460000000000001,0.0
2022-03-17 02:00:00,0.0,0.0
2022-03-17 03:00:00,0.0,0.0
2022-03-17 04:00:00,5.0,0.0
2022-03-17 05:00:00,1.97,0.0
2022-03-17 06:00:00,0.0,0.0
2022-03-17 07:00:00,0.19,0.0
2022-03-17 08:00:00,0.39,0.0
2022-03-17 09:00:00,5.98,0.0
2022-03-17 10:00:00,14.078957970000001,-9.5
2022-03-17 11:00:00,15.3,0.0
2022-03-17 12:00:00,2.99,-0.9000000000000004
2022-03-17 13:00:00,1.63,0.0
2022-03-17 14:00:00,4.66,0.0
2022-03-17 15:00:00,2.98,-1.9
2022-03-17 16:00:00,0.09,-1.9900000000000002
2022-03-17 17:00:00,0.0,0.0
2022-03-17 18:00:00,1.98,0.0
2022-03-17 19:00:00,0.17,0.0
2022-03-17 20:00:00,0.0,0.0
2022-03-17 21:00:00,20.50121628,0.0
2022-03-17 22:00:00,0.99,0.0
2022-03-17 23:00:00,13.99,0.0
2022-03-18 00:00:00,0.0,0.0
2022-03-18 01:00:00,0.0,0.0
2022-03-18 02:00:00,0.0,0.0
2022-03-18 03:00:00,0.0,0.0
2022-03-18 04:00:00,0.0,0.0
2022-03-18 05:00:00,0.0,0.0
2022-03-18 06:00:00,1.99,0.0
2022-03-18 07:00:00,0.49,0.0
2022-03-18 08:00:00,100.17999999999999,0.0
2022-03-18 09:00:00,0.0,0.0
2022-03-18 10:00:00,0.1,0.0
2022-03-18 11:00:00,0.0,0.0
2022-03-18 12:00:00,0.0,0.0
2022-03-18 13:00:00,16.444,0.0
2022-03-18 14:00:00,0.0,0.0
2022-03-18 15:00:00,0.0,0.0
2022-03-18 16:00:00,28.469999999999995,-25.000000009999997
2022-03-18 17:00:00,9.99,0.0
2022-03-18 18:00:00,1.18,-0.10999999999999999
2022-03-18 19:00:00,0.0,0.0
2022-03-18 20:00:00,0.19,0.0
2022-03-18 21:00:00,0.00523653,0.0
2022-03-18 22:00:00,0.99,0.0
2022-03-18 23:00:00,0.0,0.0
2022-03-19 00:00:00,0.0,0.0
2022-03-19 01:00:00,0.0,0.0
2022-03-19 02:00:00,0.0,0.0
2022-03-19 03:00:00,0.0,0.0
2022-03-19 04:00:00,0.0,0.0
2022-03-19 05:00:00,0.99,0.0
2022-03-19 06:00:00,0.0,0.0
2022-03-19 07:00:00,0.0,0.0
2022-03-19 08:00:00,0.0,0.0
2022-03-19 09:00:00,4.99,-4.99
2022-03-19 10:00:00,9.99,0.0
2022-03-19 11:00:00,0.79,0.0
2022-03-19 12:00:00,0.19,0.0
2022-03-19 13:00:00,0.0,0.0
2022-03-19 14:00:00,0.21,0.0
2022-03-19 15:00:00,0.0,0.0
2022-03-19 16:00:00,0.0,0.0
2022-03-19 17:00:00,0.0,0.0
2022-03-19 18:00:00,0.0,0.0
2022-03-19 19:00:00,0.0,0.0
2022-03-19 20:00:00,0.79,0.0
2022-03-19 21:00:00,0.0,0.0
2022-03-19 22:00:00,0.0,0.0
2022-03-19 23:00:00,0.0,0.0
2022-03-20 00:00:00,0.0,0.0
2022-03-20 01:00:00,0.0,0.0
2022-03-20 02:00:00,0.0,0.0
2022-03-20 03:00:00,0.0,0.0
2022-03-20 04:00:00,0.0,0.0
2022-03-20 05:00:00,0.0,0.0
2022-03-20 06:00:00,0.0,0.0
2022-03-20 07:00:00,0.0,0.0
2022-03-20 08:00:00,0.0,0.0
2022-03-20 09:00:00,0.99,0.0
2022-03-20 10:00:00,0.0,0.0
2022-03-20 11:00:00,0.0,0.0
2022-03-20 12:00:00,0.0,0.0
2022-03-20 13:00:00,0.99,0.0
2022-03-20 14:00:00,0.0,0.0
2022-03-20 15:00:00,0.0,0.0
2022-03-20 16:00:00,2.99,0.0
2022-03-20 17:00:00,0.99,-1.0
2022-03-20 18:00:00,3.99,0.0
2022-03-20 19:00:00,15.9846939,0.0
2022-03-20 20:00:00,2.79,-3.0
2022-03-20 21:00:00,0.01,0.0
2022-03-20 22:00:00,0.0,0.0
2022-03-20 23:00:00,0.0,0.0
2022-03-21 00:00:00,2.98,0.0
2022-03-21 01:00:00,0.0,-0.25
2022-03-21 02:00:00,0.0,0.0
2022-03-21 03:00:00,0.0,0.0
2022-03-21 04:00:00,0.0,0.0
2022-03-21 05:00:00,0.0,0.0
2022-03-21 06:00:00,0.0,0.0
2022-03-21 07:00:00,0.0,0.0
2022-03-21 08:00:00,1.54843648,0.0
2022-03-21 09:00:00,0.0,0.0
2022-03-21 10:00:00,0.0,0.0
2022-03-21 11:00:00,1.73,0.0
2022-03-21 12:00:00,0.0,0.0
2022-03-21 13:00:00,0.29,0.0
2022-03-21 14:00:00,1.98,0.0
2022-03-21 15:00:00,0.0,0.0
2022-03-21 16:00:00,0.09,0.0
2022-03-21 17:00:00,0.0,0.0
2022-03-21 18:00:00,0.99,0.0
2022-03-21 19:00:00,0.0,0.0
2022-03-21 20:00:00,0.0,0.0
2022-03-21 21:00:00,5.78,-0.9900000000000002
2022-03-21 22:00:00,0.0,0.0
2022-03-21 23:00:00,0.0,-8.149360000000001
2022-03-22 00:00:00,1.46411217,0.0
2022-03-22 01:00:00,0.0,0.0
2022-03-22 02:00:00,0.0,0.0
2022-03-22 03:00:00,0.0,0.0
2022-03-22 04:00:00,0.0,0.0
2022-03-22 05:00:00,0.0,0.0
2022-03-22 06:00:00,0.0,0.0
2022-03-22 07:00:00,0.0,0.0
2022-03-22 08:00:00,0.0,0.0
2022-03-22 09:00:00,0.99,0.0
2022-03-22 10:00:00,0.0,0.0
2022-03-22 11:00:00,0.0,0.0
2022-03-22 12:00:00,3.99,-1.7000000000000002
2022-03-22 13:00:00,0.0,0.0
2022-03-22 14:00:00,0.99,0.0
2022-03-22 15:00:00,0.0,0.0
2022-03-22 16:00:00,0.0,0.0
2022-03-22 17:00:00,0.0,0.0
2022-03-22 18:00:00,0.0,0.0
2022-03-22 19:00:00,0.0,0.0
2022-03-22 20:00:00,0.0,0.0
2022-03-22 21:00:00,0.0,0.0
2022-03-22 22:00:00,0.0,0.0
2022-03-22 23:00:00,0.0,0.0
2022-03-23 00:00:00,0.0,0.0
2022-03-23 01:00:00,0.0,0.0
2022-03-23 02:00:00,0.0,0.0
2022-03-23 03:00:00,0.0,0.0
2022-03-23 04:00:00,0.0,0.0
2022-03-23 05:00:00,0.0,0.0
2022-03-23 06:00:00,0.0,0.0
2022-03-23 07:00:00,0.0,0.0
2022-03-23 08:00:00,0.0,0.0
2022-03-23 09:00:00,0.0,0.0
2022-03-23 10:00:00,2.99,0.0
2022-03-23 11:00:00,0.0,0.0
2022-03-23 12:00:00,0.0,0.0
2022-03-23 13:00:00,11.98,0.0
2022-03-23 14:00:00,0.0,0.0
2022-03-23 15:00:00,0.0,0.0
2022-03-23 16:00:00,0.0,0.0
2022-03-23 17:00:00,0.99,0.0
2022-03-23 18:00:00,0.0,0.0
2022-03-23 19:00:00,0.0,0.0
2022-03-23 20:00:00,0.0,0.0
2022-03-23 21:00:00,0.0,0.0
2022-03-23 22:00:00,0.0,0.0
2022-03-23 23:00:00,0.0,0.0
2022-03-24 00:00:00,0.0,0.0
2022-03-24 01:00:00,0.0,0.0
2022-03-24 02:00:00,0.0,0.0
2022-03-24 03:00:00,0.0,0.0
2022-03-24 04:00:00,0.0,0.0
2022-03-24 05:00:00,0.0,0.0
2022-03-24 06:00:00,0.0,0.0
2022-03-24 07:00:00,0.0,0.0
2022-03-24 08:00:00,0.0,0.0
2022-03-24 09:00:00,0.0,-0.5
2022-03-24 10:00:00,0.0,0.0
2022-03-24 11:00:00,0.0,0.0
2022-03-24 12:00:00,1.24,0.0
2022-03-24 13:00:00,0.0,0.0
2022-03-24 14:00:00,0.0,0.0
2022-03-24 15:00:00,0.0,0.0
2022-03-24 16:00:00,0.0,0.0
2022-03-24 17:00:00,0.0,0.0
2022-03-24 18:00:00,0.0,0.0
2022-03-24 19:00:00,0.0,0.0
2022-03-24 20:00:00,0.0,0.0
2022-03-24 21:00:00,0.0,0.0
2022-03-24 22:00:00,0.0,0.0
2022-03-24 23:00:00,0.0,0.0
2022-03-25 00:00:00,0.0,0.0
2022-03-25 01:00:00,0.0,0.0
2022-03-25 02:00:00,0.09,0.0
2022-03-25 03:00:00,0.0,0.0
2022-03-25 04:00:00,0.0,0.0
2022-03-25 05:00:00,0.0,0.0
2022-03-25 06:00:00,0.0,0.0
2022-03-25 07:00:00,0.0,0.0
2022-03-25 08:00:00,0.0,0.0
2022-03-25 09:00:00,3.99,0.0
2022-03-25 10:00:00,0.0,0.0
2022-03-25 11:00:00,0.0,0.0
2022-03-25 12:00:00,0.0,0.0
2022-03-25 13:00:00,0.0,0.0
2022-03-25 14:00:00,0.0,0.0
2022-03-25 15:00:00,0.0,0.0
2022-03-25 16:00:00,0.99,0.0
2022-03-25 17:00:00,0.0,0.0
2022-03-25 18:00:00,0.0,0.0
2022-03-25 19:00:00,0.0,0.0
2022-03-25 20:00:00,0.0,0.0
2022-03-25 21:00:00,0.0,0.0
2022-03-25 22:00:00,0.0,0.0
2022-03-25 23:00:00,0.0,0.0
2022-03-26 00:00:00,0.0,0.0
2022-03-26 01:00:00,0.0,0.0
2022-03-26 02:00:00,0.0,0.0
2022-03-26 03:00:00,0.0,0.0
2022-03-26 04:00:00,0.0,0.0
2022-03-26 05:00:00,0.0,0.0
2022-03-26 06:00:00,0.0,0.0
2022-03-26 07:00:00,0.0,0.0
2022-03-26 08:00:00,0.0,0.0
2022-03-26 09:00:00,0.0,0.0
2022-03-26 10:00:00,0.0,0.0
2022-03-26 11:00:00,0.0,0.0
2022-03-26 12:00:00,124.211,0.0
2022-03-26 13:00:00,0.0,0.0
2022-03-26 14:00:00,0.0,0.0
2022-03-26 15:00:00,0.0,0.0
2022-03-26 16:00:00,0.99,-0.9900000000000001
2022-03-26 17:00:00,0.0,-2.0
2022-03-26 18:00:00,0.0,0.0
2022-03-26 19:00:00,0.0,0.0
2022-03-26 20:00:00,0.0,0.0
2022-03-26 21:00:00,0.0,0.0
2022-03-26 22:00:00,0.0,0.0
2022-03-26 23:00:00,0.0,0.0
2022-03-27 00:00:00,0.0,0.0
2022-03-27 01:00:00,0.0,0.0
2022-03-27 02:00:00,0.0,0.0
2022-03-27 03:00:00,0.0,0.0
2022-03-27 04:00:00,0.0,0.0
2022-03-27 05:00:00,0.09,0.0
2022-03-27 06:00:00,0.0,0.0
2022-03-27 07:00:00,0.0,0.0
2022-03-27 08:00:00,0.0,0.0
2022-03-27 09:00:00,0.79,0.0
2022-03-27 10:00:00,0.0,0.0
2022-03-27 11:00:00,0.99,0.0
2022-03-27 12:00:00,0.0,0.0
2022-03-27 13:00:00,0.0,0.0
2022-03-27 14:00:00,0.0,0.0
2022-03-27 15:00:00,0.0,0.0
2022-03-27 16:00:00,0.0,0.0
2022-03-27 17:00:00,0.0,0.0
2022-03-27 18:00:00,0.0,0.0
2022-03-27 19:00:00,0.0,0.0
2022-03-27 20:00:00,0.99,0.0
2022-03-27 21:00:00,0.49,0.0
2022-03-27 22:00:00,0.0,0.0
2022-03-27 23:00:00,0.0,0.0
2022-03-28 00:00:00,0.0,0.0
2022-03-28 01:00:00,0.0,0.0
2022-03-28 02:00:00,0.99,0.0
2022-03-28 03:00:00,0.0,0.0
2022-03-28 04:00:00,0.0,0.0
2022-03-28 05:00:00,0.0,0.0
2022-03-28 06:00:00,0.0,0.0
2022-03-28 07:00:00,0.0,0.0
2022-03-28 08:00:00,0.0,0.0
2022-03-28 09:00:00,4.99,0.0
2022-03-28 10:00:00,0.0,0.0
2022-03-28 11:00:00,0.0,0.0
2022-03-28 12:00:00,0.0,0.0
2022-03-28 13:00:00,0.0,0.0
2022-03-28 14:00:00,0.96,0.0
2022-03-28 15:00:00,0.0,0.0
2022-03-28 16:00:00,0.0,0.0
2022-03-28 17:00:00,0.0,0.0
2022-03-28 18:00:00,0.0,0.0
2022-03-28 19:00:00,0.0,0.0
2022-03-28 20:00:00,0.0,-1.6335800000000003
2022-03-28 21:00:00,0.0,-0.79
2022-03-28 22:00:00,0.0,0.0
2022-03-28 23:00:00,0.94018906,0.0
2022-03-29 00:00:00,0.0,0.0
2022-03-29 01:00:00,0.0,0.0
2022-03-29 02:00:00,0.0,0.0
2022-03-29 03:00:00,0.0,0.0
2022-03-29 04:00:00,0.0,0.0
2022-03-29 05:00:00,0.0,0.0
2022-03-29 06:00:00,0.0,0.0
2022-03-29 07:00:00,0.0,0.0
2022-03-29 08:00:00,0.0,0.0
2022-03-29 09:00:00,0.0,0.0
2022-03-29 10:00:00,0.0,0.0
2022-03-29 11:00:00,0.0,0.0
2022-03-29 12:00:00,0.0,0.0
2022-03-29 13:00:00,0.0,0.0
2022-03-29 14:00:00,0.0,0.0
2022-03-29 15:00:00,0.0,0.0
2022-03-29 16:00:00,0.0,0.0
2022-03-29 17:00:00,0.0,0.0
2022-03-29 18:00:00,0.0,0.0
2022-03-29 19:00:00,0.0,0.0
2022-03-29 20:00:00,0.0,0.0
2022-03-29 21:00:00,0.0,0.0
2022-03-29 22:00:00,0.0,0.0
2022-03-29 23:00:00,0.0,0.0
2022-03-30 00:00:00,0.0,0.0
2022-03-30 01:00:00,0.0,0.0
2022-03-30 02:00:00,0.0,0.0
2022-03-30 03:00:00,0.0,0.0
2022-03-30 04:00:00,0.0,0.0
2022-03-30 05:00:00,0.0,0.0
2022-03-30 06:00:00,0.0,0.0
2022-03-30 07:00:00,0.0,0.0
2022-03-30 08:00:00,0.0,0.0
2022-03-30 09:00:00,0.0,0.0
2022-03-30 10:00:00,0.0,-9.03601012
2022-03-30 11:00:00,0.0,0.0
2022-03-30 12:00:00,0.0,0.0
2022-03-30 13:00:00,0.0,0.0
2022-03-30 14:00:00,1.99,0.0
2022-03-30 15:00:00,0.0,0.0
2022-03-30 16:00:00,0.09,0.0
2022-03-30 17:00:00,0.0,0.0
2022-03-30 18:00:00,0.0,0.0
2022-03-30 19:00:00,0.0,0.0
2022-03-30 20:00:00,0.99,0.0
2022-03-30 21:00:00,19.99,0.0
2022-03-30 22:00:00,0.0,0.0
2022-03-30 23:00:00,0.0,0.0
2022-03-31 00:00:00,0.0,0.0
2022-03-31 01:00:00,0.0,0.0
2022-03-31 02:00:00,0.0,0.0
2022-03-31 03:00:00,0.0,0.0
2022-03-31 04:00:00,0.0,0.0
2022-03-31 05:00:00,0.0,0.0
2022-03-31 06:00:00,0.0,0.0
2022-03-31 07:00:00,0.0,0.0
2022-03-31 08:00:00,0.0,0.0
2022-03-31 09:00:00,0.0,0.0
2022-03-31 10:00:00,0.0,0.0
2022-03-31 11:00:00,3.99,0.0
2022-03-31 12:00:00,0.0,0.0
2022-03-31 13:00:00,0.99,0.0
2022-03-31 14:00:00,0.0,0.0
2022-03-31 15:00:00,0.99,0.0
2022-03-31 16:00:00,0.0,0.0
2022-03-31 17:00:00,0.0,0.0
2022-03-31 18:00:00,0.0,0.0
2022-03-31 19:00:00,0.0,0.0
2022-03-31 20:00:00,0.0,0.0
2022-03-31 21:00:00,0.0,0.0
2022-03-31 22:00:00,0.0,0.0
2022-03-31 23:00:00,0.0,0.0
2022-04-01 00:00:00,0.0,0.0
2022-04-01 01:00:00,0.0,0.0
2022-04-01 02:00:00,0.0,0.0
2022-04-01 03:00:00,0.0,0.0
2022-04-01 04:00:00,0.0,0.0
2022-04-01 05:00:00,0.0,0.0
2022-04-01 06:00:00,0.0,0.0
2022-04-01 07:00:00,0.0,0.0
2022-04-01 08:00:00,0.0,0.0
2022-04-01 09:00:00,0.0,0.0
2022-04-01 10:00:00,0.0,0.0
2022-04-01 11:00:00,0.0,0.0
2022-04-01 12:00:00,4.99,0.0
2022-04-01 13:00:00,0.0,0.0
2022-04-01 14:00:00,0.0,-0.99
2022-04-01 15:00:00,0.0,0.0
2022-04-01 16:00:00,0.0,0.0
2022-04-01 17:00:00,0.0,0.0
2022-04-01 18:00:00,0.0,0.0
2022-04-01 19:00:00,0.0,0.0
2022-04-01 20:00:00,0.0,0.0
2022-04-01 21:00:00,0.0,0.0
2022-04-01 22:00:00,0.0,0.0
2022-04-01 23:00:00,0.0,0.0
2022-04-02 00:00:00,0.0,0.0
2022-04-02 01:00:00,0.0,0.0
2022-04-02 02:00:00,0.0,0.0
2022-04-02 03:00:00,0.0,0.0
2022-04-02 04:00:00,0.0,0.0
2022-04-02 05:00:00,0.0,0.0
2022-04-02 06:00:00,0.0,0.0
2022-04-02 07:00:00,0.0,0.0
2022-04-02 08:00:00,0.0,0.0
2022-04-02 09:00:00,0.0,0.0
2022-04-02 10:00:00,0.0,0.0
2022-04-02 11:00:00,0.0,0.0
2022-04-02 12:00:00,1.99,-5.0
2022-04-02 13:00:00,0.0,0.0
2022-04-02 14:00:00,0.0,0.0
2022-04-02 15:00:00,0.0,0.0
2022-04-02 16:00:00,3.99,0.0
2022-04-02 17:00:00,4.99,0.0
2022-04-02 18:00:00,0.0,0.0
2022-04-02 19:00:00,0.0,-0.49
2022-04-02 20:00:00,0.0,0.0
2022-04-02 21:00:00,4.99,-3.99
2022-04-02 22:00:00,0.0,0.0
2022-04-02 23:00:00,0.0,0.0
2022-04-03 00:00:00,0.0,0.0
2022-04-03 01:00:00,0.0,0.0
2022-04-03 02:00:00,0.0,-9.989999999999998
2022-04-03 03:00:00,0.0,0.0
2022-04-03 04:00:00,0.0,0.0
2022-04-03 05:00:00,0.0,0.0
2022-04-03 06:00:00,0.0,0.0
2022-04-03 07:00:00,0.0,0.0
2022-04-03 08:00:00,0.0,0.0
2022-04-03 09:00:00,4.99,-4.99
2022-04-03 10:00:00,0.0,0.0
2022-04-03 11:00:00,0.0,0.0
2022-04-03 12:00:00,0.0,0.0
2022-04-03 13:00:00,0.0,-1.6000000000000003
2022-04-03 14:00:00,0.0,0.0
2022-04-03 15:00:00,0.0,0.0
2022-04-03 16:00:00,0.0,0.0
2022-04-03 17:00:00,0.99,0.0
2022-04-03 18:00:00,0.0,0.0
2022-04-03 19:00:00,0.99,0.0
2022-04-03 20:00:00,0.0,0.0
2022-04-03 21:00:00,0.0,0.0
2022-04-03 22:00:00,0.0,0.0
2022-04-03 23:00:00,0.0,0.0
2022-04-04 00:00:00,0.0,0.0
2022-04-04 01:00:00,0.0,0.0
2022-04-04 02:00:00,0.0,0.0
2022-04-04 03:00:00,0.0,0.0
2022-04-04 04:00:00,0.0,0.0
2022-04-04 05:00:00,0.0,0.0
2022-04-04 06:00:00,0.0,0.0
2022-04-04 07:00:00,0.0,0.0
2022-04-04 08:00:00,0.0,0.0
2022-04-04 09:00:00,0.0,0.0
2022-04-04 10:00:00,0.0,0.0
2022-04-04 11:00:00,0.0,0.0
2022-04-04 12:00:00,0.0,0.0
2022-04-04 13:00:00,0.0,0.0
2022-04-04 14:00:00,0.0,0.0
2022-04-04 15:00:00,0.0,0.0
2022-04-04 16:00:00,0.0,0.0
2022-04-04 17:00:00,2.5,0.0
2022-04-04 18:00:00,0.0,0.0
2022-04-04 19:00:00,0.0,0.0
2022-04-04 20:00:00,0.0,0.0
2022-04-04 21:00:00,0.0,0.0
2022-04-04 22:00:00,4.99,0.0
2022-04-04 23:00:00,0.0,0.0
2022-04-05 00:00:00,0.0,0.0
2022-04-05 01:00:00,0.0,0.0
2022-04-05 02:00:00,0.0,0.0
2022-04-05 03:00:00,0.0,0.0
2022-04-05 04:00:00,0.0,0.0
2022-04-05 05:00:00,0.0,0.0
2022-04-05 06:00:00,0.0,0.0
2022-04-05 07:00:00,0.0,0.0
2022-04-05 08:00:00,0.0,0.0
2022-04-05 09:00:00,0.0,0.0
2022-04-05 10:00:00,4.99,-1.2599999999999998
2022-04-05 11:00:00,1.98,-0.51
2022-04-05 12:00:00,0.0,0.0
2022-04-05 13:00:00,0.0,0.0
2022-04-05 14:00:00,0.0,0.0
2022-04-05 15:00:00,0.0,0.0
2022-04-05 16:00:00,0.04,-0.71181
2022-04-05 17:00:00,0.69181,0.0
2022-04-05 18:00:00,0.0,0.0
2022-04-05 19:00:00,0.0,0.0
2022-04-05 20:00:00,0.0,0.0
2022-04-05 21:00:00,0.0,0.0
2022-04-05 22:00:00,0.0,0.0
2022-04-05 23:00:00,0.0,0.0
2022-04-06 00:00:00,0.0,0.0
2022-04-06 01:00:00,0.0,0.0
2022-04-06 02:00:00,0.0,0.0
2022-04-06 03:00:00,0.0,0.0
2022-04-06 04:00:00,0.0,0.0
2022-04-06 05:00:00,0.0,0.0
2022-04-06 06:00:00,0.0,0.0
2022-04-06 07:00:00,0.0,0.0
2022-04-06 08:00:00,1.49,0.0
2022-04-06 09:00:00,0.0,0.0
2022-04-06 10:00:00,0.0,0.0
2022-04-06 11:00:00,0.0,0.0
2022-04-06 12:00:00,0.0,0.0
2022-04-06 13:00:00,0.0,0.0
2022-04-06 14:00:00,0.0,0.0
2022-04-06 15:00:00,0.0,0.0
2022-04-06 16:00:00,0.0,0.0
2022-04-06 17:00:00,0.0,0.0
2022-04-06 18:00:00,6.93496614,-6.93
2022-04-06 19:00:00,0.0,0.0
2022-04-06 20:00:00,0.0,0.0
2022-04-06 21:00:00,0.0,0.0
2022-04-06 22:00:00,0.0,0.0
2022-04-06 23:00:00,0.0,0.0
2022-04-07 00:00:00,0.0,0.0
2022-04-07 01:00:00,0.0,-2.0
2022-04-07 02:00:00,0.0,0.0
2022-04-07 03:00:00,0.0,0.0
2022-04-07 04:00:00,0.0,0.0
2022-04-07 05:00:00,0.0,0.0
2022-04-07 06:00:00,0.0,0.0
2022-04-07 07:00:00,0.0,0.0
2022-04-07 08:00:00,0.0,0.0
2022-04-07 09:00:00,0.0,0.0
2022-04-07 10:00:00,0.0,0.0
2022-04-07 11:00:00,0.0,0.0
2022-04-07 12:00:00,0.0,0.0
2022-04-07 13:00:00,0.0,0.0
2022-04-07 14:00:00,0.0,0.0
2022-04-07 15:00:00,0.0,0.0
2022-04-07 16:00:00,0.0,0.0
2022-04-07 17:00:00,0.0,0.0
2022-04-07 18:00:00,0.0,0.0
2022-04-07 19:00:00,0.0,0.0
2022-04-07 20:00:00,0.0,0.0
2022-04-07 21:00:00,0.0,0.0
2022-04-07 22:00:00,0.0,0.0
2022-04-07 23:00:00,0.0,0.0
2022-04-08 00:00:00,0.0,0.0
2022-04-08 01:00:00,0.0,0.0
2022-04-08 02:00:00,0.0,0.0
2022-04-08 03:00:00,0.0,0.0
2022-04-08 04:00:00,0.0,0.0
2022-04-08 05:00:00,0.0,0.0
2022-04-08 06:00:00,0.0,0.0
2022-04-08 07:00:00,0.0,0.0
2022-04-08 08:00:00,0.0,0.0
2022-04-08 09:00:00,0.0,0.0
2022-04-08 10:00:00,0.0,0.0
2022-04-08 11:00:00,0.0,0.0
2022-04-08 12:00:00,0.0,0.0
2022-04-08 13:00:00,0.0,0.0
2022-04-08 14:00:00,0.0,0.0
2022-04-08 15:00:00,0.0,0.0
2022-04-08 16:00:00,0.0,0.0
2022-04-08 17:00:00,0.99,0.0
2022-04-08 18:00:00,0.0,-0.9800000000000001
2022-04-08 19:00:00,0.0,0.0
2022-04-08 20:00:00,0.0,0.0
2022-04-08 21:00:00,0.0,0.0
2022-04-08 22:00:00,0.0,0.0
2022-04-08 23:00:00,0.0,0.0
2022-04-09 00:00:00,0.0,0.0
2022-04-09 01:00:00,0.0,0.0
2022-04-09 02:00:00,0.0,0.0
2022-04-09 03:00:00,0.0,0.0
2022-04-09 04:00:00,0.0,0.0
2022-04-09 05:00:00,0.0,0.0
2022-04-09 06:00:00,0.0,0.0
2022-04-09 07:00:00,0.0,0.0
2022-04-09 08:00:00,0.0,0.0
2022-04-09 09:00:00,0.0,0.0
2022-04-09 10:00:00,0.0,0.0
2022-04-09 11:00:00,0.0,0.0
2022-04-09 12:00:00,0.0,0.0
2022-04-09 13:00:00,0.0,0.0
2022-04-09 14:00:00,0.0,0.0
2022-04-09 15:00:00,0.0,0.0
2022-04-09 16:00:00,0.0,0.0
2022-04-09 17:00:00,0.0,0.0
2022-04-09 18:00:00,0.0,0.0
2022-04-09 19:00:00,0.0,0.0
2022-04-09 20:00:00,0.0,0.0
2022-04-09 21:00:00,0.0,0.0
2022-04-09 22:00:00,0.0,0.0
2022-04-09 23:00:00,0.0,0.0
2022-04-10 00:00:00,0.0,0.0
2022-04-10 01:00:00,0.0,0.0
2022-04-10 02:00:00,0.0,0.0
2022-04-10 03:00:00,0.0,0.0
2022-04-10 04:00:00,0.0,0.0
2022-04-10 05:00:00,0.0,0.0
2022-04-10 06:00:00,0.0,0.0
2022-04-10 07:00:00,0.0,0.0
2022-04-10 08:00:00,0.0,0.0
2022-04-10 09:00:00,0.0,0.0
2022-04-10 10:00:00,0.0,0.0
2022-04-10 11:00:00,0.0,0.0
2022-04-10 12:00:00,0.0,0.0
2022-04-10 13:00:00,0.0,0.0
2022-04-10 14:00:00,6.64633208,0.0
2022-04-10 15:00:00,0.0,0.0
2022-04-10 16:00:00,0.0,0.0
2022-04-10 17:00:00,0.0,0.0
2022-04-10 18:00:00,0.0,0.0
2022-04-10 19:00:00,0.0,0.0
2022-04-10 20:00:00,0.0,0.0
2022-04-10 21:00:00,0.0,0.0
2022-04-10 22:00:00,0.0,0.0
2022-04-10 23:00:00,0.0,0.0
2022-04-11 00:00:00,0.0,0.0
2022-04-11 01:00:00,0.0,0.0
2022-04-11 02:00:00,0.0,0.0
2022-04-11 03:00:00,0.0,0.0
2022-04-11 04:00:00,0.0,0.0
2022-04-11 05:00:00,0.0,0.0
2022-04-11 06:00:00,0.0,0.0
2022-04-11 07:00:00,0.0,0.0
2022-04-11 08:00:00,0.0,0.0
2022-04-11 09:00:00,0.0,0.0
2022-04-11 10:00:00,0.0,0.0
2022-04-11 11:00:00,0.0,0.0
2022-04-11 12:00:00,0.0,0.0
2022-04-11 13:00:00,0.0,0.0
2022-04-11 14:00:00,0.0,0.0
2022-04-11 15:00:00,0.0,0.0
2022-04-11 16:00:00,0.0,0.0
2022-04-11 17:00:00,0.0,0.0
2022-04-11 18:00:00,0.0,0.0
2022-04-11 19:00:00,0.0,0.0
2022-04-11 20:00:00,0.0,0.0
2022-04-11 21:00:00,0.0,0.0
2022-04-11 22:00:00,0.0,0.0
2022-04-11 23:00:00,0.0,0.0
2022-04-12 00:00:00,0.0,0.0
2022-04-12 01:00:00,0.0,0.0
2022-04-12 02:00:00,0.0,0.0
2022-04-12 03:00:00,0.0,0.0
2022-04-12 04:00:00,0.0,0.0
2022-04-12 05:00:00,0.0,0.0
2022-04-12 06:00:00,0.0,0.0
2022-04-12 07:00:00,0.0,0.0
2022-04-12 08:00:00,0.0,0.0
2022-04-12 09:00:00,0.0,0.0
2022-04-12 10:00:00,0.0,0.0
2022-04-12 11:00:00,0.0,0.0
2022-04-12 12:00:00,0.0,0.0
2022-04-12 13:00:00,0.0,0.0
2022-04-12 14:00:00,0.0,0.0
2022-04-12 15:00:00,0.0,0.0
2022-04-12 16:00:00,0.0,0.0
2022-04-12 17:00:00,0.0,0.0
2022-04-12 18:00:00,0.0,0.0
2022-04-12 19:00:00,0.0,0.0
2022-04-12 20:00:00,0.0,0.0
2022-04-12 21:00:00,0.99,0.0
2022-04-12 22:00:00,0.0,-1.76281
2022-04-12 23:00:00,0.0,0.0
2022-04-13 00:00:00,0.0,0.0
2022-04-13 01:00:00,0.0,0.0
2022-04-13 02:00:00,0.0,0.0
2022-04-13 03:00:00,0.0,0.0
2022-04-13 04:00:00,0.0,0.0
2022-04-13 05:00:00,0.0,0.0
2022-04-13 06:00:00,0.0,0.0
2022-04-13 07:00:00,0.0,0.0
2022-04-13 08:00:00,0.0,0.0
2022-04-13 09:00:00,0.0,0.0
2022-04-13 10:00:00,0.0,0.0
2022-04-13 11:00:00,0.0,0.0
2022-04-13 12:00:00,0.0,0.0
2022-04-13 13:00:00,0.0,0.0
2022-04-13 14:00:00,0.0,0.0
2022-04-13 15:00:00,0.0,0.0
2022-04-13 16:00:00,0.0,0.0
2022-04-13 17:00:00,0.0,0.0
2022-04-13 18:00:00,0.0,0.0
2022-04-13 19:00:00,0.0,0.0
2022-04-13 20:00:00,0.0,0.0
2022-04-13 21:00:00,0.0,0.0
2022-04-13 22:00:00,0.0,0.0
2022-04-13 23:00:00,0.0,0.0
2022-04-14 00:00:00,0.0,0.0
2022-04-14 01:00:00,0.0,0.0
2022-04-14 02:00:00,0.0,0.0
2022-04-14 03:00:00,0.0,0.0
2022-04-14 04:00:00,0.0,0.0
2022-04-14 05:00:00,0.0,0.0
2022-04-14 06:00:00,0.0,0.0
2022-04-14 07:00:00,0.0,0.0
2022-04-14 08:00:00,0.0,0.0
2022-04-14 09:00:00,0.0,0.0
2022-04-14 10:00:00,0.0,0.0
2022-04-14 11:00:00,0.0,0.0
2022-04-14 12:00:00,0.0,0.0
2022-04-14 13:00:00,0.0,0.0
2022-04-14 14:00:00,0.0,0.0
2022-04-14 15:00:00,0.0,0.0
2022-04-14 16:00:00,0.0,0.0
2022-04-14 17:00:00,0.0,0.0
2022-04-14 18:00:00,0.0,0.0
2022-04-14 19:00:00,0.0,0.0
2022-04-14 20:00:00,0.0,0.0
2022-04-14 21:00:00,0.0,0.0
2022-04-14 22:00:00,0.0,0.0
2022-04-14 23:00:00,0.0,0.0
2022-04-15 00:00:00,0.0,0.0
2022-04-15 01:00:00,0.0,0.0
2022-04-15 02:00:00,0.0,0.0
2022-04-15 03:00:00,0.0,0.0
2022-04-15 04:00:00,0.0,0.0
2022-04-15 05:00:00,0.0,0.0
2022-04-15 06:00:00,0.0,0.0
2022-04-15 07:00:00,0.0,0.0
2022-04-15 08:00:00,0.0,0.0
2022-04-15 09:00:00,0.0,0.0
2022-04-15 10:00:00,0.0,0.0
2022-04-15 11:00:00,0.0,0.0
2022-04-15 12:00:00,0.0,0.0
2022-04-15 13:00:00,0.0,0.0
2022-04-15 14:00:00,0.49,0.0
2022-04-15 15:00:00,0.0,-0.4
2022-04-15 16:00:00,0.0,0.0
2022-04-15 17:00:00,0.0,0.0
2022-04-15 18:00:00,0.0,0.0
2022-04-15 19:00:00,0.0,0.0
2022-04-15 20:00:00,0.0,0.0
2022-04-15 21:00:00,0.0,0.0
2022-04-15 22:00:00,0.0,0.0
2022-04-15 23:00:00,0.0,0.0
2022-04-16 00:00:00,0.0,0.0
2022-04-16 01:00:00,0.0,0.0
2022-04-16 02:00:00,0.0,0.0
2022-04-16 03:00:00,0.0,0.0
2022-04-16 04:00:00,0.0,0.0
2022-04-16 05:00:00,0.0,0.0
2022-04-16 06:00:00,0.0,0.0
2022-04-16 07:00:00,0.0,0.0
2022-04-16 08:00:00,0.0,0.0
2022-04-16 09:00:00,0.0,0.0
2022-04-16 10:00:00,0.0,0.0
2022-04-16 11:00:00,0.0,0.0
2022-04-16 12:00:00,0.0,0.0
2022-04-16 13:00:00,0.0,0.0
2022-04-16 14:00:00,0.0,0.0
2022-04-16 15:00:00,0.0,0.0
2022-04-16 16:00:00,0.0,0.0
2022-04-16 17:00:00,0.0,0.0
2022-04-16 18:00:00,0.0,0.0
2022-04-16 19:00:00,0.0,0.0
2022-04-16 20:00:00,0.0,0.0
2022-04-16 21:00:00,0.0,0.0
2022-04-16 22:00:00,0.0,0.0
2022-04-16 23:00:00,0.0,0.0
2022-04-17 00:00:00,0.0,0.0
2022-04-17 01:00:00,0.0,0.0
2022-04-17 02:00:00,0.0,0.0
2022-04-17 03:00:00,0.0,0.0
2022-04-17 04:00:00,0.0,0.0
2022-04-17 05:00:00,0.0,0.0
2022-04-17 06:00:00,0.0,0.0
2022-04-17 07:00:00,0.0,0.0
2022-04-17 08:00:00,0.0,0.0
2022-04-17 09:00:00,7.80875532,-7.808750000000002
2022-04-17 10:00:00,0.0,0.0
2022-04-17 11:00:00,0.0,0.0
2022-04-17 12:00:00,0.0,0.0
2022-04-17 13:00:00,0.0,0.0
2022-04-17 14:00:00,0.0,0.0
2022-04-17 15:00:00,0.0,0.0
2022-04-17 16:00:00,0.0,0.0
2022-04-17 17:00:00,0.0,0.0
2022-04-17 18:00:00,0.0,0.0
2022-04-17 19:00:00,0.0,0.0
2022-04-17 20:00:00,0.0,0.0
2022-04-17 21:00:00,0.0,0.0
2022-04-17 22:00:00,0.0,0.0
2022-04-17 23:00:00,0.0,0.0
2022-04-18 00:00:00,0.0,0.0
2022-04-18 01:00:00,0.0,0.0
2022-04-18 02:00:00,0.0,0.0
2022-04-18 03:00:00,0.0,0.0
2022-04-18 04:00:00,0.0,0.0
2022-04-18 05:00:00,0.0,0.0
2022-04-18 06:00:00,0.0,0.0
2022-04-18 07:00:00,0.0,0.0
2022-04-18 08:00:00,0.0,0.0
2022-04-18 09:00:00,0.0,0.0
2022-04-18 10:00:00,0.0,0.0
2022-04-18 11:00:00,0.0,0.0
2022-04-18 12:00:00,0.0,0.0
2022-04-18 13:00:00,0.0,0.0
2022-04-18 14:00:00,0.0,0.0
2022-04-18 15:00:00,0.0,0.0
2022-04-18 16:00:00,0.0,0.0
2022-04-18 17:00:00,0.0,0.0
2022-04-18 18:00:00,0.0,0.0
2022-04-18 19:00:00,0.0,0.0
2022-04-18 20:00:00,0.0,0.0
2022-04-18 21:00:00,0.0,0.0
2022-04-18 22:00:00,0.0,0.0
2022-04-18 23:00:00,0.0,0.0
2022-04-19 00:00:00,0.0,0.0
2022-04-19 01:00:00,0.0,0.0
2022-04-19 02:00:00,0.0,0.0
2022-04-19 03:00:00,0.0,0.0
2022-04-19 04:00:00,0.0,0.0
2022-04-19 05:00:00,0.0,0.0
2022-04-19 06:00:00,0.0,0.0
2022-04-19 07:00:00,0.0,0.0
2022-04-19 08:00:00,0.0,0.0
2022-04-19 09:00:00,0.0,0.0
2022-04-19 10:00:00,0.0,0.0
2022-04-19 11:00:00,0.0,0.0
2022-04-19 12:00:00,0.0,0.0
2022-04-19 13:00:00,0.0,0.0
2022-04-19 14:00:00,0.0,0.0
2022-04-19 15:00:00,0.0,0.0
2022-04-19 16:00:00,0.0,0.0
2022-04-19 17:00:00,0.0,0.0
2022-04-19 18:00:00,0.0,0.0
2022-04-19 19:00:00,0.0,0.0
2022-04-19 20:00:00,0.0,0.0
2022-04-19 21:00:00,0.0,0.0
2022-04-19 22:00:00,0.0,0.0
2022-04-19 23:00:00,0.0,0.0
2022-04-20 00:00:00,0.0,0.0
2022-04-20 01:00:00,0.0,0.0
2022-04-20 02:00:00,0.0,0.0
2022-04-20 03:00:00,0.0,0.0
2022-04-20 04:00:00,0.0,0.0
2022-04-20 05:00:00,0.0,0.0
2022-04-20 06:00:00,0.0,0.0
2022-04-20 07:00:00,0.0,0.0
2022-04-20 08:00:00,0.0,0.0
2022-04-20 09:00:00,0.0,0.0
2022-04-20 10:00:00,0.0,0.0
2022-04-20 11:00:00,0.0,0.0
2022-04-20 12:00:00,0.0,0.0
2022-04-20 13:00:00,0.0,0.0
2022-04-20 14:00:00,0.0,0.0
2022-04-20 15:00:00,0.0,0.0
2022-04-20 16:00:00,0.0,0.0
2022-04-20 17:00:00,0.0,0.0
2022-04-20 18:00:00,0.0,0.0
2022-04-20 19:00:00,0.0,0.0
2022-04-20 20:00:00,0.0,0.0
2022-04-20 21:00:00,0.0,0.0
2022-04-20 22:00:00,0.0,0.0
2022-04-20 23:00:00,0.0,0.0
2022-04-21 00:00:00,0.0,0.0
2022-04-21 01:00:00,0.0,0.0
2022-04-21 02:00:00,0.0,0.0
2022-04-21 03:00:00,0.0,0.0
2022-04-21 04:00:00,0.0,0.0
2022-04-21 05:00:00,0.0,0.0
2022-04-21 06:00:00,0.0,0.0
2022-04-21 07:00:00,0.0,0.0
2022-04-21 08:00:00,0.0,0.0
2022-04-21 09:00:00,0.0,0.0
2022-04-21 10:00:00,0.0,0.0
2022-04-21 11:00:00,0.0,0.0
2022-04-21 12:00:00,0.0,0.0
2022-04-21 13:00:00,0.0,0.0
2022-04-21 14:00:00,0.0,0.0
2022-04-21 15:00:00,0.0,0.0
2022-04-21 16:00:00,0.0,0.0
2022-04-21 17:00:00,0.0,0.0
2022-04-21 18:00:00,0.0,0.0
2022-04-21 19:00:00,0.0,0.0
2022-04-21 20:00:00,0.0,0.0
2022-04-21 21:00:00,0.0,0.0
2022-04-21 22:00:00,5.98,0.0
2022-04-21 23:00:00,0.0,0.0
2022-04-22 00:00:00,0.0,0.0
2022-04-22 01:00:00,0.0,0.0
2022-04-22 02:00:00,0.0,0.0
2022-04-22 03:00:00,0.0,0.0
2022-04-22 04:00:00,0.0,0.0
2022-04-22 05:00:00,0.0,0.0
2022-04-22 06:00:00,0.0,0.0
2022-04-22 07:00:00,0.0,0.0
2022-04-22 08:00:00,0.0,0.0
2022-04-22 09:00:00,0.0,0.0
2022-04-22 10:00:00,0.0,0.0
2022-04-22 11:00:00,0.0,0.0
2022-04-22 12:00:00,0.0,0.0
2022-04-22 13:00:00,0.0,0.0
2022-04-22 14:00:00,0.0,0.0
2022-04-22 15:00:00,0.0,0.0
2022-04-22 16:00:00,0.0,0.0
2022-04-22 17:00:00,0.0,0.0
2022-04-22 18:00:00,0.0,0.0
2022-04-22 19:00:00,0.0,0.0
2022-04-22 20:00:00,0.0,0.0
2022-04-22 21:00:00,0.0,0.0
2022-04-22 22:00:00,0.0,0.0
2022-04-22 23:00:00,0.0,0.0
2022-04-23 00:00:00,0.0,0.0
2022-04-23 01:00:00,0.0,0.0
2022-04-23 02:00:00,0.0,0.0
2022-04-23 03:00:00,0.0,0.0
2022-04-23 04:00:00,0.0,0.0
2022-04-23 05:00:00,0.0,0.0
2022-04-23 06:00:00,0.0,0.0
2022-04-23 07:00:00,0.0,0.0
2022-04-23 08:00:00,0.0,0.0
2022-04-23 09:00:00,0.0,0.0
2022-04-23 10:00:00,0.0,0.0
2022-04-23 11:00:00,0.0,0.0
2022-04-23 12:00:00,0.0,0.0
2022-04-23 13:00:00,0.0,0.0
2022-04-23 14:00:00,0.0,0.0
2022-04-23 15:00:00,0.0,0.0
2022-04-23 16:00:00,0.0,0.0
2022-04-23 17:00:00,0.0,0.0
2022-04-23 18:00:00,0.0,0.0
2022-04-23 19:00:00,2.99,0.0
2022-04-23 20:00:00,0.0,0.0
2022-04-23 21:00:00,0.0,0.0
2022-04-23 22:00:00,0.0,0.0
2022-04-23 23:00:00,0.0,0.0
2022-04-24 00:00:00,0.0,0.0
2022-04-24 01:00:00,0.0,0.0
2022-04-24 02:00:00,0.0,0.0
2022-04-24 03:00:00,0.0,0.0
2022-04-24 04:00:00,0.0,0.0
2022-04-24 05:00:00,0.0,0.0
2022-04-24 06:00:00,0.0,0.0
2022-04-24 07:00:00,0.0,0.0
2022-04-24 08:00:00,0.0,0.0
2022-04-24 09:00:00,0.0,0.0
2022-04-24 10:00:00,0.0,0.0
2022-04-24 11:00:00,3.68,0.0
2022-04-24 12:00:00,1.99,0.0
2022-04-24 13:00:00,0.0,0.0
2022-04-24 14:00:00,0.0,0.0
2022-04-24 15:00:00,0.0,0.0
2022-04-24 16:00:00,0.0,0.0
2022-04-24 17:00:00,0.0,0.0
2022-04-24 18:00:00,0.0,0.0
2022-04-24 19:00:00,0.0,0.0
2022-04-24 20:00:00,0.0,0.0
2022-04-24 21:00:00,0.0,0.0
2022-04-24 22:00:00,0.0,-2.4800000000000004
2022-04-24 23:00:00,0.0,0.0
2022-04-25 00:00:00,0.0,0.0
2022-04-25 01:00:00,0.0,0.0
2022-04-25 02:00:00,0.0,0.0
2022-04-25 03:00:00,0.0,0.0
2022-04-25 04:00:00,0.0,0.0
2022-04-25 05:00:00,0.0,0.0
2022-04-25 06:00:00,0.0,0.0
2022-04-25 07:00:00,0.0,0.0
2022-04-25 08:00:00,4.98,0.0
2022-04-25 09:00:00,0.0,0.0
2022-04-25 10:00:00,0.0,0.0
2022-04-25 11:00:00,0.0,0.0
2022-04-25 12:00:00,1.07095411,0.0
2022-04-25 13:00:00,0.0,-1.0
2022-04-25 14:00:00,0.0,0.0
2022-04-25 15:00:00,0.0,0.0
2022-04-25 16:00:00,0.0,0.0
2022-04-25 17:00:00,0.0,0.0
2022-04-25 18:00:00,0.0,0.0
2022-04-25 19:00:00,0.0,0.0
2022-04-25 20:00:00,0.0,0.0
2022-04-25 21:00:00,0.0,0.0
2022-04-25 22:00:00,1.99,0.0
2022-04-25 23:00:00,0.0,0.0
2022-04-26 00:00:00,0.0,0.0
2022-04-26 01:00:00,0.0,0.0
2022-04-26 02:00:00,0.0,0.0
2022-04-26 03:00:00,0.0,0.0
2022-04-26 04:00:00,0.0,0.0
2022-04-26 05:00:00,0.0,0.0
2022-04-26 06:00:00,0.0,0.0
2022-04-26 07:00:00,3.37,0.0
2022-04-26 08:00:00,3600.67,0.0
2022-04-26 09:00:00,0.0,0.0
2022-04-26 10:00:00,102.96999999999998,0.0
2022-04-26 11:00:00,614.96,0.0
2022-04-26 12:00:00,19499.98,0.0
2022-04-26 13:00:00,0.0,0.0
2022-04-26 14:00:00,5.98,0.0
2022-04-26 15:00:00,0.0,0.0
2022-04-26 16:00:00,0.0,0.0
2022-04-26 17:00:00,0.0,0.0
2022-04-26 18:00:00,0.0,0.0
2022-04-26 19:00:00,224.49,0.0
2022-04-26 20:00:00,0.0,0.0
2022-04-26 21:00:00,0.0,0.0
2022-04-26 22:00:00,0.0,0.0
2022-04-26 23:00:00,0.0,0.0
2022-04-27 00:00:00,0.0,0.0
2022-04-27 01:00:00,0.0,0.0
2022-04-27 02:00:00,0.0,0.0
2022-04-27 03:00:00,0.0,0.0
2022-04-27 04:00:00,0.0,0.0
2022-04-27 05:00:00,0.0,0.0
2022-04-27 06:00:00,0.0,0.0
2022-04-27 07:00:00,0.0,0.0
2022-04-27 08:00:00,0.0,0.0
2022-04-27 09:00:00,0.0,0.0
2022-04-27 10:00:00,99.99,0.0
2022-04-27 11:00:00,0.0,0.0
2022-04-27 12:00:00,0.0,0.0
2022-04-27 13:00:00,0.0,0.0
2022-04-27 14:00:00,0.0,0.0
2022-04-27 15:00:00,0.0,0.0
2022-04-27 16:00:00,0.99,0.0
2022-04-27 17:00:00,9.99,0.0
2022-04-27 18:00:00,1.09,-29.999999999999986
2022-04-27 19:00:00,16.98,0.0
2022-04-27 20:00:00,6.98,0.0
2022-04-27 21:00:00,3.99,0.0
2022-04-27 22:00:00,13.08,0.0
2022-04-27 23:00:00,4.79812272,0.0
2022-04-28 00:00:00,50.980000000000004,-3.9999999999999982
2022-04-28 01:00:00,0.0,-3.0000000099999973
2022-04-28 02:00:00,0.0,0.0
2022-04-28 03:00:00,1.93205671,0.0
2022-04-28 04:00:00,0.0,0.0
2022-04-28 05:00:00,0.0,0.0
2022-04-28 06:00:00,0.0,0.0
2022-04-28 07:00:00,0.0,0.0
2022-04-28 08:00:00,0.0,0.0
2022-04-28 09:00:00,0.0,-10.000000000000002
2022-04-28 10:00:00,111.47999999999999,0.0
2022-04-28 11:00:00,5.07398593,0.0
2022-04-28 12:00:00,14.98,0.0
2022-04-28 13:00:00,30.969999999999995,-15.000000009999997
2022-04-28 14:00:00,1.09,-1.0
2022-04-28 15:00:00,0.5,-1.5
2022-04-28 16:00:00,8.99,0.0
2022-04-28 17:00:00,119.99,-3.0000000000000004
2022-04-28 18:00:00,1.99,-1.6885100000000004
2022-04-28 19:00:00,0.31,-23.741439999999997
2022-04-28 20:00:00,0.0,0.0
2022-04-28 21:00:00,0.0,-0.6000000000000001
2022-04-28 22:00:00,4.99,-10.451910009999999
2022-04-28 23:00:00,619.04565107,-5.0
2022-04-29 00:00:00,3.42,0.0
2022-04-29 01:00:00,66.47999999999999,0.0
2022-04-29 02:00:00,0.0,0.0
2022-04-29 03:00:00,9.68999999,0.0
2022-04-29 04:00:00,0.0,0.0
2022-04-29 05:00:00,0.0,0.0
2022-04-29 06:00:00,0.0,0.0
2022-04-29 07:00:00,0.0,0.0
2022-04-29 08:00:00,1.99,0.0
2022-04-29 09:00:00,112.56120247,0.0
2022-04-29 10:00:00,0.0,-1.4896600000000002
2022-04-29 11:00:00,1.99,0.0
2022-04-29 12:00:00,0.0,-1.5000000000000004
2022-04-29 13:00:00,0.0,0.0
2022-04-29 14:00:00,0.49,0.0
2022-04-29 15:00:00,0.0,-9.99
2022-04-29 16:00:00,0.0,0.0
2022-04-29 17:00:00,0.0,0.0
2022-04-29 18:00:00,4.99,0.0
2022-04-29 19:00:00,1.99,0.0
2022-04-29 20:00:00,0.0,0.0
2022-04-29 21:00:00,108.90698345,0.0
2022-04-29 22:00:00,5.1,0.0
2022-04-29 23:00:00,107.36551709000001,-156.63039001
2022-04-30 00:00:00,52.70563709,0.0
2022-04-30 01:00:00,49.99,0.0
2022-04-30 02:00:00,0.0,0.0
2022-04-30 03:00:00,0.0,0.0
2022-04-30 04:00:00,0.0,0.0
2022-04-30 05:00:00,0.0,0.0
2022-04-30 06:00:00,0.0,0.0
2022-04-30 07:00:00,0.0,0.0
2022-04-30 08:00:00,0.0,0.0
2022-04-30 09:00:00,0.0,0.0
2022-04-30 10:00:00,0.0,0.0
2022-04-30 11:00:00,2.99,0.0
2022-04-30 12:00:00,0.99,-1.79
2022-04-30 13:00:00,0.0,-0.19999999999999996
2022-04-30 14:00:00,14.74707733,-0.87
2022-04-30 15:00:00,1.99,0.0
2022-04-30 16:00:00,0.0,0.0
2022-04-30 17:00:00,51.20131005,-43.58449
2022-04-30 18:00:00,59.99,-98.47000000000003
2022-04-30 19:00:00,0.0,0.0
2022-04-30 20:00:00,11.06258729,-11.0
2022-04-30 21:00:00,0.0,0.0
2022-04-30 22:00:00,0.0,0.0
2022-04-30 23:00:00,314.99,0.0
2022-05-01 00:00:00,0.0,-232.90555999999998
2022-05-01 01:00:00,0.0,0.0
2022-05-01 02:00:00,0.99,0.0
2022-05-01 03:00:00,0.0,0.0
2022-05-01 04:00:00,0.0,0.0
2022-05-01 05:00:00,0.0,0.0
2022-05-01 06:00:00,0.0,0.0
2022-05-01 07:00:00,0.0,-83.57610999999997
2022-05-01 08:00:00,59.980000000000004,0.0
2022-05-01 09:00:00,0.0,0.0
2022-05-01 10:00:00,4.99,0.0
2022-05-01 11:00:00,54.980000000000004,0.0
2022-05-01 12:00:00,23.99,-1.0
2022-05-01 13:00:00,0.0,0.0
2022-05-01 14:00:00,1.97,-1.35
2022-05-01 15:00:00,0.0,0.0
2022-05-01 16:00:00,0.99,0.0
2022-05-01 17:00:00,0.0,0.0
2022-05-01 18:00:00,9.79,-63.00000000000003
2022-05-01 19:00:00,0.0,0.0
2022-05-01 20:00:00,0.0,0.0
2022-05-01 21:00:00,29.99,0.0
2022-05-01 22:00:00,0.0,0.0
2022-05-01 23:00:00,0.0,0.0
2022-05-02 00:00:00,0.0,0.0
2022-05-02 01:00:00,0.0,0.0
2022-05-02 02:00:00,0.0,0.0
2022-05-02 03:00:00,0.0,0.0
2022-05-02 04:00:00,0.0,0.0
2022-05-02 05:00:00,0.0,0.0
2022-05-02 06:00:00,0.99,0.0
2022-05-02 07:00:00,0.0,0.0
2022-05-02 08:00:00,0.0,0.0
2022-05-02 09:00:00,0.0,0.0
2022-05-02 10:00:00,11.47179311,0.0
2022-05-02 11:00:00,0.0,0.0
2022-05-02 12:00:00,45.34172863,0.0
2022-05-02 13:00:00,0.0,0.0
2022-05-02 14:00:00,0.0,0.0
2022-05-02 15:00:00,1.99,0.0
2022-05-02 16:00:00,0.0,0.0
2022-05-02 17:00:00,0.0,-29.69999999999999
2022-05-02 18:00:00,0.0,0.0
2022-05-02 19:00:00,0.99,0.0
2022-05-02 20:00:00,0.0,0.0
2022-05-02 21:00:00,236.3469807,-236.00000000000006
2022-05-02 22:00:00,0.99,0.0
2022-05-02 23:00:00,0.0,0.0
2022-05-03 00:00:00,0.0,0.0
2022-05-03 01:00:00,0.0,0.0
2022-05-03 02:00:00,0.0,0.0
2022-05-03 03:00:00,0.0,0.0
2022-05-03 04:00:00,0.0,0.0
2022-05-03 05:00:00,0.0,0.0
2022-05-03 06:00:00,0.0,0.0
2022-05-03 07:00:00,0.0,0.0
2022-05-03 08:00:00,0.0,0.0
2022-05-03 09:00:00,61.99,-46.809
2022-05-03 10:00:00,9.79,0.0
2022-05-03 11:00:00,269.7303816,0.0
2022-05-03 12:00:00,70.99,-23.78356000000001
2022-05-03 13:00:00,0.0,-82.78000001
2022-05-03 14:00:00,1.99,0.0
2022-05-03 15:00:00,0.0,-0.6000000000000001
2022-05-03 16:00:00,0.0,-0.18000000999999632
2022-05-03 17:00:00,23.979999999999997,-20.87
2022-05-03 18:00:00,156.84363825999998,-6.200000000000001
2022-05-03 19:00:00,4.98,-10.240000000000002
2022-05-03 20:00:00,0.01299923,0.0
2022-05-03 21:00:00,24.70616227,0.0
2022-05-03 22:00:00,13.10647587,0.0
2022-05-03 23:00:00,12.64542159,0.0
2022-05-04 00:00:00,0.0,0.0
2022-05-04 01:00:00,25.979999999999997,0.0
2022-05-04 02:00:00,0.99,-5.0
2022-05-04 03:00:00,0.0,0.0
2022-05-04 04:00:00,0.0,0.0
2022-05-04 05:00:00,0.0,0.0
2022-05-04 06:00:00,12.47,0.0
2022-05-04 07:00:00,3574.45,0.0
2022-05-04 08:00:00,1120.23814447,0.0
2022-05-04 09:00:00,719.46944682,-98.74222300000001
2022-05-04 10:00:00,5249.949999999999,-2673.2171500000004
2022-05-04 11:00:00,5661.132396249999,-91.83402301000001
2022-05-04 12:00:00,6574.3765236499985,-346.59660501999883
2022-05-04 13:00:00,4032.3345737399986,-94.29756601000001
2022-05-04 14:00:00,6543.389993979998,-295.55751101
2022-05-04 15:00:00,3170.58576455,-2291.6833650299977
2022-05-04 16:00:00,1814.31510039,-341.31870000999925
2022-05-04 17:00:00,1365.22917407,-1679.72223801
2022-05-04 18:00:00,195.26686632,-604.121955
2022-05-04 19:00:00,270.98,-93.83183900000002
2022-05-04 20:00:00,182.24,0.0
2022-05-04 21:00:00,333.30287981000004,-237.7999599999995
2022-05-04 22:00:00,450.24679772,-54.0
2022-05-04 23:00:00,585.12750463,-87.88999999999987
2022-05-05 00:00:00,8.39,0.0
2022-05-05 01:00:00,1.99,0.0
2022-05-05 02:00:00,49.99,-32.781760000000304
2022-05-05 03:00:00,94.99,0.0
2022-05-05 04:00:00,11.99,0.0
2022-05-05 05:00:00,0.0,-602.8513399999999
2022-05-05 06:00:00,1.09,-0.19999999999999996
2022-05-05 07:00:00,139.99,0.0
2022-05-05 08:00:00,181.48203028,-1.0
2022-05-05 09:00:00,562.4977387900001,0.0
2022-05-05 10:00:00,997.34993165,-0.89517
2022-05-05 11:00:00,67.65960036,-25.00999999999999
2022-05-05 12:00:00,91.95,0.0
2022-05-05 13:00:00,554.33520093,-103.37
2022-05-05 14:00:00,0.99,0.0
2022-05-05 15:00:00,45.65128889,-3.25
2022-05-05 16:00:00,116.82999999999998,0.0
2022-05-05 17:00:00,1160.20365655,0.0
2022-05-05 18:00:00,0.0,0.0
2022-05-05 19:00:00,188.51205003,0.0
2022-05-05 20:00:00,1501.42,0.0
2022-05-05 21:00:00,157.97,0.0
2022-05-05 22:00:00,2.99,-258.29009
2022-05-05 23:00:00,0.99,0.0
2022-05-06 00:00:00,10.68840889,0.0
2022-05-06 01:00:00,0.0,0.0
2022-05-06 02:00:00,0.0,0.0
2022-05-06 03:00:00,0.0,0.0
2022-05-06 04:00:00,0.0,0.0
2022-05-06 05:00:00,0.0,0.0
2022-05-06 06:00:00,6.99544837,0.0
2022-05-06 07:00:00,2.27055343,0.0
2022-05-06 08:00:00,0.0,0.0
2022-05-06 09:00:00,19.99,0.0
2022-05-06 10:00:00,1.48,0.0
2022-05-06 11:00:00,31.94987759,0.0
2022-05-06 12:00:00,44.98,-13.000000009999994
2022-05-06 13:00:00,0.0,-970.3813200000001
2022-05-06 14:00:00,0.0,0.0
2022-05-06 15:00:00,1832.72858793,0.0
2022-05-06 16:00:00,51.99,0.0
2022-05-06 17:00:00,0.09,0.0
2022-05-06 18:00:00,181.94000000000003,0.0
2022-05-06 19:00:00,69.99,-39.130979999999994
2022-05-06 20:00:00,1.48,-258.38930999999957
2022-05-06 21:00:00,128.74716751,0.0
2022-05-06 22:00:00,0.0,0.0
2022-05-06 23:00:00,9.00968272,0.0
2022-05-07 00:00:00,0.0,0.0
2022-05-07 01:00:00,0.0,0.0
2022-05-07 02:00:00,0.0,0.0
2022-05-07 03:00:00,0.0,0.0
2022-05-07 04:00:00,0.0,0.0
2022-05-07 05:00:00,0.0,0.0
2022-05-07 06:00:00,0.0,0.0
2022-05-07 07:00:00,7.19581425,0.0
2022-05-07 08:00:00,829.65260258,0.0
2022-05-07 09:00:00,660.5410865399999,-290.99
2022-05-07 10:00:00,8.69511888,0.0
2022-05-07 11:00:00,82.16846306,-1.0
2022-05-07 12:00:00,154.16374783,-30.000000009999994
2022-05-07 13:00:00,730.9100000000001,0.0
2022-05-07 14:00:00,638.8748460500001,0.0
2022-05-07 15:00:00,0.0,0.0
2022-05-07 16:00:00,297.46000000000004,0.0
2022-05-07 17:00:00,83.12143418,-290.97
2022-05-07 18:00:00,123.61847173999999,-29.182458000000224
2022-05-07 19:00:00,7.98,0.0
2022-05-07 20:00:00,2589.75613853,-71.70000002
2022-05-07 21:00:00,0.0,-1991.52358
2022-05-07 22:00:00,3617.7837182499998,-4442.000000019997
2022-05-07 23:00:00,0.0,0.0
2022-05-08 00:00:00,191.99,0.0
2022-05-08 01:00:00,0.0,-10.20000000000091
2022-05-08 02:00:00,4.14197718,0.0
2022-05-08 03:00:00,0.0,0.0
2022-05-08 04:00:00,0.0,0.0
2022-05-08 05:00:00,0.0,0.0
2022-05-08 06:00:00,0.0,0.0
2022-05-08 07:00:00,1.07405341,-3.8263043100000003
2022-05-08 08:00:00,1074.55272654,0.0
2022-05-08 09:00:00,8.17988771,-22.240000000000002
2022-05-08 10:00:00,0.0,-1.0
2022-05-08 11:00:00,0.0,-95.99999999999999
2022-05-08 12:00:00,360.98,-59.610869999999984
2022-05-08 13:00:00,1.79,-18.742120009999997
2022-05-08 14:00:00,0.0,0.0
2022-05-08 15:00:00,0.0,0.0
2022-05-08 16:00:00,0.0,-46.00000001000001
2022-05-08 17:00:00,0.0,0.0
2022-05-08 18:00:00,73.09867202,0.0
2022-05-08 19:00:00,25.979999999999997,0.0
2022-05-08 20:00:00,100.05,0.0
2022-05-08 21:00:00,0.0,0.0
2022-05-08 22:00:00,0.0,0.0
2022-05-08 23:00:00,0.0,0.0
2022-05-09 00:00:00,0.0,0.0
2022-05-09 01:00:00,0.0,0.0
2022-05-09 02:00:00,0.0,0.0
2022-05-09 03:00:00,0.0,-4.665341099999999
2022-05-09 04:00:00,0.0,0.0
2022-05-09 05:00:00,49.99,0.0
2022-05-09 06:00:00,0.0,0.0
2022-05-09 07:00:00,0.0,-4.0
2022-05-09 08:00:00,49.99,-25.892619000000195
2022-05-09 09:00:00,0.0,-107.64000000000004
2022-05-09 10:00:00,1159.99,0.0
2022-05-09 11:00:00,0.0,-191.51320999999956
2022-05-09 12:00:00,50.980000000000004,-165.24484
2022-05-09 13:00:00,0.0,-45.000000000000014
2022-05-09 14:00:00,0.0,0.0
2022-05-09 15:00:00,0.0,-170.99999999999997
2022-05-09 16:00:00,494.70005894,-54.50999999999999
2022-05-09 17:00:00,0.0,0.0
2022-05-09 18:00:00,386.79176071,-53.32919799999998
2022-05-09 19:00:00,113.88427148,-531.0869970000001
2022-05-09 20:00:00,0.0,-180.00568900999997
2022-05-09 21:00:00,1.9113788,0.0
2022-05-09 22:00:00,9.99,0.0
2022-05-09 23:00:00,0.0,0.0
2022-05-10 00:00:00,0.0,0.0
2022-05-10 01:00:00,0.0,-111.86986300000012
2022-05-10 02:00:00,0.0,-296.4156760200001
2022-05-10 03:00:00,0.0,0.0
2022-05-10 04:00:00,0.0,0.0
2022-05-10 05:00:00,0.0,0.0
2022-05-10 06:00:00,1299.98,0.0
2022-05-10 07:00:00,51.99,-264.49958001
2022-05-10 08:00:00,0.0,-27.10243101
2022-05-10 09:00:00,5.17101258,-352.42082400000004
2022-05-10 10:00:00,0.0,0.0
2022-05-10 11:00:00,243.99,0.0
2022-05-10 12:00:00,0.0,0.0
2022-05-10 13:00:00,0.0,-27.67684399999996
2022-05-10 14:00:00,0.0,0.0
2022-05-10 15:00:00,31.52601906,0.0
2022-05-10 16:00:00,0.0,-299.00000001
2022-05-10 17:00:00,0.0,-120.0
2022-05-10 18:00:00,3.08076424,0.0
2022-05-10 19:00:00,15.63575912,-17.0
2022-05-10 20:00:00,84.97999999999999,-61.42300000999998
2022-05-10 21:00:00,0.0,0.0
2022-05-10 22:00:00,57.72742239,0.0
2022-05-10 23:00:00,0.0,0.0
2022-05-11 00:00:00,0.0,0.0
2022-05-11 01:00:00,0.0,0.0
2022-05-11 02:00:00,0.0,0.0
2022-05-11 03:00:00,0.0,0.0
2022-05-11 04:00:00,0.0,0.0
2022-05-11 05:00:00,9.99,0.0
2022-05-11 06:00:00,199.99,0.0
2022-05-11 07:00:00,620.50574234,-14.000000000000004
2022-05-11 08:00:00,0.0,-72.0
2022-05-11 09:00:00,987.74352291,0.0
2022-05-11 10:00:00,3.99,0.0
2022-05-11 11:00:00,28.16471964,0.0
2022-05-11 12:00:00,0.0,-42.269639999999995
2022-05-11 13:00:00,0.0,-305.78273101999997
2022-05-11 14:00:00,0.0,-123.81938600000001
2022-05-11 15:00:00,0.0,0.0
2022-05-11 16:00:00,0.0,0.0
2022-05-11 17:00:00,289.99,-27.000000000000004
2022-05-11 18:00:00,20.02741809,0.0
2022-05-11 19:00:00,0.0,-180.88415
2022-05-11 20:00:00,0.99,0.0
2022-05-11 21:00:00,0.0,-507.51553400000006
2022-05-11 22:00:00,0.0,-67.12533200000003
2022-05-11 23:00:00,699.99,0.0
2022-05-12 00:00:00,0.0,0.0
2022-05-12 01:00:00,0.0,0.0
2022-05-12 02:00:00,0.0,0.0
2022-05-12 03:00:00,323.99,0.0
2022-05-12 04:00:00,0.0,-242.15400001
2022-05-12 05:00:00,0.0,0.0
2022-05-12 06:00:00,0.0,0.0
2022-05-12 07:00:00,0.0,-162.0
2022-05-12 08:00:00,0.0,-30.3069
2022-05-12 09:00:00,0.0,-23.889999999999873
2022-05-12 10:00:00,9.99,-2815.2118800099993
2022-05-12 11:00:00,0.0,0.0
2022-05-12 12:00:00,0.0,0.0
2022-05-12 13:00:00,0.0,0.0
2022-05-12 14:00:00,6.34619975,0.0
2022-05-12 15:00:00,0.0,0.0
2022-05-12 16:00:00,4.99,0.0
2022-05-12 17:00:00,0.0,0.0
2022-05-12 18:00:00,9.99,0.0
2022-05-12 19:00:00,0.0,0.0
2022-05-12 20:00:00,187.60115358,0.0
2022-05-12 21:00:00,164.87503291,0.0
2022-05-12 22:00:00,0.0,0.0
2022-05-12 23:00:00,0.0,0.0
2022-05-13 00:00:00,0.0,0.0
2022-05-13 01:00:00,0.0,0.0
2022-05-13 02:00:00,0.0,0.0
2022-05-13 03:00:00,0.0,0.0
2022-05-13 04:00:00,0.0,0.0
2022-05-13 05:00:00,0.0,0.0
2022-05-13 06:00:00,19.99,0.0
2022-05-13 07:00:00,31.0,0.0
2022-05-13 08:00:00,0.0,0.0
2022-05-13 09:00:00,0.0,-16.0
2022-05-13 10:00:00,49.99,-670.0
2022-05-13 11:00:00,0.0,0.0
2022-05-13 12:00:00,0.0,0.0
2022-05-13 13:00:00,99.97999999999999,0.0
2022-05-13 14:00:00,0.0,0.0
2022-05-13 15:00:00,0.0,0.0
2022-05-13 16:00:00,0.0,0.0
2022-05-13 17:00:00,0.0,0.0
2022-05-13 18:00:00,99.99,0.0
2022-05-13 19:00:00,0.0,0.0
2022-05-13 20:00:00,695.06175594,0.0
2022-05-13 21:00:00,0.0,0.0
2022-05-13 22:00:00,49.99,-308.00000001
2022-05-13 23:00:00,0.0,0.0
2022-05-14 00:00:00,694.63303716,0.0
2022-05-14 01:00:00,249.99,0.0
2022-05-14 02:00:00,0.0,0.0
2022-05-14 03:00:00,0.0,0.0
2022-05-14 04:00:00,0.0,0.0
2022-05-14 05:00:00,0.0,0.0
2022-05-14 06:00:00,163.49623232,0.0
2022-05-14 07:00:00,0.0,0.0
2022-05-14 08:00:00,69.99,0.0
2022-05-14 09:00:00,72.99,-96.0
2022-05-14 10:00:00,0.0,-50.879999999999995
2022-05-14 11:00:00,0.0,0.0
2022-05-14 12:00:00,2.99,-262.86000001
2022-05-14 13:00:00,0.0,0.0
2022-05-14 14:00:00,0.0,0.0
2022-05-14 15:00:00,0.0,0.0
2022-05-14 16:00:00,101.73311498,-43.0
2022-05-14 17:00:00,0.0,0.0
2022-05-14 18:00:00,0.001,-2.0620999999999725
2022-05-14 19:00:00,20.99,-0.5
2022-05-14 20:00:00,20.99,-63.0
2022-05-14 21:00:00,126.29765503,-12.164999999999964
