Date,ETHpool_nbTrades,ETHpool_baseDFI,ETHpool_quoteDFI,ETHpool_baseETH,ETHpool_quoteETH,BTCpool_nbTrades,BTCpool_baseDFI,BTCpool_quoteDFI,BTCpool_baseBTC,BTCpool_quoteBTC,USDTpool_nbTrades,USDTpool_baseDFI,USDTpool_quoteDFI,USDTpool_baseUSDT,USDTpool_quoteUSDT,DOGEpool_nbTrades,DOGEpool_baseDOGE,DOGEpool_quoteDOGE,DOGEpool_baseDFI,DOGEpool_quoteDFI,LTCpool_nbTrades,LTCpool_baseDFI,LTCpool_quoteDFI,LTCpool_baseLTC,LTCpool_quoteLTC,BCHpool_nbTrades,BCHpool_baseDFI,BCHpool_quoteDFI,BCHpool_baseBCH,BCHpool_quoteBCH,DFIPriceUSD,BTCPriceUSD,ETHPriceUSD,USDTPriceUSD,DOGEPriceUSD,LTCPriceUSD,BCHPriceUSD,ETHpool_baseETH_inUSD,ETHpool_baseDFI_inUSD,ETHpool_sum_inUSD,BTCpool_baseBTC_inUSD,BTCpool_baseDFI_inUSD,BTCpool_sum_inUSD,USDTpool_baseUSDT_inUSD,USDTpool_baseDFI_inUSD,USDTpool_sum_inUSD,DOGEpool_baseDOGE_inUSD,DOGEpool_baseDFI_inUSD,DOGEpool_sum_inUSD,LTCpool_baseLTC_inUSD,LTCpool_baseDFI_inUSD,LTCpool_sum_inUSD,BCHpool_baseBCH_inUSD,BCHpool_baseDFI_inUSD,BCHpool_sum_inUSD
2020-11-30,16,29401.34244828,1212.97976804,0.88178411,21.300770410000002,60,25259.51595094,18138.197110259996,0.37950352000000004,0.5422317299999997,20,1085.4009999999998,519.1300978600001,209.65780891,443.54103662000006,,,,,,,,,,,,,,,,0.33555053617064595,18169.95420978285,574.7511196548439,1.0006233573595833,0.0034495342068635434,79.11564866103,285.0643409077698,506.8064045163501,9865.636222657127,10372.442627173477,6895.56158085141,8475.844120748901,15371.405701600312,209.78850064817817,364.20688751015524,573.9953881583334,,,,,,,,,
2020-12-01,19,9780.40475157,1824.58235799,1.14676536,6.27097408,83,100473.08349234,62761.286889920004,1.0887461200000002,1.8826786400000002,18,7142.0,1965.95507618,666.54653545,2517.90868208,,,,,,,,,,,,,,,,0.3907543040916404,19609.52143957559,612.2637856122055,0.9982550074613876,0.0035606988952316065,87.38619672272732,316.41322088610883,702.1229005225438,3821.7352524343087,4523.858152956853,21349.79038239474,39260.2898199906,60610.08020238534,665.3834167190017,2790.767239822496,3456.1506565414975,,,,,,,,,
2020-12-02,15,11805.08008953,51.29900175,0.030496699999999998,7.206641819999999,56,37380.842497670004,77502.40388115999,1.3911711900000001,0.66305421,22,3189.4,1899.64783043,606.11414135,1019.3723303500001,,,,,,,,,,,,,,,,0.3733473463661557,18857.417371118165,589.5818443540976,0.9947935832169568,0.0033585322656318572,85.52570592614738,288.26473037524175,17.980300632713607,4407.395325065965,4425.375625698679,26233.89576450513,13956.038351436315,40189.93411594145,602.9584585120355,1190.754026500217,1793.7124850122523,,,,,,,,,
2020-12-03,10,2101.0001,15546.624526220001,9.48087192,1.2429341800000002,65,101701.57296387003,167989.86088811,3.40190131,2.1140597,30,8701.96814059,16774.725782709997,6173.4890568,3287.2259126800004,,,,,,,,,,,,,,,,0.3865422874072064,19208.398191994624,598.760610095824,0.9990905426962556,0.003379964171630577,89.13517835680847,294.05873139680057,5676.772655059566,812.1253844967695,6488.898039556336,65345.07497234814,39311.95864636522,104657.03361871337,6167.874532087708,3363.678670008293,9531.553202096002,,,,,,,,,
2020-12-04,16,3357.85906453,21616.99925221,14.191894310000002,2.16901629,87,46955.465983769995,80653.27065945999,1.6742095899999998,0.9787638399999999,28,12523.460412510001,18894.18593961,7839.665302699999,5175.660441099999,,,,,,,,,,,,,,,,0.4107061009294519,19435.20484740911,616.506661565682,1.0012616153597722,0.003420636522336877,88.86448690651736,291.62254679255136,8749.397382351099,1379.0932038637332,10128.490586214832,32538.606339146816,19284.896351519685,51823.5026906665,7849.5559448613585,5143.4615961663285,12993.017541027686,,,,,,,,,
2020-12-05,10,5430.996,3580.721688,2.4719836,3.72835517,60,31455.028332109996,42397.49559628,0.9055244699999999,0.6728903000000003,22,14143.0,11130.40432607,4595.2663466799995,5866.367393380001,,,,,,,,,,,,,,,,0.4231821870638856,18711.226549886927,571.1904316349736,1.0039867977335015,0.003308822640579143,80.00761328005096,281.16835844214995,1411.9733794785761,2298.3007652152146,3710.2741446937907,16943.473504636288,13311.207683738794,30254.68118837508,4613.58674413578,5985.065671644534,10598.652415780314,,,,,,,,,
2020-12-06,18,3772.56045064,20620.958546020003,14.482729959999999,2.55602453,77,101001.82861519,160636.57111183,3.5008946900000004,2.2016722200000003,28,10141.226120910002,11571.387042600001,4661.5856914800015,4053.1091518700005,,,,,,,,,,,,,,,,0.4361660322327502,19139.111575237486,595.9194139680376,1.0016833187810186,0.003394700530342044,82.98658238936673,287.9610783071866,8630.53995042054,1645.4627231138447,10276.002673534385,67004.01408506646,44053.56683533967,111057.58092040612,4669.432626223797,4423.25835913244,9092.690985356237,,,,,,,,,
2020-12-07,4,2018.0,115.29325363,0.08413499,1.4746963,81,159842.66620675,226988.88315069998,5.48088027,3.9271251599999997,12,2365.87968956,8979.15571689,3939.4906946399997,1022.24994609,,,,,,,,,,,,,,,,0.4422665198041035,19325.55411859109,601.9689349244917,1.0013368449429352,0.0033874679252528625,83.42755128605098,286.10323968882136,50.646650320182765,892.4938369646808,943.1404872848635,105921.04827540315,70693.0596994683,176614.10797487147,3944.7571828528694,1046.3493765769138,4991.106559429783,,,,,,,,,
2020-12-08,10,11562.0,18786.019099279998,13.60295318,8.22467142,111,181601.54214506,129524.42516633,3.0813175900000003,4.28845417,21,21343.3852244,24703.71508463,11704.209969,10138.510588639998,,,,,,,,,,,,,,,,0.4431474616403077,19198.806493935343,592.3865066820175,1.0003652277899056,0.003338011703873213,83.61725735976272,283.81889132405115,8058.205914859242,5123.670951485238,13181.876866344479,59157.620156769204,80476.2624315487,139633.8825883179,11708.484671739569,9458.26698500411,21166.751656743676,,,,,,,,,
2020-12-09,83,69730.67749243,64749.39161041,46.88891695,50.45623941,207,318719.69315577997,479815.39257925993,11.44546507,7.599152730000001,46,66728.22574630001,49264.89421900999,19832.217658049994,27438.332986639998,,,,,,,,,,,,,,,,0.4632018784539971,18336.514581297808,554.329674302381,0.998170289864109,0.003184175796414202,76.82408863619145,267.30454584103364,25991.918061284894,32299.38080036343,58291.29886164832,209869.9371457897,147631.56057003883,357501.49771582853,19795.930448383864,30908.639511588535,50704.5699599724,,,,,,,,,
2020-12-10,76,81561.27036432,137078.45063494,98.03435144000004,56.968132340000004,184,122806.09574686,209085.04910183008,5.19590497,3.0428900700000003,110,139885.39998375002,166710.70747934995,74184.63507287,62178.285727710005,,,,,,,,,,,,,,,,0.4461061869767717,18564.986455688137,573.8953091099942,1.000598244490779,0.003154872306107628,77.48133839685526,268.93091591402924,56261.454423056624,36384.987327208364,92646.44175026499,96461.90539309267,54784.55911113605,151246.46450422873,74229.0156221028,62403.74240047128,136632.75802257407,,,,,,,,,
2020-12-11,38,38383.50986535,78552.96767355,64.05799899999998,30.51582079,193,190486.80898323996,229969.81150133,5.761908710000001,4.74484259,44,83824.92091862002,76932.81383437,35217.377329530005,38321.60084113,,,,,,,,,,,,,,,,0.4643375476322935,18262.058384653155,560.4542654076048,1.0008631839114541,0.003116111934989069,75.02820812744618,266.0220957216988,35901.57877302607,17822.904840396564,53724.483613422635,105224.31326906156,88450.17773957878,193674.49100864033,35247.77640304447,38923.05820982296,74170.83461286742,,,,,,,,,
2020-12-12,50,25485.325870250002,26124.145652290004,22.937134389999997,22.292920750000004,206,104373.29933646997,94636.11998003002,2.3995486599999993,2.6363454000000006,28,10972.824995379999,25654.41863503,12200.157949969998,5278.64026228,,,,,,,,,,,,,,,,0.4601867843319588,18058.027339569555,545.9828352633687,0.9999576120170788,0.0030793343605252464,72.0972487075752,259.3886043532359,12523.281667069115,11728.010159882428,24251.291826951543,43331.11530490748,48031.21299176708,91362.32829667456,12199.640809883178,5049.549049661262,17249.18985954444,,,,,,,,,
2020-12-13,26,10912.24603911,1651.4676840700001,1.4317940700000003,9.384610539999999,200,60080.46944204999,71877.85223388,1.8265997500000002,1.5207440600000008,46,10305.55504384,12610.03587103,6091.46465211,4949.7345945900015,,,,,,,,,,,,,,,,0.4750182590125118,18807.09540322016,568.3587534073821,0.9987936528754436,0.0031677176252758532,76.70252475314723,267.71988492159903,813.7726927612821,5183.51611541421,5997.288808175492,34353.0357617481,28539.319995017002,62892.3557567651,6084.11623124259,4895.326815082487,10979.443046325077,,,,,,,,,
2020-12-14,57,63496.01546629002,97584.87603762001,88.47441288,58.158315879999996,273,160952.20936921999,349884.00709071994,9.103146660000002,4.16204553,48,21657.620399550004,40230.44180781,20895.44287801,11402.359509549999,,,,,,,,,,,,,,,,0.4901732713048176,19151.134423404932,590.3244403029342,0.9991579375556516,0.0032634298272873627,82.07489099789227,275.1508402715312,52228.60826451672,31124.04961593267,83352.65788044939,174335.58536162967,78894.47099024848,253230.05635187816,20877.8476103044,10615.986639925375,31493.834250229775,,,,,,,,,
2020-12-15,52,38201.473662899996,34075.278498930005,30.67829838,34.30140516,365,419790.20819537,404901.5919303599,10.610871110000007,10.964638700000002,109,77044.26821733001,73868.14174796,39196.02620199001,40717.527564059994,,,,,,,,,,,,,,,,0.5271360502720313,19259.97047153096,585.5418949360015,0.9995922329665812,0.003224837751028953,82.31041115099704,276.1886575286878,17963.428966837266,20137.37394123213,38100.802908069396,204365.06425582108,221286.55229098102,425651.6165468021,39180.043354663816,40612.81124418233,79792.85459884614,,,,,,,,,
2020-12-16,104,32152.76108551,80867.74510104001,76.43706271999997,30.30783604000001,495,452679.68963551,829861.3099572106,22.98970060000001,12.487600199999996,139,91796.21416867,130299.34712323,73483.81512472998,51799.42709709002,,,,,,,,,,,,,,,,0.5416983288700796,19432.362456862407,589.0668316450424,0.99977320883758,0.0032158100120930327,81.37409226218855,288.3423672909231,45026.538356723766,17417.096948579692,62443.635305303455,446744.19483394735,245215.83138898207,691960.0262229294,73467.1496448788,49725.855811768466,123193.00545664725,,,,,,,,,
2020-12-17,122,36507.80790926,70270.30654702001,69.75585601,35.63357374,481,307743.20022898994,396193.67340224003,11.40979758,8.802879220000005,178,74922.43098504998,121137.06100450005,80132.46377998003,50381.999439950014,,,,,,,,,,,,,,,,0.6216439006034287,21317.66213678684,635.9618893796135,0.9985465640729106,0.003423607377504185,92.6625425539402,310.92946832681406,44362.06598341186,22694.85611119309,67056.92209460496,243230.2098595681,191306.68337453128,434536.8932340994,80015.99637819601,46575.072240237656,126591.06861843367,,,,,,,,,
2020-12-18,93,29274.30499278,61749.89548551999,64.26236046,30.000034510000006,430,158585.10855609,407109.73468958,12.251556980000007,4.771600220000002,120,32502.523564619994,28411.41199386999,19632.680781729996,22340.80004669,,,,,,,,,,,,,,,,0.6392571444909599,22805.65580598891,644.0652701929779,0.9972953092969824,0.003726363829822904,101.8690911867464,310.6544676181102,41389.15455290844,18713.808616641993,60102.963169550436,279404.7915733411,101376.663654355,380781.4552276961,19579.58045254434,20777.470402669114,40357.050855213456,,,,,,,,,
2020-12-19,101,78309.4713786,107851.88637303,120.87156913000001,88.29732999000004,448,152845.66096578,192247.9140741,5.926965359999999,4.694150869999998,107,17599.6932224,50519.337224660005,35953.17773656,12506.603994589997,,,,,,,,,,,,,,,,0.6476857450798206,23120.570551567518,654.4204162965752,0.9988753254331928,0.003843981048954611,109.01471821922688,312.3330284107035,79100.82258847488,50719.92831665543,129820.75090513032,137034.82076257674,98995.95580483887,236030.77656741563,35912.742111963795,11399.070417926412,47311.81252989021,,,,,,,,,
2020-12-20,89,21356.796505039998,89435.35963722,103.91732111,25.083992730000006,461,165313.42742206992,405767.3142881901,12.846551499999997,5.2373313499999945,116,45729.1233675,43319.691952149995,32117.88698523999,33769.82083177,,,,,,,,,,,,,,,,0.6794698193438465,23863.85484171969,659.3188076372094,0.9982956475663329,0.003924838527422896,120.64458402834946,318.54850970760725,68514.64424709821,14511.29866304282,83025.94291014104,306568.2402126763,112325.48466558593,418893.7248782622,32063.146786392455,31071.559193267694,63134.70597966015,,,,,,,,,
2020-12-21,101,45065.308284319995,70312.66651548001,85.61511418,54.57198749999999,639,354593.8588306901,617528.8002887598,20.204364010000006,11.509751060000008,144,73505.38590629997,101177.23825186,76343.35851904002,54976.814107130005,,,,,,,,,,,,,,,,0.6744159688858832,23518.31842054723,639.5154368778184,1.002809798542007,0.0046159953723850285,114.94615528951199,348.17944450270033,54752.18714816701,30392.763549710686,85144.95069787769,475172.6662718247,239143.76086428395,714316.4271361086,76557.86797649873,49573.20605432804,126131.07403082677,,,,,,,,,
2020-12-22,122,78925.70827276999,157698.17693741,205.2454930499999,102.90545680999999,655,278270.7573160601,575454.72299167,19.81748991999999,9.56377441999999,106,26804.446551679997,59407.15907421999,48572.147314429996,21773.24151519,,,,,,,,,,,,,,,,0.7822859529609371,22840.991707188354,610.4270278980672,1.0020297939081966,0.004801855191794443,104.91138132132409,314.02289081412187,125287.39631198485,61742.47290928078,187029.86922126563,452651.12292000855,217687.3045681557,670338.4274881643,48670.738763156856,20968.74201427149,69639.48077742834,,,,,,,,,
2020-12-23,107,41960.62050555002,85819.84709608999,119.14089174999997,58.15559094000002,632,278896.7092210098,777140.7307714901,28.55175372,10.280510289999995,99,76625.87738974,90752.41357490001,77923.02399057998,65462.88556394998,,,,,,,,,,,,,,,,0.8207866623924177,23794.79330262859,634.9797234431858,1.0019616387590111,0.004533534522381022,114.15580053249045,323.5281738923883,75652.0504941895,34440.71765666524,110092.76815085474,679383.078194957,228914.69911374126,908297.7773086983,78075.88081465926,62893.498155615314,140969.37897027459,,,,,,,,,
2020-12-24,91,13895.259672779997,88802.11064875998,131.31695089000002,20.38493832,464,128945.46994566002,257991.72830192003,9.883643809999993,4.9056660400000025,96,26791.81629478001,61873.174070280016,56103.801976200004,24266.977747550005,,,,,,,,,,,,,,,,0.8792452167546319,23308.127232177147,587.9588954992438,1.0040126431796252,0.003826490077542832,102.80138066948912,276.22327465735583,77208.96940561285,12217.340602855344,89426.3100084682,230369.22744099994,113374.68767189971,343743.9151128996,56328.92651455085,23556.576325354126,79885.50283990498,,,,,,,,,
2020-12-25,106,18708.33256944,75561.41291967998,120.28981220999998,29.49877668,575,168293.19586981006,968612.7135486699,39.96385795000001,6.872706059999997,117,21023.330705700002,88698.80146588996,88653.94050606001,20932.154312949995,,,,,,,,,,,,,,,,0.950862334747398,23760.28704854296,612.8796570505974,1.002382623150769,0.004587077067583234,111.66669395615476,297.58293558183715,73723.17885394556,17789.048786208506,91512.22764015407,949552.7364591958,160023.66114686875,1109576.3976060646,88865.16943711665,19990.293318988566,108855.46275610522,,,,,,,,,
2020-12-26,122,10294.921895750002,156386.82986102006,281.38108457999994,19.049177269999998,619,198147.90977237004,846400.6812920399,39.167821579999995,9.127700530000002,139,16226.67233003,84578.71402484998,97116.09338434998,18501.149517719998,,,,,,,,,,,,,,,,1.1018627873127629,24671.10771441541,626.4567387784557,1.002935721019072,0.004589209805707651,126.98465726995279,318.98046135471856,176273.07659993158,11343.591335218289,187616.66793514986,966313.5451391843,218331.8081619815,1184645.3533011659,97401.19914098857,17879.56640237774,115280.7655433663,,,,,,,,,
2020-12-27,123,72613.07812116,138938.04320647998,288.68262991000006,152.84567065999997,618,234796.43722371006,761601.5750387996,39.017114770000006,12.167969090000007,185,141426.39602277,203101.78915341,282346.80446146,199571.05411455,,,,,,,,,,,,,,,,1.310143688435229,26476.13013701949,636.7423171944997,1.0020812072572558,0.004516045564179549,129.7577206910457,323.28075334720614,183816.44670269563,95133.56599829199,278950.01270098763,1033022.2082215453,307617.0702957222,1340639.2785172677,282934.42667996814,185288.90012737332,468223.3268073414,,,,,,,,,
2020-12-28,107,80860.35240083,32497.275586819997,65.62791127999999,164.66438610999995,529,171833.11993036003,272147.3928501998,14.522206020000004,9.111873810000013,121,28411.19814523001,46477.40180093001,67971.08460859001,41396.48750916,,,,,,,,,,,,,,,,1.3884044975384366,26423.22879190229,689.6598573269874,1.0013051232580303,0.004552181715778153,127.89908797810655,339.34438323441134,45260.93593003298,112266.8769458553,157527.81287588828,383723.57222960086,238573.87653737343,622297.4487669743,68059.79525198623,39446.235285293034,107506.03053727926,,,,,,,,,
2020-12-29,78,41461.992564980006,38861.43491498,76.37393591,81.2458123,622,406355.3838076,273393.71850238007,14.384939730000003,21.403340800000013,191,157156.93249194993,142149.7800871,197382.58827307998,218497.87811359,,,,,,,,,,,,,,,,1.38892761611197,27125.384120651503,732.9570292975275,1.0020587398489331,0.004603794477978668,130.63865783349385,364.34381480687415,55978.813180353354,57587.7064925299,113566.51967288325,390197.015728671,564398.2145261545,954595.2302548254,197788.94767304332,218279.6036015138,416068.55127455713,,,,,,,,,
2020-12-30,98,12851.38132311,30524.322881509997,61.49861974,25.7860611,732,280983.5563482301,299146.76995125,15.907031879999995,14.886050079999972,126,46350.42618119001,74350.21288320998,110741.06810358999,68628.28420293996,,,,,,,,,,,,,,,,1.4151598145852882,27424.538954606684,735.5908981625737,1.0012237308367522,0.004493495309525287,129.62816724745065,353.55130825314325,45237.824930305185,18186.75841037718,63424.583340682366,436243.01544523024,397636.6375032762,833879.6529485064,110876.58536352323,65593.26052052193,176469.84588404518,,,,,,,,,
2020-12-31,61,13093.03309292,38221.457696959995,79.12068805999999,27.086823040000002,494,54679.86019828999,79589.83582647001,4.226603599999999,2.891816259999996,148,46279.91292278,42358.30949198998,63983.84989698003,69748.42558781001,,,,,,,,,,,,,,,,1.4577835198670095,28837.28852895899,752.8559324490187,1.0015644877238363,0.004656390926635217,129.244151372546,359.11867127888763,59566.47938541924,19086.807867932155,78653.28725335139,121883.78751073674,79711.39906569918,201595.18657643592,64083.95184466764,67466.09435970892,131550.04620437656,,,,,,,,,
2021-01-01,67,14007.89510111,40379.45011965,86.12688303,29.860722059999993,485,168452.17574785,119720.82824838998,6.357655819999998,8.906006159999997,94,10644.877950459999,14263.3648463,21953.295335070005,16316.118996910001,,,,,,,,,,,,,,,,1.5313944483419335,29022.41839530417,738.6169381520414,1.0000520646337905,0.004706604844990355,124.79869792915005,343.51952086638204,63614.77463619761,21451.61279079602,85066.38742699364,184514.54722138055,257966.7267513772,442481.27397275774,21954.43832535212,16301.5069966119,38255.94532196402,,,,,,,,,
2021-01-02,99,37714.412290529996,31136.809769289997,67.42115131,81.26268154999998,513,257208.05018325002,146124.01247723997,7.622249779999996,13.388723120000016,230,41662.67407906002,58158.15502037998,93073.14408397001,66756.01485678002,,,,,,,,,,,,,,,,1.4036939617736943,29352.12679194895,730.1473402196375,1.001992607019633,0.005538271866769693,125.98137104675855,341.24483827908574,49227.37430354223,52939.49280406056,102166.8671076028,223729.24198246488,361041.3869618134,584770.6289442782,93258.60228421104,58481.644036121965,151740.246320333,,,,,,,,,
2021-01-03,125,135112.79866231003,34317.06017004001,69.97250627999999,273.90440135999995,565,332380.02248297987,231283.96518325,11.784968209999995,16.931648179999975,306,45591.10281839,77441.41399250002,131862.26182836012,78064.67475281002,,,,,,,,,,,,,,,,1.5986789406174038,32163.82493533521,777.6960653039432,1.0031205093162412,0.01060307462602797,137.70325907807623,354.8116227738977,54417.34281341145,216001.98582931436,270419.3286427258,379049.6543749306,531368.942225479,910418.5966004096,132273.73924485614,72885.53595528286,205159.275200139,,,,,,,,,
2021-01-04,151,179300.90578253,63426.72997457,113.12529437,322.69439395,672,131834.51817906997,433913.88979392,22.697338390000002,6.85546617,217,115740.68339584001,105884.76651967,178996.23818434,195229.1374132801,,,,,,,,,,,,,,,,1.6432431666252134,33008.226203489285,967.0005967288458,1.0007211864651786,0.01008668174073207,159.49543619526273,419.5009649151114,109392.22716091634,294634.9881968536,404027.21535777,749198.8797942614,216636.1711230842,965835.0509173456,179125.32784863643,190190.08709074638,369315.4149393828,,,,,,,,,
2021-01-05,95,60904.98851738,58051.6807952,99.28857441,103.76652804,532,52994.36142858999,214149.82546752002,11.593217440000002,2.854864990000003,206,23316.473806170005,62364.60600835999,111789.68963248999,41497.6361539,,,,,,,,,,,,,,,,1.6673037493539649,31515.575966658354,1025.6547675669037,0.9997061275089264,0.009591750832278643,152.06832261948344,397.4517213108998,101835.79970853777,101547.11570938786,203382.91541792563,365366.9249283086,88357.69750450723,453724.62243281584,111756.83771792134,38875.64419874076,150632.4819166621,,,,,,,,,
2021-01-06,116,54699.879769789986,46196.8189146,78.98153622000001,93.11001328999998,619,217632.61170776005,312087.4106191099,17.245964,11.987365399999998,232,39116.57829266001,59718.90661981001,115459.62482074003,75109.74813141,,,,,,,,,,,,,,,,1.8750217681451904,34082.20604904424,1103.3582516225742,1.002747178640493,0.009841171975224852,159.06360312204382,419.6849848280874,87144.92971416423,102563.46528328095,189708.39499744517,587780.4985623992,408065.88441033993,995846.3829727392,115776.8130358869,73344.43579409314,189121.24882998003,,,,,,,,,
2021-01-07,95,49326.68633581,72961.58080370999,125.82234361,84.88039835,486,285940.4889587499,207137.49768601006,11.43800144,15.727904389999999,182,104701.63178895,102833.35826376996,196960.90437538998,199801.90473854996,,,,,,,,,,,,,,,,2.0254770410560727,36933.520137309126,1208.5750928728885,1.007831528615089,0.010463464980351351,169.28282460965582,454.7308338444526,152065.75061394024,99910.07068455746,251975.8212984977,422445.6565148108,579165.8954942954,1001611.5520091061,198503.40933405963,212070.75134962492,410574.1606836845,,,,,,,,,
2021-01-08,91,8458.784983279998,83311.39351774001,149.61275533999995,14.92286408,486,182032.86346576997,266106.90631786996,14.68820596,10.002181299999997,265,77603.06863128,118524.87767449008,253498.02241863013,166536.62504530005,,,,,,,,,,,,,,,,2.095221438785273,39547.08408135567,1229.4713150147784,1.0011229764103136,0.009776329160118814,170.36551131211363,450.52978973386365,183944.59105085404,17723.02764304318,201667.6186938972,580875.7161043895,381399.1580969537,962274.8742013432,253782.6947178674,162595.61311178276,416378.3078296501,,,,,,,,,
2021-01-09,145,63059.1872543,43603.55899015,81.40010963,116.84470603999998,702,111675.45849135998,375011.40778624994,21.196757579999993,6.272058520000001,275,27087.5194499,47571.68194437996,109240.66668060987,62073.392838000036,,,,,,,,,,,,,,,,2.3879523240172733,40815.96185478254,1223.7296883535275,1.0025753237228696,0.009888196538593021,173.13609586387813,438.04209619167983,99611.73078946288,150582.3327545461,250194.063544009,865166.0488303524,266675.6706401376,1131841.71947049,109521.99676101454,64683.705022251794,174205.70178326633,,,,,,,,,
2021-01-10,117,91128.01051937,71743.94928205,128.60236367999997,163.08522943,555,110693.99373208007,144455.56444214995,8.33780988,6.363263100000002,291,176565.2458392201,146016.92517905004,332880.1611417303,400715.38411219,,,,,,,,,,,,,,,,2.3668505299204616,40296.5290038294,1282.979575527323,1.0052281707835635,0.010219480187400938,177.89245832011466,585.5317610459142,164994.20596597678,215686.37998836828,380680.58595434506,335984.7976578353,261996.13772378597,597980.9353816212,334620.5154746394,417903.5456800947,752524.0611547341,,,,,,,,,
2021-01-11,107,20960.115058780004,67903.21944423999,124.57573322000002,38.20924151999999,791,335306.2661167301,416449.6806684801,24.012394610000015,19.21485007,394,445734.03716668015,412728.7851903599,819040.2356756601,884630.17479225,,,,,,,,,,,,,,,,2.2442871357343126,38397.895985418174,1267.7310031512136,1.002045316205101,0.00988108787044481,171.36294881718374,605.0866961352274,157928.51924328858,47040.51658993101,204969.0358332196,922025.4305955966,752523.5395768834,1674548.97017248,820715.4319423173,1000355.1655721002,1821070.5975144175,,,,,,,,,
2021-01-12,212,105635.16931419999,105977.23320814998,200.00389291999994,198.56981271999993,623,122869.97393662001,517231.4720637301,31.016913219999996,7.304941520000001,233,117492.90942158,136775.93050480995,285118.82376454014,244143.01426371996,,,,,,,,,,,,,,,,2.090136244957168,35669.90668663348,1092.9143378806064,1.0085184528161932,0.008856219491507052,139.69663325676296,481.2484269561522,218587.12220420543,220791.89612579663,439379.0183300021,1106370.4002648084,256814.98594187206,1363185.3862066804,287547.5950117869,245576.1885075139,533123.7835193009,,,,,,,,,
2021-01-13,313,299255.57198717,431651.81745958,805.6803459099997,544.91331595,590,249240.33687131997,737741.7800259201,47.509445500000005,16.31383723,226,45284.65038100001,96670.48139217003,219811.94955349,102302.29001142002,,,,,,,,,,,,,,,,2.10139256238118,33938.33587810088,1045.406815230412,1.002325277523874,0.008067137131608306,133.00437326579691,451.7314450576004,842263.7245115094,628853.4332249649,1471117.1577364742,1612391.5187613287,523751.7901467716,2136143.3089081002,220323.07333926565,95160.82750066549,315483.90083993116,,,,,,,,,
2021-01-14,212,41238.233759380004,139410.75970908,301.42259341,90.02996856000003,525,111931.38401533001,361988.4144723897,24.289559040000004,7.499883069999997,233,47514.11409103998,91946.25889682,241153.04884934003,125183.84797781995,,,,,,,,,,,,,,,,2.4985706081526318,37456.00772548642,1132.0155910164729,1.0036185497396932,0.008650340588929543,147.5223343027861,496.744798039672,341215.07522473915,103036.63880331449,444251.7140280536,909789.9110508987,279668.46623054886,1189458.3772814476,242025.67315148003,118717.36894028328,360743.04209176335,,,,,,,,,
2021-01-15,176,100279.93980357,89116.70612192,203.52010560000002,227.5955943799999,565,62158.11280073,357443.0610662898,24.892791859999992,4.323001420000004,267,71065.79214265001,51841.81912889,135306.20669808003,186297.3607137801,,,,,,,,,,,,,,,,2.7860914843283657,39232.749971403464,1216.9147884634556,0.9978763563497436,0.009467234495934724,152.22312208348978,527.410121783602,247666.62625428417,279389.0863356875,527055.7125899717,976612.679133567,173178.18875603584,1149790.867889603,135018.86453138536,197995.79831568687,333014.66284707224,,,,,,,,,
2021-01-16,131,50981.17971388,27720.886399819996,60.84298347999999,111.60327762999997,471,73342.15331637001,237312.29066267004,17.078016509999994,5.27612344,211,30141.33926445999,32124.303472079995,85955.42581401,80426.07568178997,,,,,,,,,,,,,,,,2.629311735766564,36787.52121668496,1171.8600177046465,1.0005219609799012,0.009326414267907169,143.88016914165317,490.03672312556205,71299.4596980763,134045.41412492897,205344.87382300527,628257.8947005208,192839.3844411223,821097.2791416431,86000.2911922957,79250.9770597662,165251.2682520619,,,,,,,,,
2021-01-17,118,76651.09721154002,15852.187058270003,33.31073028,162.61663850000005,485,108578.25715643998,105101.42081356996,7.6445086700000004,7.865600330000001,156,23691.81684175,16473.967702590006,42269.694214279996,60892.19787059,,,,,,,,,,,,,,,,2.620700970333848,36254.71307941085,1234.6318700828047,1.0021410577808154,0.009264961751825887,144.27234202687984,491.79521298244833,41126.489219420306,200879.60483943706,242006.09405885736,277149.46846391866,284551.1438870404,561700.6123509591,42360.19607197017,62089.16738614603,104449.36345811619,,,,,,,,,
2021-01-18,124,20679.36167882,40939.425172610005,86.48958358,43.61676373999998,485,83850.07395056,91393.17852359997,6.62767559,6.055177619999999,155,9411.52146778,18859.2560323,49467.74127057001,24607.570035599994,,,,,,,,,,,,,,,,2.5986222361384708,35804.263885674685,1229.379698072007,0.9981823506819848,0.009027602956834534,142.33371597593555,478.1895912651242,106328.53814795401,53737.84908773143,160066.38723568543,237299.04577300465,217894.6666697804,455193.71244278504,49377.82626438581,24456.988962067684,73834.8152264535,,,,,,,,,
2021-01-19,188,202543.89049790008,90472.88511066999,181.77708986,409.35816379,505,47778.294203179976,150852.86189979003,11.04657902,3.4860906499999986,175,47116.573535529984,50111.547510799996,134245.90028241003,125782.76789965,,,,,,,,,,,,,,,,2.648739199205877,36595.4647692826,1255.9766915132132,1.000149868569436,0.009161624551937569,152.0622930627321,511.5539587565812,228307.78791526283,536485.9423214507,764793.7302367135,404254.6933475062,126552.24072715372,530806.93407466,134266.019523438,124799.51525582452,259065.53477926253,,,,,,,,,
2021-01-20,133,75337.05965989998,94169.16725270999,187.71511339,149.76151107999996,505,58796.624813970026,202034.78203614007,15.046823899999989,4.369191420000004,160,39471.34544626,36365.107857129995,94507.40554791997,102349.22846020001,,,,,,,,,,,,,,,,2.6612820918429483,36104.86385775514,1383.4840902277115,0.9974581028851844,0.009053031022923328,153.42728033232038,511.20986148441597,259700.87287035584,200493.1677249956,460194.0405953515,543263.5284011158,156474.40467822715,699737.9330793429,94267.177446429,105044.38477707843,199311.56222350744,,,,,,,,,
2021-01-21,126,50665.26522680001,99185.1809679,200.31945778000005,101.57445138999998,630,143990.11780413,177486.78578049003,13.422763149999996,10.856983189999983,224,118758.40615330002,70178.27115593,172663.18974869,293083.66883335996,,,,,,,,,,,,,,,,2.701841654011901,35587.489202735545,1385.8529958752586,0.997756308493604,0.00904623048527525,149.86105316513832,499.893091842773,277613.32069652044,136889.524001329,414502.8446978495,477682.4386715014,389038.49804927903,866720.9367207804,172275.78681638362,320866.4085090493,493142.1953254329,,,,,,,,,
2021-01-22,148,80878.62201953,90293.79868405,188.68728154,168.59959642,553,89315.77860656001,239256.88646012996,18.22752431,6.771574699999998,188,19943.402963059998,59318.925712790005,145830.81413955998,48188.281054750005,,,,,,,,,,,,,,,,2.322009880495251,30913.695736053804,1122.912432537305,1.006988053765055,0.008160317703834116,130.15788813114384,419.7284579179988,211879.2943029327,187800.95945018943,399680.2537531222,563480.1405408641,207392.1204085587,770872.2609494228,146849.88770936898,46308.77873092358,193158.66644029255,,,,,,,,,
2021-01-23,119,61681.516202840015,20170.79054942,40.87695096,125.30223553000002,414,61081.423981790016,93729.91230235998,7.242678529999999,4.705346169999995,109,23992.318116819995,15241.119034959996,38262.87480020999,60508.81947260999,,,,,,,,,,,,,,,,2.5448647961863577,32957.908782655926,1236.6834427536564,1.0004118150368448,0.00851684314238724,137.94787059246585,441.86206425298457,50551.848442485185,156971.11916000597,207522.96760249115,238703.5383338405,155443.96559219057,394147.50392603106,38278.63202740563,61057.20575439937,99335.83778180499,,,,,,,,,
2021-01-24,158,131160.83718218998,36511.63752355,71.45544487000001,256.42362756,517,84849.80072859002,131804.13006759,10.20704492,6.539981549999997,156,19139.566965129998,13471.94049218,33663.88591525,47777.95398374001,,,,,,,,,,,,,,,,2.4727537149891634,32068.08737440817,1231.176379704471,0.9985816708045648,0.00857471840188461,137.73843643795368,431.5047114050917,87974.25592521903,324328.44740334904,412302.7033285681,327320.40832906903,209812.6599677112,537133.0682967802,33616.1394430246,47327.43531630907,80943.57475933367,,,,,,,,,
2021-01-25,138,70460.88819434,66966.40565313,126.07527898999999,132.22188668,481,72690.02456851999,64006.70342789,4.978318539999999,5.630715510000002,133,11136.823521870001,27063.665042919998,69778.94637887001,28953.790004399998,,,,,,,,,,,,,,,,2.4838208305973826,32273.517350329268,1392.5397634449735,0.9995861458889472,0.008729032409539577,141.74221406653,441.19282463989026,175564.83918099361,175012.2218394949,350577.0610204885,160667.84977615584,180548.99719992548,341216.8469760813,69750.06807504618,27661.874250307614,97411.9423253538,,,,,,,,,
2021-01-26,107,28293.73995292,20954.95576936,39.8007562,53.55842051999998,475,65055.87473478999,105023.71463085002,8.195104249999996,5.061779100000001,138,43559.04399581,28758.42435174,71857.65075052,109326.54223811002,,,,,,,,,,,,,,,,2.5095075658940256,32375.320062981456,1323.4295031020106,1.000845728217716,0.008373590205775355,137.35802164578857,434.1130062384905,52673.49500085027,71003.3544792908,123676.84948014107,265319.1230432495,163258.20985280946,428577.3328960589,71918.42279341849,109311.75047059593,181230.17326401442,,,,,,,,,
2021-01-27,120,50046.35076216,45531.19241032,86.27422433,94.46367234,473,65031.18534306002,59129.35168615,4.6180922900000025,5.0585089100000005,233,99317.98192079997,73831.70824501998,176225.39347800007,237657.31143516005,,,,,,,,,,,,,,,,2.5364869133865704,32582.10944502123,1355.233724240999,1.0032012535425443,0.008276931982708905,134.72675504526808,427.95959545412836,116921.7383447493,126941.91377097285,243863.65211572216,150467.18841998882,164950.75058468827,315417.9390046771,176789.53564315778,251918.7614060731,428708.2970492309,,,,,,,,,
2021-01-28,127,54288.76899416,42479.88263617001,80.08092257000001,101.98349674000004,494,109802.82797737997,55848.524122769995,4.344733739999999,8.506740740000001,149,18214.280097500003,43988.211129389994,107247.32191346002,43955.37369557001,,,,,,,,,,,,,,,,2.3399365858299386,30445.525865113512,1253.141671558609,1.0020747524199969,0.007437338700769727,122.80619208381506,377.461987753121,100352.74116932535,127032.27676910497,227385.0179384303,132277.70345820131,256931.65441186255,389209.35787006386,107469.83355413815,42620.26038469436,150090.09393883252,,,,,,,,,
2021-01-29,143,50880.84519612,77630.09587224001,148.34869247999993,97.21695421999998,585,305183.4960229402,159367.29053257004,12.1151416,23.224577369999977,201,43114.82289546,58692.845154910014,152745.88061546002,112375.33148599004,,,,,,,,,,,,,,,,2.52438826836442,33128.34752861149,1328.773619066556,0.9988605467210792,0.03264255895487548,133.50173570012146,404.3050611480228,197121.82899044108,128443.00869755149,325564.83768799255,401354.6212831382,770401.6370587499,1171756.2583418882,152571.83382095108,108838.55310990891,261410.38693086,,,,,,,,,
2021-01-30,133,34084.81203458,20994.55174892,39.94075038,64.6129854,530,103871.68840859002,142939.50985415996,10.935096050000007,7.921410639999992,193,40876.413939239996,32988.99413617001,85214.27311236998,105195.27556630003,778.0,3603732.846566828,3047993.139982726,55754.820384889994,68002.0176104,,,,,,,,,,,2.585076323509282,34150.81876737221,1380.2842591352105,0.9950403069828192,0.04735048138966652,134.68410393640042,406.7740538217475,55129.58904756267,88111.84058185699,143241.42962941967,373442.483407358,268516.2423879796,641958.7257953376,84791.63647705042,105668.6498642941,190460.28634134453,170638.48508469254,144130.4660984918,314768.95118318434,,,,,,
2021-01-31,119,65213.31118053998,45009.026447640004,85.59253437000002,123.24525542000002,535,169564.94704583002,124896.17918557003,9.522053009999999,12.878939219999996,195,57261.51096987002,31415.53630042,77684.38035261007,141624.47453286996,491.0,13269486.217977485,12840718.824078955,229784.47533974,245621.5528604301,,,,,,,,,,,2.5123271468965576,34199.51981036302,1372.427228964234,0.9965052217919991,0.028517121171004706,132.98579417763952,412.9919090224138,117469.5247654451,163837.1720178834,281306.6967833285,325649.6405508217,426002.619625316,751652.2601761378,77412.8906730517,143859.6484819195,221272.5391549712,378407.5463550409,577293.7753314114,955701.3216864523,,,,,,
2021-02-01,218,343071.1733893699,435425.8476596199,915.0186207999999,734.1077870000005,565,123645.25526974996,175999.75414191996,13.382300420000009,9.350073529999996,211,20479.32774233,51260.95509457999,129860.53868666002,52459.63306657002,164.0,1488448.1006187606,1224802.0349134298,18188.772452660007,21987.438317079996,1058.0,43534.887394729994,44552.37524016001,694.6360387800007,673.9697214799996,,,,,,2.4291264022726287,33064.786767015066,1317.0474362291775,1.0008892766480473,0.03798879183692234,129.88478499060517,399.368264153933,1205122.9286265979,833363.2451387693,2038486.1737653671,442482.90983943647,300349.9540914885,742832.863930925,129976.0206312169,49746.875719688105,179722.896350905,56544.34505446853,44182.827389685495,100727.17244415403,90222.65254366607,105751.74439050448,195974.39693417057,,,
2021-02-02,251,215969.50706536006,146999.00076148,280.9116467200001,413.10077104000004,558,387899.3554766002,417774.52934024,31.836072899999994,29.42726248,206,24893.33057664,48158.65865867998,127962.55449114999,65909.48321000003,363.0,10822966.948324189,9435881.33577678,92030.14688759,109285.38411644004,543.0,83648.02934775,84625.67088760999,1691.3377836699992,1667.1787484499998,,,,,,2.5558157542832305,33405.990357143266,1368.6644548123775,0.9974564629588349,0.03458624009599537,132.0810105538993,414.4448543274221,384473.7858084761,551978.2686024307,936452.0544109067,1063515.54430671,991399.2838034058,2054914.8281101156,127637.07699391965,63622.766464356966,191259.84345827662,374325.7334257627,235212.09928430233,609537.832710065,223393.6036551258,213788.95122172547,437182.55487685127,,,
2021-02-03,201,153487.65352796,66209.71843816001,121.78494721999999,282.62755825999994,483,48063.14912253999,246464.90277677999,19.119973510000005,3.6990359599999993,164,18069.335188409997,42752.57222949001,120088.06548450002,50790.65149418,215.0,1938107.7327353002,2418404.400469231,28946.947655160002,23146.89712049999,144.0,23630.66780682,23729.67524865,453.73663707000003,450.0085651300001,,,,,,2.6912408925058364,35485.98593382442,1514.2251957516528,1.0009292437514499,0.03162326174094092,142.3155274691981,430.09416644797835,184409.8355438092,413072.24966921366,597482.0852130229,678491.1110309557,129349.51234118562,807840.6233721413,120199.6565689752,48628.93375944364,168828.59032841882,61289.28811442997,77903.20924279254,139192.4973572225,64573.76883671715,63595.8195189352,128169.58835565235,,,
2021-02-04,156,54060.14491873,59093.336668549986,107.31999985999998,97.80189014,557,81025.77942429995,202919.92242469007,16.053076420000004,6.391793810000001,245,27296.203486039994,46143.00257178,136399.16610153,80715.91953257003,299.0,2719486.1239130693,4568900.345884082,69648.02176979001,42587.19618598998,77.0,7327.80358343,16218.27115287,325.10231573,147.62478136999997,,,,,,2.9495266515596734,37494.717624604265,1661.0008243674772,0.9999192785170844,0.03737901444821823,155.65789621510964,445.83538984540354,178258.6082385775,159451.8382249724,337710.44646354986,601905.5673740932,238987.6958753681,840893.2632494613,136388.15575857382,80510.87966847103,216899.03542704484,101651.7111174756,205428.69643840397,307080.40755587956,50604.74252119214,21613.551966721265,72218.2944879134,,,
2021-02-05,116,93282.33329190002,34970.78675423,63.27879788,166.88399922999994,402,61930.52380316001,113654.67320659995,9.058037310000005,4.9100914300000005,116,9029.994056209998,14234.527093749995,42821.16158685002,27018.012218839995,136.0,2588257.28171412,2166811.7445136597,33311.02443919,40119.45392727,57.0,9748.681673109999,4598.47144189,91.80811380999998,194.76794255,,,,,,2.9353240434243566,36816.50808203406,1587.800899185937,1.0013961086459804,0.0542849721711171,144.89680655190602,420.4995069417723,100474.13217326916,273813.87573843845,374288.0079117076,333485.30383098125,181786.15554128,515271.45937226125,42880.944580772346,26505.95866517224,69386.90324594459,140503.4745095422,97778.65094745075,238282.12545699294,13302.70250662294,28615.539706770163,41918.2422133931,,,
2021-02-06,144,24319.962692940004,135134.66156526,244.98627889000002,43.90313532,553,175863.34537728011,70653.36830663001,5.6005527000000015,13.918108450000005,161,14501.44372643,33238.53682375,103109.67768748,44926.22041026001,110.0,642501.4439204698,1402350.3514427897,23384.755535489996,10499.864947600001,65.0,8654.90355712,10744.186916630002,214.07845857,171.74818791999996,,,,,,3.0649671373974496,38007.832229083964,1724.8569083393104,1.0020402100499148,0.04706214015280456,154.6357221656558,447.67022886187334,422566.2755917575,74539.8864365931,497106.1620283506,212864.86741174327,539015.3742541412,751880.2416658845,103320.04308814148,44446.44846632636,147766.49155446782,30237.493002164454,71673.50723234993,101911.00023451439,33104.17704108238,26526.99497991709,59631.17202099947,,,
2021-02-07,138,20890.986552149996,64789.636110619984,122.2762736,39.199406700000004,593,87591.53428204001,116555.76928298,9.23835522,6.914793040000005,227,44430.47518251001,25977.31796221999,79818.92744926001,136427.40327834,227.0,2113505.430460261,3963204.008040243,85706.03935774,45951.50083402001,65.0,13557.25454294,12452.3252117,247.43468920000004,268.47246725,,,,,,3.1278114041390643,39279.41286897885,1683.941297865053,0.9993774420967774,0.05787569494567245,155.63373882586367,458.57766726001006,205906.06686408632,65343.06598153059,271249.1328456169,362877.16891666595,273969.79983340256,636846.9687500685,79769.23554514971,138970.14696717248,218739.3825123222,122320.59555934022,268072.3273067307,390392.9228660709,38509.185795411555,42404.53536822387,80913.72116363543,,,
2021-02-08,156,85050.48906635003,111306.80409082,210.58964256000007,159.398039,739,398407.0513295297,116078.60650352,9.023635629999998,30.984203499999975,216,17671.923770319998,63336.516901099974,201428.32565779996,55480.681097999994,139.0,2319502.6353649907,1907809.08556499,43841.412805320004,53613.525388450005,91.0,26854.481731879994,18826.190218940006,361.35605763,515.63784998,,,,,,3.0178077894260467,38833.340264555314,1608.6405479857196,0.9987334794002474,0.07908466523783014,150.65844602220187,444.7137728284498,338763.03800783533,256666.02839892593,595429.0664067613,350417.91284315486,1202315.9028645176,1552733.8157076724,201173.21253398067,53330.469208215,254503.68174219568,183437.08943610507,132304.95706333753,315742.0464994426,54441.34210324503,81041.66415146692,135483.00625471195,,,
2021-02-09,189,73205.56527504003,167334.05934121,336.37359462999996,148.48571175000004,678,278824.28580156,246836.31612807003,18.840534910000002,21.21687465,224,20398.654125610003,38269.594288329994,131681.86608079,70234.94706463999,121.0,2076410.7961412803,1152374.1163184503,23400.790649019997,42992.82494052001,213.0,50167.08942048,66969.47466472999,1353.1602244900002,1015.0039186600003,,,,,,3.432797678407655,46307.57412159395,1750.9975537192151,1.0029681186643629,0.07922705589521394,167.76675931889818,485.5234680947561,588989.3413328689,251299.89452267747,840289.2358555463,872459.4668353035,957147.3609832675,1829606.8278185711,132072.71348526253,70024.45252503475,202097.16601029728,164507.91420731088,80330.17981285941,244838.09402017028,227015.3057019201,172213.46809509295,399228.77379701304,,,
2021-02-10,136,55790.42436761,35472.964147579994,71.19889585,112.00741146000003,596,92887.41188468001,200261.57236198,15.483050659999996,7.159578190000007,257,60919.08397453003,58049.46826998,204753.44110551002,213879.23190722003,99.0,779569.6029720901,1202005.3698295201,24962.58593269999,16296.51185525,136.0,66638.96527932,51032.94285136,1030.85218745,1340.2663294599995,,,,,,3.6237511709777115,46569.56483,1769.053533934599,0.9955613086131868,0.06997689027808386,181.30295214394792,515.5234606897833,125954.65831568396,202170.6156314702,328125.2739471542,721038.9314770441,336600.8675861982,1057639.7990632423,203844.60377005464,220755.60188759275,424600.2056576474,54551.85657130735,90458.20000425333,145010.05657556068,186896.54480873139,241483.02846367887,428379.57327241026,,,
2021-02-11,122,29636.099486299998,42046.80709969,85.17079487000002,59.784924940000025,561,154633.87740104005,62962.95932329001,4.8698343600000005,11.90986359,261,34221.48166948,62527.918825370005,222744.49917684,120942.67562460995,68.0,746377.9646712701,185994.61194858,3633.09454621,14857.473090599999,90.0,26710.586293000008,29673.75249706,584.83911508,524.4453815399999,,,,,,3.457250249363784,44848.69344950499,1739.164209004836,0.9980188425315342,0.07298705804215211,181.73315025665107,494.5965862605313,148125.99809039675,102459.41233918058,250585.41042957734,218405.70836150637,534608.0112048346,753013.7195663409,222303.20724873611,118312.2260354079,340615.43328414403,54475.93182884535,12560.517025846726,67036.44885469208,106284.6547768005,92345.18112212715,198629.83589892765,,,
2021-02-12,168,59600.98444817,21666.785123089998,44.015891589999995,119.89339085999993,492,116187.6628902,61225.49440786999,4.699108150000001,8.881714440000001,230,48954.91261639001,30619.280456070006,109744.3185509,175413.53300256006,85.0,757487.91521477,639306.8706859702,11869.249555470002,14048.075761010003,85.0,32428.421659359996,16724.74836386,320.76603422,619.3614543900001,,,,,,3.637988226302991,47815.96175554316,1782.5088691218525,0.9976065477985808,0.06975470115587286,184.71808630627842,527.9298058690619,78458.71714148096,216827.67969851012,295286.3968399911,224692.3755855612,422689.3496362085,647381.7252217697,109481.65077007111,178097.3957181186,287579.0464881897,52838.34315499144,43180.190137851874,96018.53329284332,59251.28799317262,117974.21619434057,177225.5041875132,,,
2021-02-13,133,17233.59212183,36417.67464001999,72.87506074000001,34.31470439000001,486,97001.01472138001,47770.75212293001,3.647431120000001,7.376740550000008,228,43867.42959943,38726.212250510005,138077.15322992,155608.54448572002,34.0,175166.47774806002,221474.83305781998,4202.15400632,3318.56457988,133.0,57374.134704040014,19974.782412790002,351.91260048,994.5558009599997,,,,,,3.561635478325873,47414.1862550079,1841.1977507032907,0.9971660636322056,0.06947465876724081,197.27682028835125,575.1622517602947,134177.3979168537,61379.773120106984,195557.17103696067,172939.97847599213,345482.25546527735,518422.23394126946,137685.8513638202,156239.7936042924,293925.6449681126,12169.63126900595,14966.540794298517,27136.172063304468,69424.1988420993,204345.75370015664,273769.9525422559,,,
2021-02-14,132,25406.2771292,21804.719244539996,43.77571411000001,50.814929979999995,574,159421.43615626,48025.24547423001,3.62783529,12.018557829999995,197,27681.464060369995,41587.08025882001,148572.20410112003,98631.66534314002,95.0,1565099.9374980798,839538.2350431201,13706.57036178,26466.826187,81.0,6486.24058439,23682.218543180003,393.88486716999995,107.50869277999999,,,,,,3.5303549214812726,46941.29208582354,1810.8425457323729,0.9987743893692156,0.06687367484331658,225.73552926329663,658.0093093931348,79270.92558020497,89693.17549958832,168964.1010797933,170295.27598714834,562814.2517238649,733109.5277110133,148390.11242833463,97725.39287933419,246115.50530766882,104663.98431754169,48389.05813333937,153053.04245088107,88913.80895942323,22898.7313690128,111812.54032843604,,,
2021-02-15,138,60897.98997858001,25015.86464322,50.504244,121.45224434000005,581,232032.31054278978,41773.80340951,3.12346515,17.258503670000017,232,45546.94757849,27526.68726382,97605.41191536,160919.13617409993,130.0,1730794.81390036,1707645.45390274,27528.87561392,27801.834076769992,89.0,20216.98948413999,14587.012668379997,253.89048302000003,348.18885794000005,,,,,,3.6616351917590464,48607.874522484504,1804.9841464366496,0.9963012253049722,0.062034346313568176,215.0183512186021,724.6857450111644,91159.35974776828,222986.22321295828,314145.5829607266,151825.00208655323,849617.6739086426,1001442.6759951959,97244.39148766971,166776.30613060345,264020.69761827315,107368.7248832227,100800.6997374869,208169.42462070961,54591.113049054904,74027.24016654956,128618.35321560447,,,
2021-02-16,150,59998.87435076001,98752.24480632,198.04171177,120.35807627000001,581,295611.32466090994,114997.76375647997,8.374670679999998,21.534402289999996,207,42196.63496537999,52995.81993405,187856.41098832004,149205.02138926007,78.0,1114799.2134431102,459541.9219395799,7213.7573186,17439.35743065,59.0,11912.97313185,16499.970421870003,275.93319877,197.2744637,,,,,,3.451029683415149,47898.487027633135,1775.758351701864,1.0001793502366079,0.05691182053791865,207.44527070655622,705.6056130217328,351674.22366091085,207057.8963559686,558732.1200168794,401134.05492667947,1020163.4561584729,1421297.5110851524,187890.1030800791,145621.83980575993,333511.94288583903,63445.25277128716,24894.890635441872,88340.14340672904,57241.03711576863,41112.023895741484,98353.06101151012,,,
2021-02-17,172,93929.30974685999,122804.7411843,253.57118423,194.31578470000002,641,196337.65274537998,68874.95737914997,4.980664059999999,14.13620355999998,218,27041.71063802,47440.19682380001,173072.49248809,98478.51789737999,78.0,811174.86784765,271272.84909761,3933.23641415,11584.36865282,93.0,35163.50326665,15395.796623450002,255.02927735999998,579.1108954800002,,,,,,3.5271397343266737,49238.136906724874,1782.5753090505937,1.0010787189520225,0.05407979187254462,210.43305741721016,707.0528206468138,452009.7320951173,331301.8006260276,783311.5327211448,245238.61887268408,692510.3363426622,937748.9552153463,173259.18906581067,95379.89207552465,268639.0811413353,43868.1680254398,13873.07444084903,57741.24246628883,53666.59056576649,124026.58956992699,177693.1801356935,,,
2021-02-18,147,110632.22458405003,19979.82765064,39.31080523000001,219.7372234999999,539,81231.24438093,82191.76386846999,5.903376660000001,5.811055939999997,195,20224.84004178,18967.877793800002,70451.07707341999,74813.81618684996,125.0,911021.79941303,2027328.5575070202,30237.043026239997,13539.481130959999,45.0,3253.4329756200004,12134.965022239998,196.20119064,52.254147669999995,,,,,,3.626748192987324,52143.678844619804,1845.573922156752,1.0006737897232774,0.04913740862967067,236.5513406681144,717.0359968482916,72550.99699147127,401235.2205963712,473786.2175878425,307823.7766578644,294605.2687726496,602429.045430514,70498.54628514589,73350.40207498329,143848.94836012917,44765.25042829593,109662.14115669587,154427.3915849918,46411.65468657229,11799.38216533521,58211.0368519075,,,
2021-02-19,136,23293.22307567,81157.39182992002,160.42323929000005,45.4426802,594,157747.92964583004,32701.855841509994,2.3426191600000004,11.229997010000002,207,32991.39749161001,46665.42620358,174047.87324598004,122215.85298393,78.0,1169466.600926,335806.15770563006,5159.20094162,17786.46445642,56.0,19787.896538449997,18383.158980549997,300.44998369,322.19386792,,,,,,3.6616850128318688,51733.075539032034,1938.5694368074614,1.0002892383934674,0.06018616850059711,227.340317381971,705.1784914407277,310991.58864124404,85292.44583673029,396284.03447797435,121190.8939634638,577623.2297893919,698814.1237528557,174098.21457322413,120804.10574740729,294902.32032063144,70385.71389915279,18891.36876611802,89277.0826652708,68304.39464949262,72457.04419030997,140761.43883980258,,,
2021-02-20,158,82484.49063137997,145361.31301857,293.07740665000006,163.95203412000006,610,188107.63437739995,165144.94210111,11.708927409999998,13.284733010000002,253,48523.61515319999,61273.85570338001,241961.13630980003,192051.66550367,78.0,996327.7472512,812990.00188223,11601.47790473,14132.195076820002,71.0,5081.0942415,22023.856541320005,369.02357023,82.91173366,,,,,,3.9573037890616503,56038.72775892988,1969.9797177628186,1.0063494201161378,0.055498777837844765,238.1000824005461,724.6750018069545,577356.5468350259,326416.18731438013,903772.734149406,656153.3954780619,744399.0542731084,1400552.4497511704,243497.44921600903,192022.68610472765,435520.1353207367,55294.9722983747,45910.57247110304,101205.54476947774,87864.54247950672,20107.43349446728,107971.97597397401,,,
2021-02-21,138,78695.25195426003,114785.87551790998,241.52741996000006,165.3337249200001,558,181333.17140385997,30162.21284239,2.116509529999999,12.705750869999997,235,26984.109506620007,37925.66305877999,149914.93872193,106280.54938408003,63.0,322460.42754196,397496.8958066699,5530.649116340001,4462.086436039999,65.0,9879.13413207,19756.912806279997,348.82779125,173.14634937,,,,,,3.9485248448514154,56377.633477909876,1929.367692879665,1.0050564611267063,0.05513466693712448,228.516890270226,684.3009024697782,465995.20101540326,310730.1575132377,776725.3585286409,119323.79853484326,715998.5324838413,835322.3310186845,150672.97778189,106547.42680308037,257220.40458497035,17778.748272928726,21837.905444024018,39616.653716952744,79713.04209628156,39008.00656609802,118721.04866237957,,,
2021-02-22,120,82716.04368964004,87267.16817403001,183.73308914999996,173.41884308,565,181751.92546909003,98868.02685647998,6.89731987,12.614975419999992,271,122086.06142866005,82660.31038330999,308807.67022943,457942.67100729985,77.0,1078204.6310020501,1142497.3077805701,16543.258169759996,15603.434191219998,42.0,10703.42667709,12180.417744560002,221.10190906000003,194.2153685,,,,,,3.9618022349507513,57669.3035269179,1941.4267676797988,1.0035908181165718,0.056612480732951664,227.9276594847028,710.5476809360606,356704.33738430875,327704.6067558999,684408.9441402087,397763.6331052719,720065.1845300433,1117828.8176353152,309916.54240622616,483680.8310244001,793597.3734306262,61039.83889878282,65541.11719032243,126580.95608910525,50395.24063964541,42404.859730926655,92800.10037057207,,,
2021-02-23,126,69712.51392176,69390.59247391002,148.42180141,148.9728062700001,480,174970.83346730992,108241.54135293,7.459237639999999,12.014628710000006,307,155832.73334887996,89129.87185508,300383.6132618601,532511.5898589701,78.0,1454540.6967519901,923878.29011994,12803.65565983,20154.639470469996,52.0,8974.220763430001,11952.40981006,221.32223662999996,165.89015919000002,,,,,,3.7585178032183735,54410.856294516016,1788.6152102806425,1.0052654710120301,0.053531953212985366,208.87754447471292,631.0346227727132,265469.4915391789,262015.72468204366,527485.2162212225,405863.5072966847,657630.9926308416,1063494.4999275263,301965.2744699793,585700.1026159469,887665.3770859262,77864.40452491067,48122.767743748744,125987.17226865941,46229.24532492575,33729.76850936364,79959.01383428939,,,
2021-02-24,139,54126.92581193,34968.30479946,73.49682375999998,113.74859974000002,539,113994.12368107999,177718.94146161992,12.283527350000004,7.854542660000001,242,74889.29871969999,62476.04490123998,214078.85622778998,255096.48889373997,78.0,1011486.4025596201,1999322.3120063702,31020.5424033,16276.69089772,39.0,5815.89382917,15342.90976327,292.50227029,111.00526093,,,,,,3.342653087055348,48691.894831704405,1563.9246059011414,1.003709073360311,0.0474995538856427,176.2143061894006,513.9642530983353,114943.49113384362,180927.53565806363,295871.02679190726,598108.2218885649,381042.8094287312,979151.0313172961,214872.8904104303,250328.9455528153,465201.8359632456,48045.152882975555,103690.91182652207,151736.06470949762,51543.08461797687,19440.51546206125,70983.60008003812,,,
2021-02-25,144,43380.25053207999,21374.13824652,45.36754224,91.29753751999999,613,556834.06813541,40093.91892594,2.7400340200000004,37.54752764999995,268,88846.83894725001,61791.44815442,207862.84646105004,295164.68141614005,59.0,362806.79228742013,400683.76452713995,6450.5629983,5808.239560190002,122.0,54891.02246933001,19856.129242370003,349.42387262000005,981.9739195600002,,,,,,3.405714487072692,49849.37871358314,1628.391533792655,1.0102885652106228,0.05706154787724864,182.2506028893413,529.6557148245007,73876.12169259666,147740.7476899477,221616.86938254436,136588.99355108166,1896417.8527443882,2033006.84629547,210001.45691173023,302586.9665332637,512588.4234449939,20702.317148299626,21968.77585308537,42671.093001385,63682.71144892341,186943.15043402987,250625.86188295326,,,
2021-02-26,139,21780.232914600005,56607.230910759994,119.38380116999996,45.70231333,582,170292.29579597007,244028.20055009,16.17910282,11.24314075,278,101271.12801731996,77488.08664404001,243026.82704065996,316273.13576070993,50.0,237752.90996822002,130291.73026991003,2119.70592048,3849.2654909100006,50.0,6773.895592209999,21527.952238030004,379.54544408999993,120.63617616999998,,,,,,2.98763584483063,46992.665450048495,1468.8601037286774,1.0037216583661528,0.050216801895086136,179.78322183003962,498.58664244723207,175358.10257008992,65071.40456441888,240429.5071345088,760299.1661021962,508771.36701854056,1269070.5331207367,243931.2898647154,302561.2521109766,546492.541975692,11939.190779854354,6332.909388525753,18272.100168380108,68235.90276941335,20237.9332804268,88473.83604984016,,,
2021-02-27,110,148993.21664225004,97061.90704554,205.44564931000002,313.40776422,531,124677.42493863002,86123.38454957002,5.723876280000002,8.252065349999992,182,28556.286618530004,36134.89099922,113240.23462537999,89454.85665556003,42.0,531054.0344476401,509316.50891083997,8012.36687425,8327.313483709999,24.0,529.93990812,855.6209501200001,15.38003522,9.48327458,,,,,,3.0873201415241267,46551.487476754715,1450.988746804119,1.0080450602021371,0.05054394010631582,170.8958209778042,486.5625062920621,298099.32522867544,459989.75869008625,758089.0839187617,266454.95496691344,384919.12520639494,651374.0801733084,114151.25913024531,88162.39884452357,202313.6579747689,26841.563310338897,24736.741632152734,51578.30494249163,2628.383745589443,1636.0941521363213,4264.477897725765,,,
2021-02-28,171,106435.96635943999,121851.72037255004,255.98837803,222.9640635800001,552,205024.23575511997,236863.80073785002,15.809666499999997,13.640736920000002,294,117239.74131839004,92398.32727851998,278604.7934831099,352938.2582217898,27.0,107443.41478245,277428.59018401,4476.1832712000005,1700.54628927,45.0,9485.05256947,9453.70663735,171.57187889000002,171.45418446000002,,,,,,3.0426385108286698,46653.52639939581,1480.1295768477528,0.9939959643988856,0.05086647416115915,173.28321018850752,489.45046925738967,378895.9696514865,323846.1701824969,702742.1398339834,737576.6934233934,623814.6353617443,1361391.3287851377,276932.0403843962,356718.1519349247,633650.192319321,5465.267681818198,13619.407602480172,19084.67528429837,29730.52595213303,28859.586225103852,58590.11217723688,,,
2021-03-01,144,119988.38518502,151392.55195683,322.69486229999995,255.53784023999995,504,145867.81320748004,61666.44681829,4.0780319899999995,9.619890889999999,231,39575.60160128,80620.51953489002,247394.67035897,119889.38005853,35.0,401738.12552196,192743.01185841998,3056.4087204099997,6422.361989070001,51.0,2213.19325798,8931.15888837,162.31256456,39.82961793,,,,,,2.907457949799648,44970.163459946736,1416.661552837565,1.011355525025624,0.04823567257841363,164.3664803342359,460.98240036885454,457149.40471862216,348861.1843898087,806010.5891084308,183389.76518519185,424104.5331299779,607494.2983151698,250203.96672943732,115064.39749374521,365268.36422318255,19378.1086849429,8886.379831993023,28264.488516935926,26678.74495075063,6434.766332356934,33113.51128310757,,,
2021-03-02,113,43566.39566499,43700.669933560006,92.06145954999998,91.40979727,528,98651.25162545002,135750.81663762,8.989436089999996,6.509488060000002,170,24838.485884610007,15312.068895970002,49052.104543580004,79018.74400131994,12.0,74010.15624720999,15020.761894029998,236.52501667,1165.21736691,85.0,18909.376192260002,15240.33839311,281.6241006,347.4010908899999,,,,,,3.2429317217074787,49787.33995949672,1570.3996896340539,1.0082341930870489,0.05102062594467058,176.2951058677341,501.4760022541016,144573.28750457798,141282.84650245524,285856.1340070332,447560.11065699876,319919.2732823183,767479.3839393171,49456.009043717946,80549.51379438523,130005.52283810318,3776.0444979955255,767.0344795365332,4543.078977532059,49648.9506301824,61321.81589158014,110970.76652176253,,,
2021-03-03,102,51085.2177313,61595.90949120999,129.78825654999997,106.98047666000001,542,149493.3045268,99671.80488627002,6.589845810000002,9.84403373,234,28572.19987768,65636.28914862001,215987.28990223003,94979.86489770997,22.0,171631.591996,18529.84098924,286.06153181,2650.3217204999996,94.0,23119.82780066,12806.34020157,223.41123655999996,406.2502840800001,,,,,,3.2171220180123727,48532.236789817034,1497.089104263387,1.0084334103697004,0.050567540137202736,178.27577984176895,518.1004189715853,194304.58474234614,164347.3787583213,358651.9635006675,319819.9572593037,480938.201538597,800758.1587979007,217808.79935261497,91920.25332953475,309729.0526821497,8678.987417069735,920.2948524922978,9599.282269562033,39828.812423147916,74379.30707015785,114208.11949330577,,,
2021-03-04,118,64584.19135222,21524.91700893,45.13748059000001,135.62501373999999,522,56739.42739541998,90287.36803295002,5.958742910000002,3.72745066,239,74301.94965063994,37873.9901449,123751.36246123999,241452.29612374998,52.0,84758.01438055,180841.80042823995,2777.7225156299996,1286.44894171,33.0,1748.3745079899995,1999.86638398,35.243688289999994,30.695445970000005,,,,,,3.3362322586760174,50577.457469152025,1579.427168760309,0.9992257050667218,0.05075263290909236,188.98233323970769,523.9316836338983,71291.36317323711,215467.86258978103,286759.2257630181,301378.06610013626,189295.9080154059,490673.97411554214,123655.54240829998,247888.56130698623,371544.10371528624,4301.692389959626,9267.127462295502,13568.819852255128,6660.434445017162,5832.983433803047,12493.417878820208,,,
2021-03-05,205,12946.439784340006,27864.15344523,58.588288750000004,27.135084210000002,535,119387.91422378007,76227.73351009001,5.037265090000002,7.856028079999998,249,77541.82939573,70010.15110357999,218586.70120079006,241274.93012724989,26.0,100746.5112709,87241.86889079999,1366.54672754,1571.22258163,96.0,6183.472196840001,10454.47348712,186.71816482999998,110.56674378000001,,,,,,3.175748756927953,48727.45120080115,1546.4996211167374,1.0033030825386902,0.050143006572178385,181.87184817966832,508.787672067496,90606.76635375302,41114.64005176037,131721.40640551338,245453.0888584743,379146.0201883907,624599.109046865,219308.71111671627,246253.36831340898,465562.07943012525,5051.732976780782,4339.809071269117,9391.5420480499,33958.77772634804,19637.15414261319,53595.93186896123,,,
2021-03-06,198,146004.52420663,5985.96420112,11.935111640000004,297.1823606300001,491,79364.28874266002,113459.87785354,7.487276830000002,5.215534730000003,187,19805.257928750005,32766.31317910001,103283.94195203001,62178.14293268998,29.0,20094.95917737,141168.99200737002,2237.22329222,319.11333958,51.0,5343.290818819999,2824.75995453,50.37079939,94.77190579999998,,,,,,3.1610657537595523,49091.81488232977,1539.0484290947375,0.9984892002294908,0.04992226806941722,181.2553141230909,500.910264041873,18368.714820612324,461529.9013635357,479898.61618414806,367564.00811111694,250875.73521590736,618439.7433270243,103127.9005962316,62605.72258294649,165733.6231791781,1003.1859388966609,7072.009932549841,8075.195871446502,9129.975066065646,16890.493619749737,26020.468685815384,,,
2021-03-07,172,23550.44586576,33946.45418143,67.66821423,46.79673726000002,555,73055.53689153999,12258.37188777,0.80757148,4.79744173,190,18124.161821290003,39534.662405869996,128905.54039986999,59293.09116420997,31.0,151970.78701988002,919.4447142,14.41484805,2387.5760170700005,37.0,946.21599767,1940.29502925,34.38031502,16.67929756,,,,,,3.182743266432652,49019.36859236582,1661.9279698998155,1.0018489938284243,0.05088238385261625,183.23583518307385,501.2220342429938,112459.6979020097,74955.02300073432,187414.72090274404,39586.644042802385,232517.01811717107,272103.66215997346,129143.88594851905,57684.553996446506,186828.43994496556,7732.635919529726,45.87876056778734,7778.5146800975135,6299.705736546878,3011.562595175046,9311.268331721923,,,
2021-03-08,189,97569.01149627002,17112.939963660003,33.572913889999995,190.58573582000005,593,103851.46770363995,148107.7019530099,9.76144976,6.817706450000006,238,24592.027153619994,49257.22784075001,165162.32277578002,81874.43696643999,113.0,277537.12461138,747787.1157374001,12433.885334769999,4689.322242549999,70.0,2185.2471739199996,9246.20370222,166.10686391000002,39.07226274999999,,,,,,3.4091689441553705,51313.09262027362,1727.463096224567,1.0031368203940585,0.05184125840500301,191.31242004563202,517.5472135137853,57995.969777700164,332629.24390502204,390625.2136827222,500890.1756430277,354047.1985002038,854937.3741432314,165680.40731819315,83838.37524594688,249518.78256414004,14387.87379396007,42389.21573848678,56777.08953244685,31778.30612081256,7449.876800631352,39228.18292144391,,,
2021-03-09,182,10944.31246216,52003.23745201999,101.14346078999999,21.19669155,570,95197.37879203995,98581.70755998998,6.5149264,6.266347960000001,240,14347.192945999994,34837.357596539994,122205.26168999998,50502.66811128998,99.0,420673.75715625996,87360.31755976,1432.0981725399997,6974.362194420003,90.0,7924.11758002,4729.19427328,85.20357064000001,142.39833687,175.0,2634.3488257899994,2653.6900198200005,17.09834309,16.914243659999997,3.45654565728363,52328.5359126325,1837.5330305439447,1.0003581505032315,0.061684274192683686,192.63562437874316,529.3186437247032,185854.45002515134,37829.51571303426,223683.9657381856,340916.56009055756,329054.0862484104,669970.646338968,122249.0295659718,49591.72747170661,171840.7570376784,25948.95538209317,4950.112719096958,30899.068101190125,16413.24302953475,27390.074209022998,43803.31723855775,9050.47177433845,9105.746993554652,18156.2187678931
2021-03-10,184,9586.84890271,98280.53824692004,196.33356532,18.999473840000007,612,148038.13255850997,79928.86620944002,5.274405090000002,9.720962220000008,242,23558.166730759996,41632.08427555,150209.77787874,84753.40624955992,79.0,308055.96328473004,73527.53665852,1149.69082953,4781.16148038,121.0,2631.081680150001,8865.884598569999,161.2376992900001,47.76178375999999,202.0,7892.011083809999,7829.554724139999,52.464943860000005,52.68247763999999,3.637410138063367,54700.273439277444,1869.3311016255,1.0025052876368936,0.05786724993704045,204.04812640170502,545.6922398729171,367012.43994569767,34871.301390799024,401883.74133649666,288511.40065251687,538475.4041882928,826986.8048408097,150586.09657820014,85690.71450065354,236276.81107885367,17826.35142199323,4181.897078970904,22008.24850096413,32900.25044544604,9570.323177450411,42470.57362289645,28629.71272977025,28706.48112595895,57336.1938557292
2021-03-11,117,40865.152380429994,50071.33069608,102.49164437,83.37618491999999,550,123226.73748529002,47864.93036538999,3.1419683899999997,8.044629649999997,223,28370.13235701,42861.81230002,157331.17612031003,103276.43434258999,35.0,132863.80237415,61302.3263956,923.8101367,1988.90690836,78.0,2324.2544337599998,7047.701318279998,130.35210252000005,42.83685611000001,105.0,7607.209765150001,7951.5580247299995,54.89676897,52.333288159999995,3.731159494607359,56020.487719585704,1802.3110916881174,0.9970831591068299,0.05619747315649827,200.37352918731602,548.3455857010235,184721.82745340499,152474.4013028179,337196.2287562229,176014.60160732144,459778.61155772844,635793.2131650499,156872.26611203176,105853.48870712532,262725.75481915707,7466.609967391585,3446.8829627627274,10913.492930154312,26119.11081891924,8672.163998406873,34791.27481732611,30102.400933948422,28383.712942709244,58486.11387665766
2021-03-12,177,9224.76663821,37427.916183400004,76.96691835999997,18.89370573999999,604,178073.41599905,97097.57807542,6.325955560000003,11.549585810000004,234,51772.308558599994,29401.74476603,107002.57487843999,188535.59101895007,46.0,65687.52427092,119627.55487860997,1798.7443388,987.65142197,148.0,47747.97584014999,17293.620623649993,299.79819026999996,837.6629152700002,48.0,2658.63508431,2680.70908302,18.274009950000003,18.052103749999997,3.7631429937663,57788.868103295135,1826.0574768119816,1.0022334951787044,0.055949634590049466,201.2272459871517,549.3614145194481,140546.0167384553,34714.11594370907,175260.13268216437,365569.8114841467,670115.7277928567,1035685.5392770034,107241.56461353994,194826.60022340264,302068.16483694257,3675.1929800829794,6768.932156132016,10444.125136214996,60327.56417996419,179682.46074938303,240010.02492934722,10039.03595507447,10004.823990502453,20043.85994557692
2021-03-13,212,103169.01390637003,72110.27412413,147.05573453999997,210.04600314,641,350589.06603478,134128.51212102003,8.584399450000001,22.419493989999996,292,71538.08678912003,121346.45301132997,464002.4639928699,275506.7769049001,115.0,270172.99854529,417506.23228038993,6378.5839387099995,4092.0493663300012,86.0,8139.760459089998,11631.987567040002,197.88301638999997,137.80438607,65.0,4135.210167949999,2889.6862145799996,19.05532966,27.26692873,3.684119259381301,57353.86147197247,1770.9361793697753,1.0020283285736966,0.055110588074730384,220.95805969143052,538.5788518578453,260426.32068068345,380086.9511038351,640513.2717845185,492348.45687537675,1291611.9303072356,1783960.3871826124,464943.61344885227,263554.8433190881,728498.4567679404,14889.392831744206,23499.463936181743,38388.85676792595,43723.847347421935,29987.84827408384,73711.69562150577,10262.797570055545,15234.607421333976,25497.40499138952
2021-03-14,136,11468.33305241,7273.4614172,14.828491520000002,23.293276669999997,678,225266.61309472006,148484.99058155992,9.41807585,14.244539130000003,287,106292.63739974001,60679.28097707999,224062.38066398998,394679.5417153299,70.0,140148.61501153,155636.22270571,2467.442883399999,2214.0405423700004,49.0,1717.9902350099999,6120.61032619,105.69251789000002,29.6229159,64.0,3092.3681684,3720.23581557,24.64765458,20.442486260000006,3.89032478411209,61315.197932766816,1927.7207203999012,1.0019526939208985,0.06192773101486665,226.8235603211887,597.1832434591466,28585.19035537823,44615.54030624248,73200.7306616207,577471.184888561,876360.2879553785,1453831.4728439394,224499.9059126146,413512.8816448482,638012.7875574628,8679.085732540132,9599.154202672014,18278.239935212147,23973.553207120734,6683.539990121956,30657.09319724269,14719.166305745091,12030.31652712583,26749.48283287092
2021-03-15,139,90821.65631681001,30967.357990139997,62.24969423,182.02583614999995,741,246464.00055833004,166197.55905015997,10.48376531,15.496383430000002,289,140408.08276964005,112541.17018888997,400376.35301650997,497573.49515574996,49.0,77983.05560112,123626.10262975999,1951.2744333899998,1218.8438249,97.0,4357.40205175,9946.385458259998,173.77986329000004,75.56583696000001,130.0,17998.481164859997,16094.905231510003,101.36403399,113.36654007000001,3.7643722637416435,59428.967566027764,1866.0715447008808,1.0037034725327183,0.058827997779201474,217.06120791800092,560.4360767964604,116162.38306893362,341886.52398607566,458048.9070550093,623039.3485778371,927782.2477125825,1550821.5962904196,401859.13584265654,528548.292383174,930407.4282258304,4587.587021718032,7345.323356001506,11932.910377719538,37720.867037552474,16402.88342557863,54123.7504631311,56808.06153761866,67752.98328647536,124561.04482409402
2021-03-16,151,77828.44669143,57133.91697820999,112.62123083999998,152.98646652000002,657,175684.12260930016,131681.24915725001,8.29621583,11.021061120000002,220,46552.68291525001,53773.571801709986,187491.88151132004,161542.62313872,24.0,37767.59045633,124807.80837369002,2040.58538061,622.3470627300001,78.0,7815.116483520002,6362.4770142,111.35102487,136.41767653,187.0,26220.69985978999,27959.22043965,179.07186464999992,167.42104618999997,3.551884178978177,55805.32924923426,1791.0478518301072,1.0030356362712534,0.05688203258836792,200.9213030494801,524.2606967645407,201710.0135664446,276437.62847773667,478147.64204418124,462973.05591585924,624009.6555936355,1086982.7115094948,188061.03866740133,165349.7379356642,353410.77660306555,2148.2973111210963,7247.92292924282,9396.220240363917,22372.793012775466,27758.388594686257,50131.18160746172,93880.34053233449,93132.88899372338,187013.22952605787
2021-03-17,179,53918.31606437998,66038.69533100999,130.48292706,106.09968315000002,759,306446.1737094201,205741.85556241006,12.920350199999994,19.146583689999968,324,100384.38333525002,119716.67519572996,420451.5839143499,349899.9933705902,78.0,578110.69068002,454532.74296547,7257.67305271,9219.613916649998,153.0,31747.82511297,33065.86267829,578.70569382,553.2678503400001,676.0,188997.41241482,200834.3508253899,1078.7010350900007,1013.1668390200002,3.552689019475008,56830.253335076224,1808.5512173614395,1.0016482420734711,0.05867431947483034,201.09913709658727,528.7282880638395,235985.05657924694,191555.00943050566,427540.06600975257,734266.7750439025,1088707.9563975874,1822974.73144149,421144.58990481513,356634.4964019127,777779.0863067278,33920.251356774315,25784.255361302476,59704.506718076795,116377.21566008384,112790.14967106142,229167.36533114524,570339.7516158277,671449.0317953205,1241788.783411148
2021-03-18,140,23262.5745719,39351.49937181001,78.49464598,46.32322099999999,665,332596.55081576004,77393.82468421994,4.740873339999999,20.42143075000001,243,64046.53985846997,47979.91549665001,173284.35989036004,229977.4886803701,30.0,43903.870997100006,95866.75067565,1540.0921092400001,705.7368491100001,49.0,2381.3130910100003,2592.21073489,45.83136785000001,41.93802127000001,305.0,42442.521749370026,51618.310497310005,346.4208547400001,284.47251181,3.653508532174703,59014.92563205099,1828.7548332342567,1.0040468959025728,0.058368718899507586,206.70168198053813,542.8027927096723,143547.46321893693,84990.01467878695,228537.47789772387,279782.28759107314,1215144.3361772564,1494926.6237683296,173985.62365638028,233994.57982918725,407980.20348556753,2562.612704829974,5626.7396614432755,8189.35236627325,9473.420822063761,8700.147695784352,18173.568517848114,188038.20740574377,155064.1153383338,343102.32274407754
2021-03-19,141,25376.532694020003,6471.54951258,12.86735067,50.22404763000001,596,270705.79689119995,180119.69808471002,11.013029369999998,16.47020261,295,82653.80143056998,82503.67711589001,292267.29451341997,291632.7164708,62.0,167213.23348199995,219497.17229676,3581.4469434600005,2720.34392517,52.0,7610.120280719999,10574.637541659997,187.50444063999998,134.34604960000001,140.0,23098.06107940001,19015.82736375,129.41662491999998,156.45320586999998,3.545062358790787,57922.40959262911,1780.1596459528507,1.0038757839141883,0.0576435887153614,200.84594127327838,530.5332368084629,22905.93841305838,89961.39085019408,112867.32926325245,637901.198024794,959668.9308654569,1597570.1288902508,293400.05939213844,293012.88026248175,586412.9396546201,9638.770858602104,12696.452749266364,22335.223607868465,37659.50587326035,26978.350953050845,64637.856826311196,68659.82091563437,81884.06689363148,150543.88780926584
2021-03-20,202,90262.98478823,10164.192138139999,19.655840490000003,174.82774428999997,585,741659.2654091801,102310.13447401997,6.104961489999997,43.86049712000001,279,57783.18802818998,40886.18875281001,143562.61134864,201793.73194816994,38.0,20619.76269852,194997.31784963,3288.54535403,349.22881835999993,75.0,13296.51606093,1474.3450008599998,25.80868636,231.92102784999997,75.0,23209.61443016,16932.80530394,112.9833101,153.52586080000003,3.551553783637895,58243.27060892362,1817.1329628084295,1.0043861429391077,0.05843947388318159,200.94127221905254,533.481881263529,35717.275666083595,320573.845147088,356291.1208131716,355572.9241191274,2634042.7702340754,2989615.694353203,144192.2974827267,205220.10007217806,349412.39755490475,1205.0080836975615,11679.445694770067,12884.453778467629,5186.030271480908,47223.291925397985,52409.32219687889,60274.548823528676,82430.19394621144,142704.7427697401
2021-03-21,167,160150.943669,26558.09505269,49.323601010000004,296.95671153000006,643,541903.3494915101,199005.16269986008,11.251687389999995,30.74017458999998,270,90316.35298946,48790.81529476999,157648.52101578994,294975.7063480899,26.0,24405.642299019997,93502.97045340999,1639.7924007099998,428.36047879999995,76.0,13719.65347996,1582.6838243099999,26.53959708,230.59785072,91.0,21842.74186258,18267.832661,115.77479487000002,137.91176655,3.3839072144462885,58376.15847137206,1817.8601431294946,1.0043554721297197,0.05915535148105883,200.37440990838013,537.6817241975099,89663.4083917007,541935.9336819103,631599.342073611,656830.2861489784,1833750.6538769293,2490580.940025908,158335.15475536574,305622.1584635113,463957.31321887707,1443.7243483195246,5548.905334956768,6992.629683276292,5317.856104111168,46426.03439053977,51743.890494650936,62249.99132431464,73913.81177207241,136163.80309638704
2021-03-22,151,111537.54980231999,93918.81955746002,168.49455296000008,199.52379208999992,672,472821.84423721995,260820.58755726006,14.57668449,26.348754939999985,264,109737.65359684003,66481.73356167998,206450.0017454601,340401.3045224801,36.0,20245.81952206,103008.70648124999,1849.984454,361.13926839000004,94.0,14553.6872812,6534.430115930001,107.53147105999994,238.00351468000002,104.0,28647.92553213,21767.826839740002,132.37639141000002,173.84813618999996,3.2699242638053967,57573.53934477869,1790.3780747526928,1.0033918588840112,0.057382178220006165,195.88001611089337,525.6592659435979,301668.9533348406,364719.34042400896,666388.2937588496,839231.3180014403,1546091.6209285015,2385322.9389299415,207150.25101798456,358833.8161493788,565984.0671673634,1161.749224024927,6049.3090537973785,7211.058277822305,21063.266283660854,47589.455168631874,68652.72145229272,69584.87673684301,93676.54680520202,163261.42354204503
2021-03-23,144,16161.817737210004,73292.75273859999,133.0999991,29.05755078,626,205631.8469076301,474340.39999964,26.667034089999998,11.53872259,207,87787.12134561001,100677.99517987006,306935.92733822,266446.29466920014,53.0,275149.4917011101,123885.20578913999,2133.2626655599997,4797.800894690001,83.0,12688.396166580002,22964.867773690006,375.18025493000005,205.36292689999996,77.0,15789.61814892,16030.37034969,93.42409928999999,91.63568770000002,3.0451901681436064,54370.13755789519,1686.8911971580415,1.003584866253436,0.055586302434814695,187.15184134978875,509.856711614422,224525.21682353324,49215.80847268085,273741.0252962141,1449890.3117343802,626188.0784603264,2076078.3901947066,308036.25158610183,267328.4788112813,575364.7303973832,15294.542860483441,6496.190495231133,21790.733355714576,70215.67554823267,38638.57925598045,108854.25480421312,47632.90404953865,48082.389945833034,95715.29399537169
2021-03-24,135,16063.0221082,56264.90733360998,104.25621988,29.67431354999999,615,289734.63093257026,146729.48532820994,8.2626128,16.26069621,215,124923.08580691007,88725.71603366002,272465.2400522001,380132.3678888702,123.0,970480.66982134,1007267.66146696,17374.551667099997,16668.447855680002,102.0,11453.537383839997,9629.62190611,157.80744398999997,187.40466698,86.0,12929.50091303,21050.28510436,129.17821091999997,78.93748642,3.07384308195917,54584.86994699455,1673.8591835627926,0.9983564056845696,0.053766364866525335,186.59199183265446,512.8980293407942,174510.2310896798,49375.20938264778,223885.44047232758,451013.64511037245,890598.7908960745,1341612.4360064468,272017.4177324979,383993.96308456233,656011.3808170602,52179.21778952407,53406.645444057496,105585.86323358156,29445.605300114148,35206.37665127731,64651.981951391455,66255.24981463744,39743.25693470204,105998.50674933949
2021-03-25,141,117780.60485648,45142.84332715001,81.88827717999999,214.78111494000004,561,323083.49245249,237938.44857631007,13.277049009999999,17.967979880000005,181,130764.71842790002,119458.90034433996,345818.3896743501,377465.7607836199,59.0,328083.39229671995,336269.09544640005,5809.612628860002,5643.29592262,84.0,18078.67569574,22708.30153060001,373.8285002900001,295.27470071000005,55.0,8053.977735999999,1183.2916275400003,7.321310759999999,49.54129716,2.9430519894468934,52526.86659704657,1581.631055931366,0.9988596179154712,0.051798525332808834,176.86385095035232,475.8747306705189,129517.04230460378,346634.4434411219,476151.4857457257,697401.7821507192,950851.5152197512,1648253.2973704704,345424.02457826486,384847.364718694,730271.3892969589,16994.235907155507,17097.992005282224,34092.22791243773,66116.74815628432,53206.4824729128,119323.23062919712,3484.0267860701715,23703.275198895783,27187.301984965954
2021-03-26,108,16911.037365840002,14860.417543169999,27.030062739999998,30.632185949999975,393,111973.77143268997,50234.495005389996,2.79637405,6.207957949999999,150,68573.39637353999,103038.16213139,309815.85070422,206474.83876251001,25.0,186777.53982163,164081.96985177003,2792.11799606,3175.79650232,27.0,7589.89229618,1322.8533924600001,22.021556610000005,126.03238096000003,62.0,8845.156237160001,7590.924631369999,46.24652054,53.58154659,2.8945408869489317,51416.90830498005,1587.2979641585232,0.99888229884411,0.051008121907801525,171.6507469257749,473.29084419148313,42904.76355827915,48949.68909614505,91854.4526544242,143780.90811527567,324112.65967779537,467893.56779307104,309469.5691697748,198488.4995601671,507958.06872994197,9527.171520860957,8081.899700781587,17609.071221642545,3780.0166405747364,21969.253578831722,25749.27021940646,21888.054747295362,25602.666379910985,47490.72112720634
2021-03-27,123,26512.40006572001,17007.8556869,30.825702309999997,47.86219524000002,525,156062.3028928,122332.75457101002,6.768078929999999,8.604909840000007,158,28179.592334900008,55201.02034646999,170130.46093395998,86400.28688865995,41.0,44423.49730771,95962.95676219002,1694.3793588099998,785.36192363,47.0,4669.76459012,9263.54415502,154.28574206,77.54932595,67.0,8421.48013238,13050.709529390002,78.99953477,50.63955635999999,3.01843680098652,55033.10048044704,1700.3668693581185,0.9995590204298576,0.053833612214206066,183.44960437911408,507.9180742290618,52415.00293262002,80026.0040408467,132441.00697346672,372468.36781428644,471064.19829833263,843532.5661126191,170055.4368764292,85058.31854045985,255113.75541688903,2391.4773272620873,5114.3770114640465,7505.854338726134,28303.65834224504,14095.389290761943,42399.04763300698,40125.29156537021,25419.705550352624,65544.99711572283
2021-03-28,132,9027.09574442,36944.47656114,67.22861003,16.389133129999998,534,82416.52367132998,182151.0108629899,10.125729890000002,4.561556959999997,114,21518.23623295999,11228.734349530001,35049.13395762,66855.67663433,39.0,78589.51494885,36478.01609671,649.43937168,1385.5039196300004,38.0,542.64582875,2680.5793548799998,45.017598590000006,9.067189159999998,60.0,2658.2307925500004,5235.64784309,32.68727586,16.58972491,3.142946248392977,55832.418109618324,1713.837875683446,1.00000476986206,0.05478730183777124,184.1248996189021,500.3693706100137,115218.93819896602,28371.676703809047,143590.61490277507,565343.9848835397,259030.70387839756,824374.6887619373,35049.301137154296,67630.65984041542,102679.96097756972,4305.70747678668,2041.1530367803484,6346.860513567028,8288.86082146778,1705.5066716759104,9994.36749314369,16355.711649024093,8354.676496807713,24710.388145831806
2021-03-29,150,108181.62440260999,67186.60432023999,123.05382411000001,196.66428276000005,664,209595.9225261101,378229.5831168403,21.170774889999997,11.661832330000017,172,32149.25740691,74117.47470084997,236017.27056500997,102190.01371136004,41.0,97974.91393635998,179.11895293999999,3.01156724,1671.5278176000004,124.0,19096.475889499998,15486.087739170001,253.88990842999996,313.1451255299999,79.0,16660.84094199,15030.059501140004,92.58316327000001,102.35139402,3.0912510989416986,55728.10132780654,1689.0367982059095,1.0034283135919952,0.054403742116379064,184.17012219467884,497.18514504610357,207842.43708174757,334416.5653198662,542259.0024016137,1179807.088258102,647913.625842537,1827720.714100639,236826.41178163362,99381.42728927008,336207.8390709037,5330.201951668162,9.30951054018682,5339.511462208349,46758.93545954891,59032.002079330516,105790.93753887943,46030.97345922205,51502.842871219436,97533.81633044148
2021-03-30,124,18518.199931590003,29801.995862650005,53.88717442,33.38322672999999,669,159390.90314037996,389222.0113065201,22.113261499999997,9.008151699999997,192,25720.015348080004,43669.41417355001,144756.34517271005,85198.84361342,45.0,83644.62947801997,26052.183517600006,431.5999256,1383.1022703,160.0,9269.370974659998,14300.849983390008,241.20337964000004,156.04901524,69.0,12444.89552338,12964.516473460002,80.45474331,76.92018999000001,3.2771416803951854,57634.92869447539,1817.626388088868,0.9992236097073386,0.05489761687002298,193.8623951599382,518.2219063572127,97946.75020533944,60686.76484170487,158633.51504704432,1274496.2497547877,522346.57215717103,1796842.8219119587,144643.9577515168,84288.13431759687,228932.09206911369,4591.89082231937,1414.414105439221,6006.3049277585915,46760.264897682275,30377.041972103623,77137.3068697859,41693.4104535884,40783.68582783206,82477.09628142047
2021-03-31,170,105244.91896753,49593.967467040005,89.54461849999998,188.4881358900001,554,70833.31156403,130527.64637283998,7.489141160000001,4.04561903,210,39357.00500282999,46308.87710517002,154095.83327571,130277.63414304002,43.0,183514.70655451,62215.302575339985,977.30302485,2914.399734990001,74.0,1533.5654150799999,10535.235028070001,180.68421935000006,26.287960119999997,83.0,3836.77642759,7407.1370784,46.82606419,24.25998399,3.3594545751015352,58668.628336760994,1840.2949519853962,0.9999055053089564,0.054648888880952526,195.7333987399266,524.4567894899143,164788.5094030081,353565.52453165903,518354.0339346671,439377.63927757915,237961.29260337306,677338.9318809522,154081.2720375535,132218.07051905122,286299.34255660477,10028.874806518026,3283.205118092902,13312.079924610927,35365.93635204592,5151.9433499079905,40517.87970195391,24558.24728953604,12889.47612330895,37447.72341284499
2021-04-01,179,95738.75192740996,12801.305094609997,22.514303620000003,166.91973424000005,514,80243.48446487993,101173.37157745,5.8192971500000015,4.5959678900000025,145,30979.85693004,29043.92354593,97672.85871769999,103765.29690600003,270.0,1129589.9698717005,1485970.65431506,27731.312527880007,21651.42876882,73.0,15864.80209168,5243.06213398,88.85041007,269.4306075,82.0,12306.785335379996,6660.049435870002,41.55103664999999,76.57661204999998,3.3831853794288484,58817.3738884188,1915.8325358462234,1.0002878265584567,0.054381688410927984,196.5051441183434,540.1666358625873,43133.63539711641,323901.9457655789,367035.5811626953,342275.77623936004,271478.5834360077,613754.3596753678,97700.97156047933,104810.59902250882,202511.57058298815,61429.00977367235,93820.1710966957,155249.18087036806,17459.562635779257,53673.56648410399,71133.12911988325,22444.483683833565,41636.13621442696,64080.61989826053
