,DFIPFuture_burned_AAPL,DFIPFuture_burned_ARKK,DFIPFuture_burned_DUSD,DFIPFuture_current_AAPL,DFIPFuture_current_ARKK,DFIPFuture_current_DUSD,DFIPFuture_minted_AAPL,DFIPFuture_minted_AMZN,DFIPFuture_minted_ARKK,DFIPFuture_minted_BABA,DFIPFuture_minted_COIN,DFIPFuture_minted_DIS,DFIPFuture_minted_DUSD,DFIPFuture_minted_EEM,DFIPFuture_minted_FB,DFIPFuture_minted_GLD,DFIPFuture_minted_GME,DFIPFuture_minted_GOOGL,DFIPFuture_minted_INTC,DFIPFuture_minted_MCHI,DFIPFuture_minted_MSFT,DFIPFuture_minted_MSTR,DFIPFuture_minted_NFLX,DFIPFuture_minted_NVDA,DFIPFuture_minted_PDBC,DFIPFuture_minted_PLTR,DFIPFuture_minted_QQQ,DFIPFuture_minted_SLV,DFIPFuture_minted_SPY,DFIPFuture_minted_TLT,DFIPFuture_minted_TSLA,DFIPFuture_minted_URTH,DFIPFuture_minted_VNQ,DFIPFuture_minted_VOO,DFIPFuture_current_PDBC
2022-04-15 13:01:17.187993,0.05,0.1,3268163.64762059,0.05,0.1,3274865.49955408,1783.71497039,55.5552952,1928.28253577,522.8536581,957.5986398,46.75476497,23.48087503,840.41672384,39.44174718,443.80559912,34.13275728,79.13752455,1181.43450848,573.83590137,531.25335838,247.52861964,196.93485331,1275.83473311,2613.20468578,9134.67725531,1203.64677401,1213.87563857,50.2108033,10.05190247,501.82295594,896.26001387,27.01735183,3.55680983,
2022-04-15 14:01:38.776789,0.05,0.1,3268163.64762059,0.05,0.1,3274865.49955408,1783.71497039,55.5552952,1928.28253577,522.8536581,957.5986398,46.75476497,23.48087503,840.41672384,39.44174718,443.80559912,34.13275728,79.13752455,1181.43450848,573.83590137,531.25335838,247.52861964,196.93485331,1275.83473311,2613.20468578,9134.67725531,1203.64677401,1213.87563857,50.2108033,10.05190247,501.82295594,896.26001387,27.01735183,3.55680983,
2022-04-15 15:01:35.751869,0.05,0.1,3268163.64762059,0.05,0.1,3274865.49955408,1783.71497039,55.5552952,1928.28253577,522.8536581,957.5986398,46.75476497,23.48087503,840.41672384,39.44174718,443.80559912,34.13275728,79.13752455,1181.43450848,573.83590137,531.25335838,247.52861964,196.93485331,1275.83473311,2613.20468578,9134.67725531,1203.64677401,1213.87563857,50.2108033,10.05190247,501.82295594,896.26001387,27.01735183,3.55680983,
2022-04-15 16:01:36.409684,0.05,0.1,3268163.64762059,0.05,0.1,3274865.49955408,1783.71497039,55.5552952,1928.28253577,522.8536581,957.5986398,46.75476497,23.48087503,840.41672384,39.44174718,443.80559912,34.13275728,79.13752455,1181.43450848,573.83590137,531.25335838,247.52861964,196.93485331,1275.83473311,2613.20468578,9134.67725531,1203.64677401,1213.87563857,50.2108033,10.05190247,501.82295594,896.26001387,27.01735183,3.55680983,
2022-04-15 17:01:39.780053,0.05,0.1,3268163.64762059,0.05,0.1,3274865.49955408,1783.71497039,55.5552952,1928.28253577,522.8536581,957.5986398,46.75476497,23.48087503,840.41672384,39.44174718,443.80559912,34.13275728,79.13752455,1181.43450848,573.83590137,531.25335838,247.52861964,196.93485331,1275.83473311,2613.20468578,9134.67725531,1203.64677401,1213.87563857,50.2108033,10.05190247,501.82295594,896.26001387,27.01735183,3.55680983,
2022-04-15 18:01:07.182041,0.05,0.1,3268163.64762059,0.05,0.1,3274865.49955408,1783.71497039,55.5552952,1928.28253577,522.8536581,957.5986398,46.75476497,23.48087503,840.41672384,39.44174718,443.80559912,34.13275728,79.13752455,1181.43450848,573.83590137,531.25335838,247.52861964,196.93485331,1275.83473311,2613.20468578,9134.67725531,1203.64677401,1213.87563857,50.2108033,10.05190247,501.82295594,896.26001387,27.01735183,3.55680983,
2022-04-15 19:01:26.519496,0.05,0.1,3268163.64762059,0.05,0.1,3274970.01616505,1783.71497039,55.5552952,1928.28253577,522.8536581,957.5986398,46.75476497,23.48087503,840.41672384,39.44174718,443.80559912,34.13275728,79.13752455,1181.43450848,573.83590137,531.25335838,247.52861964,196.93485331,1275.83473311,2613.20468578,9134.67725531,1203.64677401,1213.87563857,50.2108033,10.05190247,501.82295594,896.26001387,27.01735183,3.55680983,
2022-04-15 20:01:32.999979,0.05,0.1,3268163.64762059,0.05,0.1,3274970.01616505,1783.71497039,55.5552952,1928.28253577,522.8536581,957.5986398,46.75476497,23.48087503,840.41672384,39.44174718,443.80559912,34.13275728,79.13752455,1181.43450848,573.83590137,531.25335838,247.52861964,196.93485331,1275.83473311,2613.20468578,9134.67725531,1203.64677401,1213.87563857,50.2108033,10.05190247,501.82295594,896.26001387,27.01735183,3.55680983,
2022-04-15 21:01:35.065988,0.05,0.1,3268163.64762059,0.05,0.1,3274970.01616505,1783.71497039,55.5552952,1928.28253577,522.8536581,957.5986398,46.75476497,23.48087503,840.41672384,39.44174718,443.80559912,34.13275728,79.13752455,1181.43450848,573.83590137,531.25335838,247.52861964,196.93485331,1275.83473311,2613.20468578,9134.67725531,1203.64677401,1213.87563857,50.2108033,10.05190247,501.82295594,896.26001387,27.01735183,3.55680983,
2022-04-15 22:01:33.753835,0.05,0.1,3268163.64762059,0.05,0.1,3274970.01616505,1783.71497039,55.5552952,1928.28253577,522.8536581,957.5986398,46.75476497,23.48087503,840.41672384,39.44174718,443.80559912,34.13275728,79.13752455,1181.43450848,573.83590137,531.25335838,247.52861964,196.93485331,1275.83473311,2613.20468578,9134.67725531,1203.64677401,1213.87563857,50.2108033,10.05190247,501.82295594,896.26001387,27.01735183,3.55680983,
2022-04-15 23:01:43.208012,0.05,0.1,3268163.64762059,0.05,0.1,3274970.01616505,1783.71497039,55.5552952,1928.28253577,522.8536581,957.5986398,46.75476497,23.48087503,840.41672384,39.44174718,443.80559912,34.13275728,79.13752455,1181.43450848,573.83590137,531.25335838,247.52861964,196.93485331,1275.83473311,2613.20468578,9134.67725531,1203.64677401,1213.87563857,50.2108033,10.05190247,501.82295594,896.26001387,27.01735183,3.55680983,
2022-04-16 00:03:19.864342,0.05,0.1,3268163.64762059,0.05,0.1,3274970.01616505,1783.71497039,55.5552952,1928.28253577,522.8536581,957.5986398,46.75476497,23.48087503,840.41672384,39.44174718,443.80559912,34.13275728,79.13752455,1181.43450848,573.83590137,531.25335838,247.52861964,196.93485331,1275.83473311,2613.20468578,9134.67725531,1203.64677401,1213.87563857,50.2108033,10.05190247,501.82295594,896.26001387,27.01735183,3.55680983,
2022-04-16 01:01:49.167903,0.05,0.1,3268163.64762059,0.05,0.1,3274970.01616505,1783.71497039,55.5552952,1928.28253577,522.8536581,957.5986398,46.75476497,23.48087503,840.41672384,39.44174718,443.80559912,34.13275728,79.13752455,1181.43450848,573.83590137,531.25335838,247.52861964,196.93485331,1275.83473311,2613.20468578,9134.67725531,1203.64677401,1213.87563857,50.2108033,10.05190247,501.82295594,896.26001387,27.01735183,3.55680983,
2022-04-16 02:01:52.839938,0.05,0.1,3268163.64762059,0.05,0.1,3274970.01616505,1783.71497039,55.5552952,1928.28253577,522.8536581,957.5986398,46.75476497,23.48087503,840.41672384,39.44174718,443.80559912,34.13275728,79.13752455,1181.43450848,573.83590137,531.25335838,247.52861964,196.93485331,1275.83473311,2613.20468578,9134.67725531,1203.64677401,1213.87563857,50.2108033,10.05190247,501.82295594,896.26001387,27.01735183,3.55680983,
2022-04-16 03:01:31.336412,0.05,0.1,3268163.64762059,0.05,0.1,3274970.01616505,1783.71497039,55.5552952,1928.28253577,522.8536581,957.5986398,46.75476497,23.48087503,840.41672384,39.44174718,443.80559912,34.13275728,79.13752455,1181.43450848,573.83590137,531.25335838,247.52861964,196.93485331,1275.83473311,2613.20468578,9134.67725531,1203.64677401,1213.87563857,50.2108033,10.05190247,501.82295594,896.26001387,27.01735183,3.55680983,
2022-04-16 04:01:41.213243,0.05,0.1,3268163.64762059,0.05,0.1,3274970.01616505,1783.71497039,55.5552952,1928.28253577,522.8536581,957.5986398,46.75476497,23.48087503,840.41672384,39.44174718,443.80559912,34.13275728,79.13752455,1181.43450848,573.83590137,531.25335838,247.52861964,196.93485331,1275.83473311,2613.20468578,9134.67725531,1203.64677401,1213.87563857,50.2108033,10.05190247,501.82295594,896.26001387,27.01735183,3.55680983,
2022-04-16 05:01:40.929543,0.05,0.1,3268163.64762059,0.05,0.1,3274970.01616505,1783.71497039,55.5552952,1928.28253577,522.8536581,957.5986398,46.75476497,23.48087503,840.41672384,39.44174718,443.80559912,34.13275728,79.13752455,1181.43450848,573.83590137,531.25335838,247.52861964,196.93485331,1275.83473311,2613.20468578,9134.67725531,1203.64677401,1213.87563857,50.2108033,10.05190247,501.82295594,896.26001387,27.01735183,3.55680983,
2022-04-16 06:01:45.485881,0.05,0.1,3268163.64762059,0.05,0.1,3274970.01616505,1783.71497039,55.5552952,1928.28253577,522.8536581,957.5986398,46.75476497,23.48087503,840.41672384,39.44174718,443.80559912,34.13275728,79.13752455,1181.43450848,573.83590137,531.25335838,247.52861964,196.93485331,1275.83473311,2613.20468578,9134.67725531,1203.64677401,1213.87563857,50.2108033,10.05190247,501.82295594,896.26001387,27.01735183,3.55680983,
2022-04-16 07:01:37.647224,0.05,0.1,3268163.64762059,0.05,0.1,3274970.01616505,1783.71497039,55.5552952,1928.28253577,522.8536581,957.5986398,46.75476497,23.48087503,840.41672384,39.44174718,443.80559912,34.13275728,79.13752455,1181.43450848,573.83590137,531.25335838,247.52861964,196.93485331,1275.83473311,2613.20468578,9134.67725531,1203.64677401,1213.87563857,50.2108033,10.05190247,501.82295594,896.26001387,27.01735183,3.55680983,
2022-04-16 08:01:40.219780,0.05,0.1,3268163.64762059,0.05,0.1,3274970.01616505,1783.71497039,55.5552952,1928.28253577,522.8536581,957.5986398,46.75476497,23.48087503,840.41672384,39.44174718,443.80559912,34.13275728,79.13752455,1181.43450848,573.83590137,531.25335838,247.52861964,196.93485331,1275.83473311,2613.20468578,9134.67725531,1203.64677401,1213.87563857,50.2108033,10.05190247,501.82295594,896.26001387,27.01735183,3.55680983,
2022-04-16 09:01:38.445786,0.05,0.1,3268163.64762059,0.05,0.1,3274970.01616505,1783.71497039,55.5552952,1928.28253577,522.8536581,957.5986398,46.75476497,23.48087503,840.41672384,39.44174718,443.80559912,34.13275728,79.13752455,1181.43450848,573.83590137,531.25335838,247.52861964,196.93485331,1275.83473311,2613.20468578,9134.67725531,1203.64677401,1213.87563857,50.2108033,10.05190247,501.82295594,896.26001387,27.01735183,3.55680983,
2022-04-16 10:01:30.037576,0.05,0.1,3268163.64762059,0.05,0.1,3274970.01616505,1783.71497039,55.5552952,1928.28253577,522.8536581,957.5986398,46.75476497,23.48087503,840.41672384,39.44174718,443.80559912,34.13275728,79.13752455,1181.43450848,573.83590137,531.25335838,247.52861964,196.93485331,1275.83473311,2613.20468578,9134.67725531,1203.64677401,1213.87563857,50.2108033,10.05190247,501.82295594,896.26001387,27.01735183,3.55680983,
2022-04-16 11:01:30.028785,0.05,0.1,3268163.64762059,0.05,0.1,3274970.01616505,1783.71497039,55.5552952,1928.28253577,522.8536581,957.5986398,46.75476497,23.48087503,840.41672384,39.44174718,443.80559912,34.13275728,79.13752455,1181.43450848,573.83590137,531.25335838,247.52861964,196.93485331,1275.83473311,2613.20468578,9134.67725531,1203.64677401,1213.87563857,50.2108033,10.05190247,501.82295594,896.26001387,27.01735183,3.55680983,
2022-04-16 12:01:43.008286,0.05,0.1,3268163.64762059,0.05,0.1,3274976.01616505,1783.71497039,55.5552952,1928.28253577,522.8536581,957.5986398,46.75476497,23.48087503,840.41672384,39.44174718,443.80559912,34.13275728,79.13752455,1181.43450848,573.83590137,531.25335838,247.52861964,196.93485331,1275.83473311,2613.20468578,9134.67725531,1203.64677401,1213.87563857,50.2108033,10.05190247,501.82295594,896.26001387,27.01735183,3.55680983,
2022-04-16 13:01:21.801552,0.05,0.1,3268163.64762059,0.05,0.1,3274976.01616505,1783.71497039,55.5552952,1928.28253577,522.8536581,957.5986398,46.75476497,23.48087503,840.41672384,39.44174718,443.80559912,34.13275728,79.13752455,1181.43450848,573.83590137,531.25335838,247.52861964,196.93485331,1275.83473311,2613.20468578,9134.67725531,1203.64677401,1213.87563857,50.2108033,10.05190247,501.82295594,896.26001387,27.01735183,3.55680983,
2022-04-16 14:01:33.980557,0.05,0.1,3268163.64762059,0.05,0.1,3274976.01616505,1783.71497039,55.5552952,1928.28253577,522.8536581,957.5986398,46.75476497,23.48087503,840.41672384,39.44174718,443.80559912,34.13275728,79.13752455,1181.43450848,573.83590137,531.25335838,247.52861964,196.93485331,1275.83473311,2613.20468578,9134.67725531,1203.64677401,1213.87563857,50.2108033,10.05190247,501.82295594,896.26001387,27.01735183,3.55680983,
2022-04-16 15:01:27.168021,0.05,0.1,3268163.64762059,0.05,0.1,3274976.01616505,1783.71497039,55.5552952,1928.28253577,522.8536581,957.5986398,46.75476497,23.48087503,840.41672384,39.44174718,443.80559912,34.13275728,79.13752455,1181.43450848,573.83590137,531.25335838,247.52861964,196.93485331,1275.83473311,2613.20468578,9134.67725531,1203.64677401,1213.87563857,50.2108033,10.05190247,501.82295594,896.26001387,27.01735183,3.55680983,
2022-04-16 16:01:32.661630,0.05,0.1,3268163.64762059,0.05,0.1,3274976.01616505,1783.71497039,55.5552952,1928.28253577,522.8536581,957.5986398,46.75476497,23.48087503,840.41672384,39.44174718,443.80559912,34.13275728,79.13752455,1181.43450848,573.83590137,531.25335838,247.52861964,196.93485331,1275.83473311,2613.20468578,9134.67725531,1203.64677401,1213.87563857,50.2108033,10.05190247,501.82295594,896.26001387,27.01735183,3.55680983,
2022-04-16 17:01:36.643902,0.05,0.1,3268163.64762059,0.05,0.1,3274976.01616505,1783.71497039,55.5552952,1928.28253577,522.8536581,957.5986398,46.75476497,23.48087503,840.41672384,39.44174718,443.80559912,34.13275728,79.13752455,1181.43450848,573.83590137,531.25335838,247.52861964,196.93485331,1275.83473311,2613.20468578,9134.67725531,1203.64677401,1213.87563857,50.2108033,10.05190247,501.82295594,896.26001387,27.01735183,3.55680983,
2022-04-16 18:01:05.448220,0.05,0.1,3268163.64762059,0.05,0.1,3274976.01616505,1783.71497039,55.5552952,1928.28253577,522.8536581,957.5986398,46.75476497,23.48087503,840.41672384,39.44174718,443.80559912,34.13275728,79.13752455,1181.43450848,573.83590137,531.25335838,247.52861964,196.93485331,1275.83473311,2613.20468578,9134.67725531,1203.64677401,1213.87563857,50.2108033,10.05190247,501.82295594,896.26001387,27.01735183,3.55680983,
2022-04-16 19:01:07.335924,0.05,0.1,3268163.64762059,0.05,0.1,3274976.01616505,1783.71497039,55.5552952,1928.28253577,522.8536581,957.5986398,46.75476497,23.48087503,840.41672384,39.44174718,443.80559912,34.13275728,79.13752455,1181.43450848,573.83590137,531.25335838,247.52861964,196.93485331,1275.83473311,2613.20468578,9134.67725531,1203.64677401,1213.87563857,50.2108033,10.05190247,501.82295594,896.26001387,27.01735183,3.55680983,
2022-04-16 20:01:29.036026,0.05,0.1,3268163.64762059,0.05,0.1,3274976.01616505,1783.71497039,55.5552952,1928.28253577,522.8536581,957.5986398,46.75476497,23.48087503,840.41672384,39.44174718,443.80559912,34.13275728,79.13752455,1181.43450848,573.83590137,531.25335838,247.52861964,196.93485331,1275.83473311,2613.20468578,9134.67725531,1203.64677401,1213.87563857,50.2108033,10.05190247,501.82295594,896.26001387,27.01735183,3.55680983,
2022-04-16 21:01:27.113869,0.05,0.1,3268163.64762059,0.05,0.1,3274976.01616505,1783.71497039,55.5552952,1928.28253577,522.8536581,957.5986398,46.75476497,23.48087503,840.41672384,39.44174718,443.80559912,34.13275728,79.13752455,1181.43450848,573.83590137,531.25335838,247.52861964,196.93485331,1275.83473311,2613.20468578,9134.67725531,1203.64677401,1213.87563857,50.2108033,10.05190247,501.82295594,896.26001387,27.01735183,3.55680983,
2022-04-16 22:01:29.027901,0.05,0.1,3268163.64762059,0.05,0.1,3274976.01616505,1783.71497039,55.5552952,1928.28253577,522.8536581,957.5986398,46.75476497,23.48087503,840.41672384,39.44174718,443.80559912,34.13275728,79.13752455,1181.43450848,573.83590137,531.25335838,247.52861964,196.93485331,1275.83473311,2613.20468578,9134.67725531,1203.64677401,1213.87563857,50.2108033,10.05190247,501.82295594,896.26001387,27.01735183,3.55680983,
2022-04-16 23:01:34.777211,0.05,0.1,3268163.64762059,0.05,0.1,3274976.01616505,1783.71497039,55.5552952,1928.28253577,522.8536581,957.5986398,46.75476497,23.48087503,840.41672384,39.44174718,443.80559912,34.13275728,79.13752455,1181.43450848,573.83590137,531.25335838,247.52861964,196.93485331,1275.83473311,2613.20468578,9134.67725531,1203.64677401,1213.87563857,50.2108033,10.05190247,501.82295594,896.26001387,27.01735183,3.55680983,
2022-04-17 00:02:47.303066,0.05,0.1,3268163.64762059,0.05,0.1,3274976.01616505,1783.71497039,55.5552952,1928.28253577,522.8536581,957.5986398,46.75476497,23.48087503,840.41672384,39.44174718,443.80559912,34.13275728,79.13752455,1181.43450848,573.83590137,531.25335838,247.52861964,196.93485331,1275.83473311,2613.20468578,9134.67725531,1203.64677401,1213.87563857,50.2108033,10.05190247,501.82295594,896.26001387,27.01735183,3.55680983,3e-08
2022-04-17 01:01:38.510802,0.05,0.1,3268163.64762059,0.05,0.1,3274976.01616505,1783.71497039,55.5552952,1928.28253577,522.8536581,957.5986398,46.75476497,23.48087503,840.41672384,39.44174718,443.80559912,34.13275728,79.13752455,1181.43450848,573.83590137,531.25335838,247.52861964,196.93485331,1275.83473311,2613.20468578,9134.67725531,1203.64677401,1213.87563857,50.2108033,10.05190247,501.82295594,896.26001387,27.01735183,3.55680983,3e-08
2022-04-17 02:01:48.439912,0.05,0.1,3268163.64762059,0.05,0.1,3274976.01616505,1783.71497039,55.5552952,1928.28253577,522.8536581,957.5986398,46.75476497,23.48087503,840.41672384,39.44174718,443.80559912,34.13275728,79.13752455,1181.43450848,573.83590137,531.25335838,247.52861964,196.93485331,1275.83473311,2613.20468578,9134.67725531,1203.64677401,1213.87563857,50.2108033,10.05190247,501.82295594,896.26001387,27.01735183,3.55680983,3e-08
2022-04-17 03:01:30.537555,0.05,0.1,3268163.64762059,0.05,0.1,3274976.01616505,1783.71497039,55.5552952,1928.28253577,522.8536581,957.5986398,46.75476497,23.48087503,840.41672384,39.44174718,443.80559912,34.13275728,79.13752455,1181.43450848,573.83590137,531.25335838,247.52861964,196.93485331,1275.83473311,2613.20468578,9134.67725531,1203.64677401,1213.87563857,50.2108033,10.05190247,501.82295594,896.26001387,27.01735183,3.55680983,3e-08
2022-04-17 04:01:38.353328,0.05,0.1,3268163.64762059,0.05,0.1,3276076.01616505,1783.71497039,55.5552952,1928.28253577,522.8536581,957.5986398,46.75476497,23.48087503,840.41672384,39.44174718,443.80559912,34.13275728,79.13752455,1181.43450848,573.83590137,531.25335838,247.52861964,196.93485331,1275.83473311,2613.20468578,9134.67725531,1203.64677401,1213.87563857,50.2108033,10.05190247,501.82295594,896.26001387,27.01735183,3.55680983,3e-08
2022-04-17 05:01:38.052061,0.05,0.1,3268163.64762059,0.05,0.1,3283469.01616505,1783.71497039,55.5552952,1928.28253577,522.8536581,957.5986398,46.75476497,23.48087503,840.41672384,39.44174718,443.80559912,34.13275728,79.13752455,1181.43450848,573.83590137,531.25335838,247.52861964,196.93485331,1275.83473311,2613.20468578,9134.67725531,1203.64677401,1213.87563857,50.2108033,10.05190247,501.82295594,896.26001387,27.01735183,3.55680983,3e-08
2022-04-17 06:01:46.747085,0.05,0.1,3268163.64762059,0.05,0.1,3283469.01616505,1783.71497039,55.5552952,1928.28253577,522.8536581,957.5986398,46.75476497,23.48087503,840.41672384,39.44174718,443.80559912,34.13275728,79.13752455,1181.43450848,573.83590137,531.25335838,247.52861964,196.93485331,1275.83473311,2613.20468578,9134.67725531,1203.64677401,1213.87563857,50.2108033,10.05190247,501.82295594,896.26001387,27.01735183,3.55680983,3e-08
2022-04-17 07:01:32.052964,0.05,0.1,3268163.64762059,0.05,0.1,3283469.01616505,1783.71497039,55.5552952,1928.28253577,522.8536581,957.5986398,46.75476497,23.48087503,840.41672384,39.44174718,443.80559912,34.13275728,79.13752455,1181.43450848,573.83590137,531.25335838,247.52861964,196.93485331,1275.83473311,2613.20468578,9134.67725531,1203.64677401,1213.87563857,50.2108033,10.05190247,501.82295594,896.26001387,27.01735183,3.55680983,3e-08
2022-04-17 08:01:32.388308,0.05,0.1,3268163.64762059,0.05,0.1,3283469.01616505,1783.71497039,55.5552952,1928.28253577,522.8536581,957.5986398,46.75476497,23.48087503,840.41672384,39.44174718,443.80559912,34.13275728,79.13752455,1181.43450848,573.83590137,531.25335838,247.52861964,196.93485331,1275.83473311,2613.20468578,9134.67725531,1203.64677401,1213.87563857,50.2108033,10.05190247,501.82295594,896.26001387,27.01735183,3.55680983,3e-08
2022-04-17 09:01:34.126341,0.05,0.1,3268163.64762059,0.05,0.1,3283469.01616505,1783.71497039,55.5552952,1928.28253577,522.8536581,957.5986398,46.75476497,23.48087503,840.41672384,39.44174718,443.80559912,34.13275728,79.13752455,1181.43450848,573.83590137,531.25335838,247.52861964,196.93485331,1275.83473311,2613.20468578,9134.67725531,1203.64677401,1213.87563857,50.2108033,10.05190247,501.82295594,896.26001387,27.01735183,3.55680983,3e-08
2022-04-17 10:01:35.405602,0.05,0.1,3268163.64762059,0.05,0.1,3283469.01616505,1783.71497039,55.5552952,1928.28253577,522.8536581,957.5986398,46.75476497,23.48087503,840.41672384,39.44174718,443.80559912,34.13275728,79.13752455,1181.43450848,573.83590137,531.25335838,247.52861964,196.93485331,1275.83473311,2613.20468578,9134.67725531,1203.64677401,1213.87563857,50.2108033,10.05190247,501.82295594,896.26001387,27.01735183,3.55680983,3e-08
2022-04-17 11:01:26.779786,0.05,0.1,3268163.64762059,0.05,0.1,3283469.01616505,1783.71497039,55.5552952,1928.28253577,522.8536581,957.5986398,46.75476497,23.48087503,840.41672384,39.44174718,443.80559912,34.13275728,79.13752455,1181.43450848,573.83590137,531.25335838,247.52861964,196.93485331,1275.83473311,2613.20468578,9134.67725531,1203.64677401,1213.87563857,50.2108033,10.05190247,501.82295594,896.26001387,27.01735183,3.55680983,3e-08
2022-04-17 12:01:34.999962,0.05,0.1,3268163.64762059,0.05,0.1,3299018.01616505,1783.71497039,55.5552952,1928.28253577,522.8536581,957.5986398,46.75476497,23.48087503,840.41672384,39.44174718,443.80559912,34.13275728,79.13752455,1181.43450848,573.83590137,531.25335838,247.52861964,196.93485331,1275.83473311,2613.20468578,9134.67725531,1203.64677401,1213.87563857,50.2108033,10.05190247,501.82295594,896.26001387,27.01735183,3.55680983,3e-08
2022-04-17 13:00:58.373392,0.05,0.1,3268163.64762059,0.05,0.1,3299018.01616505,1783.71497039,55.5552952,1928.28253577,522.8536581,957.5986398,46.75476497,23.48087503,840.41672384,39.44174718,443.80559912,34.13275728,79.13752455,1181.43450848,573.83590137,531.25335838,247.52861964,196.93485331,1275.83473311,2613.20468578,9134.67725531,1203.64677401,1213.87563857,50.2108033,10.05190247,501.82295594,896.26001387,27.01735183,3.55680983,3e-08
2022-04-17 14:01:27.230633,0.05,0.1,3268163.64762059,0.05,0.1,3283469.01616505,1783.71497039,55.5552952,1928.28253577,522.8536581,957.5986398,46.75476497,23.48087503,840.41672384,39.44174718,443.80559912,34.13275728,79.13752455,1181.43450848,573.83590137,531.25335838,247.52861964,196.93485331,1275.83473311,2613.20468578,9134.67725531,1203.64677401,1213.87563857,50.2108033,10.05190247,501.82295594,896.26001387,27.01735183,3.55680983,3e-08
2022-04-17 15:01:29.398960,0.05,0.1,3268163.64762059,0.05,0.1,3283469.01616505,1783.71497039,55.5552952,1928.28253577,522.8536581,957.5986398,46.75476497,23.48087503,840.41672384,39.44174718,443.80559912,34.13275728,79.13752455,1181.43450848,573.83590137,531.25335838,247.52861964,196.93485331,1275.83473311,2613.20468578,9134.67725531,1203.64677401,1213.87563857,50.2108033,10.05190247,501.82295594,896.26001387,27.01735183,3.55680983,3e-08
2022-04-17 16:01:33.338510,0.05,0.1,3268163.64762059,0.05,0.1,3283469.01616505,1783.71497039,55.5552952,1928.28253577,522.8536581,957.5986398,46.75476497,23.48087503,840.41672384,39.44174718,443.80559912,34.13275728,79.13752455,1181.43450848,573.83590137,531.25335838,247.52861964,196.93485331,1275.83473311,2613.20468578,9134.67725531,1203.64677401,1213.87563857,50.2108033,10.05190247,501.82295594,896.26001387,27.01735183,3.55680983,3e-08
2022-04-17 17:01:33.391942,0.05,0.1,3268163.64762059,0.05,0.1,3283469.01616505,1783.71497039,55.5552952,1928.28253577,522.8536581,957.5986398,46.75476497,23.48087503,840.41672384,39.44174718,443.80559912,34.13275728,79.13752455,1181.43450848,573.83590137,531.25335838,247.52861964,196.93485331,1275.83473311,2613.20468578,9134.67725531,1203.64677401,1213.87563857,50.2108033,10.05190247,501.82295594,896.26001387,27.01735183,3.55680983,3e-08
2022-04-17 18:01:04.388451,0.05,0.1,3268163.64762059,0.05,0.1,3283469.01616505,1783.71497039,55.5552952,1928.28253577,522.8536581,957.5986398,46.75476497,23.48087503,840.41672384,39.44174718,443.80559912,34.13275728,79.13752455,1181.43450848,573.83590137,531.25335838,247.52861964,196.93485331,1275.83473311,2613.20468578,9134.67725531,1203.64677401,1213.87563857,50.2108033,10.05190247,501.82295594,896.26001387,27.01735183,3.55680983,3e-08
2022-04-17 19:01:05.818381,0.05,0.1,3268163.64762059,0.05,0.1,3283486.01616505,1783.71497039,55.5552952,1928.28253577,522.8536581,957.5986398,46.75476497,23.48087503,840.41672384,39.44174718,443.80559912,34.13275728,79.13752455,1181.43450848,573.83590137,531.25335838,247.52861964,196.93485331,1275.83473311,2613.20468578,9134.67725531,1203.64677401,1213.87563857,50.2108033,10.05190247,501.82295594,896.26001387,27.01735183,3.55680983,3e-08
2022-04-17 20:01:32.961082,0.05,0.1,3268163.64762059,0.05,0.1,3284506.01616505,1783.71497039,55.5552952,1928.28253577,522.8536581,957.5986398,46.75476497,23.48087503,840.41672384,39.44174718,443.80559912,34.13275728,79.13752455,1181.43450848,573.83590137,531.25335838,247.52861964,196.93485331,1275.83473311,2613.20468578,9134.67725531,1203.64677401,1213.87563857,50.2108033,10.05190247,501.82295594,896.26001387,27.01735183,3.55680983,3e-08
2022-04-17 21:01:32.709109,0.05,0.1,3268163.64762059,0.05,0.1,3284506.01616505,1783.71497039,55.5552952,1928.28253577,522.8536581,957.5986398,46.75476497,23.48087503,840.41672384,39.44174718,443.80559912,34.13275728,79.13752455,1181.43450848,573.83590137,531.25335838,247.52861964,196.93485331,1275.83473311,2613.20468578,9134.67725531,1203.64677401,1213.87563857,50.2108033,10.05190247,501.82295594,896.26001387,27.01735183,3.55680983,3e-08
2022-04-17 22:01:31.813736,0.05,0.1,3268163.64762059,0.05,0.1,3284506.01616505,1783.71497039,55.5552952,1928.28253577,522.8536581,957.5986398,46.75476497,23.48087503,840.41672384,39.44174718,443.80559912,34.13275728,79.13752455,1181.43450848,573.83590137,531.25335838,247.52861964,196.93485331,1275.83473311,2613.20468578,9134.67725531,1203.64677401,1213.87563857,50.2108033,10.05190247,501.82295594,896.26001387,27.01735183,3.55680983,3e-08
2022-04-17 23:01:32.707079,0.05,0.1,3268163.64762059,0.05,0.1,3284506.01616505,1783.71497039,55.5552952,1928.28253577,522.8536581,957.5986398,46.75476497,23.48087503,840.41672384,39.44174718,443.80559912,34.13275728,79.13752455,1181.43450848,573.83590137,531.25335838,247.52861964,196.93485331,1275.83473311,2613.20468578,9134.67725531,1203.64677401,1213.87563857,50.2108033,10.05190247,501.82295594,896.26001387,27.01735183,3.55680983,3e-08
2022-04-18 00:03:58.485506,0.05,0.1,3268163.64762059,0.05,0.1,3284506.01616505,1783.71497039,55.5552952,1928.28253577,522.8536581,957.5986398,46.75476497,23.48087503,840.41672384,39.44174718,443.80559912,34.13275728,79.13752455,1181.43450848,573.83590137,531.25335838,247.52861964,196.93485331,1275.83473311,2613.20468578,9134.67725531,1203.64677401,1213.87563857,50.2108033,10.05190247,501.82295594,896.26001387,27.01735183,3.55680983,3e-08
2022-04-18 01:01:44.807924,0.05,0.1,3268163.64762059,0.05,0.1,3284506.01616505,1783.71497039,55.5552952,1928.28253577,522.8536581,957.5986398,46.75476497,23.48087503,840.41672384,39.44174718,443.80559912,34.13275728,79.13752455,1181.43450848,573.83590137,531.25335838,247.52861964,196.93485331,1275.83473311,2613.20468578,9134.67725531,1203.64677401,1213.87563857,50.2108033,10.05190247,501.82295594,896.26001387,27.01735183,3.55680983,3e-08
2022-04-18 02:01:53.035044,0.05,0.1,3268163.64762059,0.05,0.1,3284506.01616505,1783.71497039,55.5552952,1928.28253577,522.8536581,957.5986398,46.75476497,23.48087503,840.41672384,39.44174718,443.80559912,34.13275728,79.13752455,1181.43450848,573.83590137,531.25335838,247.52861964,196.93485331,1275.83473311,2613.20468578,9134.67725531,1203.64677401,1213.87563857,50.2108033,10.05190247,501.82295594,896.26001387,27.01735183,3.55680983,3e-08
2022-04-18 03:01:28.326024,0.05,0.1,3268163.64762059,0.05,0.1,3284680.01616505,1783.71497039,55.5552952,1928.28253577,522.8536581,957.5986398,46.75476497,23.48087503,840.41672384,39.44174718,443.80559912,34.13275728,79.13752455,1181.43450848,573.83590137,531.25335838,247.52861964,196.93485331,1275.83473311,2613.20468578,9134.67725531,1203.64677401,1213.87563857,50.2108033,10.05190247,501.82295594,896.26001387,27.01735183,3.55680983,3e-08
2022-04-18 04:01:36.627906,0.05,0.1,3268163.64762059,0.05,0.1,3284680.01616505,1783.71497039,55.5552952,1928.28253577,522.8536581,957.5986398,46.75476497,23.48087503,840.41672384,39.44174718,443.80559912,34.13275728,79.13752455,1181.43450848,573.83590137,531.25335838,247.52861964,196.93485331,1275.83473311,2613.20468578,9134.67725531,1203.64677401,1213.87563857,50.2108033,10.05190247,501.82295594,896.26001387,27.01735183,3.55680983,3e-08
2022-04-18 05:01:40.451973,0.05,0.1,3268163.64762059,0.05,0.1,3284685.01616505,1783.71497039,55.5552952,1928.28253577,522.8536581,957.5986398,46.75476497,23.48087503,840.41672384,39.44174718,443.80559912,34.13275728,79.13752455,1181.43450848,573.83590137,531.25335838,247.52861964,196.93485331,1275.83473311,2613.20468578,9134.67725531,1203.64677401,1213.87563857,50.2108033,10.05190247,501.82295594,896.26001387,27.01735183,3.55680983,3e-08
2022-04-18 06:01:47.693603,0.05,0.1,3268163.64762059,0.05,0.1,3284680.01616505,1783.71497039,55.5552952,1928.28253577,522.8536581,957.5986398,46.75476497,23.48087503,840.41672384,39.44174718,443.80559912,34.13275728,79.13752455,1181.43450848,573.83590137,531.25335838,247.52861964,196.93485331,1275.83473311,2613.20468578,9134.67725531,1203.64677401,1213.87563857,50.2108033,10.05190247,501.82295594,896.26001387,27.01735183,3.55680983,3e-08
2022-04-18 07:01:39.056656,0.05,0.1,3268163.64762059,0.05,0.1,3284680.01616505,1783.71497039,55.5552952,1928.28253577,522.8536581,957.5986398,46.75476497,23.48087503,840.41672384,39.44174718,443.80559912,34.13275728,79.13752455,1181.43450848,573.83590137,531.25335838,247.52861964,196.93485331,1275.83473311,2613.20468578,9134.67725531,1203.64677401,1213.87563857,50.2108033,10.05190247,501.82295594,896.26001387,27.01735183,3.55680983,3e-08
2022-04-18 08:01:34.794449,0.05,0.1,3268163.64762059,0.05,0.1,3284680.01616505,1783.71497039,55.5552952,1928.28253577,522.8536581,957.5986398,46.75476497,23.48087503,840.41672384,39.44174718,443.80559912,34.13275728,79.13752455,1181.43450848,573.83590137,531.25335838,247.52861964,196.93485331,1275.83473311,2613.20468578,9134.67725531,1203.64677401,1213.87563857,50.2108033,10.05190247,501.82295594,896.26001387,27.01735183,3.55680983,3e-08
2022-04-18 09:01:32.857513,0.05,0.1,3268163.64762059,0.05,0.1,3284680.01616505,1783.71497039,55.5552952,1928.28253577,522.8536581,957.5986398,46.75476497,23.48087503,840.41672384,39.44174718,443.80559912,34.13275728,79.13752455,1181.43450848,573.83590137,531.25335838,247.52861964,196.93485331,1275.83473311,2613.20468578,9134.67725531,1203.64677401,1213.87563857,50.2108033,10.05190247,501.82295594,896.26001387,27.01735183,3.55680983,3e-08
2022-04-18 10:01:35.249923,0.05,0.1,3268163.64762059,0.05,0.1,3284680.01616505,1783.71497039,55.5552952,1928.28253577,522.8536581,957.5986398,46.75476497,23.48087503,840.41672384,39.44174718,443.80559912,34.13275728,79.13752455,1181.43450848,573.83590137,531.25335838,247.52861964,196.93485331,1275.83473311,2613.20468578,9134.67725531,1203.64677401,1213.87563857,50.2108033,10.05190247,501.82295594,896.26001387,27.01735183,3.55680983,3e-08
2022-04-18 11:01:40.753197,0.05,0.1,3268163.64762059,0.05,0.1,3289270.01616505,1783.71497039,55.5552952,1928.28253577,522.8536581,957.5986398,46.75476497,23.48087503,840.41672384,39.44174718,443.80559912,34.13275728,79.13752455,1181.43450848,573.83590137,531.25335838,247.52861964,196.93485331,1275.83473311,2613.20468578,9134.67725531,1203.64677401,1213.87563857,50.2108033,10.05190247,501.82295594,896.26001387,27.01735183,3.55680983,3e-08
2022-04-18 12:01:45.021968,0.05,0.1,3268163.64762059,0.05,0.1,3289270.01616505,1783.71497039,55.5552952,1928.28253577,522.8536581,957.5986398,46.75476497,23.48087503,840.41672384,39.44174718,443.80559912,34.13275728,79.13752455,1181.43450848,573.83590137,531.25335838,247.52861964,196.93485331,1275.83473311,2613.20468578,9134.67725531,1203.64677401,1213.87563857,50.2108033,10.05190247,501.82295594,896.26001387,27.01735183,3.55680983,3e-08
2022-04-18 13:01:25.976774,0.05,0.1,3268163.64762059,0.05,0.1,3289340.01616505,1783.71497039,55.5552952,1928.28253577,522.8536581,957.5986398,46.75476497,23.48087503,840.41672384,39.44174718,443.80559912,34.13275728,79.13752455,1181.43450848,573.83590137,531.25335838,247.52861964,196.93485331,1275.83473311,2613.20468578,9134.67725531,1203.64677401,1213.87563857,50.2108033,10.05190247,501.82295594,896.26001387,27.01735183,3.55680983,3e-08
2022-04-18 14:01:38.755960,0.05,0.1,3268163.64762059,0.05,0.1,3289340.01616505,1783.71497039,55.5552952,1928.28253577,522.8536581,957.5986398,46.75476497,23.48087503,840.41672384,39.44174718,443.80559912,34.13275728,79.13752455,1181.43450848,573.83590137,531.25335838,247.52861964,196.93485331,1275.83473311,2613.20468578,9134.67725531,1203.64677401,1213.87563857,50.2108033,10.05190247,501.82295594,896.26001387,27.01735183,3.55680983,3e-08
2022-04-18 15:01:31.396844,0.05,0.1,3268163.64762059,0.05,0.1,3305939.01616505,1783.71497039,55.5552952,1928.28253577,522.8536581,957.5986398,46.75476497,23.48087503,840.41672384,39.44174718,443.80559912,34.13275728,79.13752455,1181.43450848,573.83590137,531.25335838,247.52861964,196.93485331,1275.83473311,2613.20468578,9134.67725531,1203.64677401,1213.87563857,50.2108033,10.05190247,501.82295594,896.26001387,27.01735183,3.55680983,3e-08
2022-04-18 16:01:36.552630,0.05,0.1,3268163.64762059,0.05,0.1,3289340.01616505,1783.71497039,55.5552952,1928.28253577,522.8536581,957.5986398,46.75476497,23.48087503,840.41672384,39.44174718,443.80559912,34.13275728,79.13752455,1181.43450848,573.83590137,531.25335838,247.52861964,196.93485331,1275.83473311,2613.20468578,9134.67725531,1203.64677401,1213.87563857,50.2108033,10.05190247,501.82295594,896.26001387,27.01735183,3.55680983,3e-08
2022-04-18 17:01:36.552582,0.05,0.1,3268163.64762059,0.05,0.1,3289340.01616505,1783.71497039,55.5552952,1928.28253577,522.8536581,957.5986398,46.75476497,23.48087503,840.41672384,39.44174718,443.80559912,34.13275728,79.13752455,1181.43450848,573.83590137,531.25335838,247.52861964,196.93485331,1275.83473311,2613.20468578,9134.67725531,1203.64677401,1213.87563857,50.2108033,10.05190247,501.82295594,896.26001387,27.01735183,3.55680983,3e-08
2022-04-18 18:01:21.980450,0.05,0.1,3268163.64762059,0.05,0.1,3296159.01616505,1783.71497039,55.5552952,1928.28253577,522.8536581,957.5986398,46.75476497,23.48087503,840.41672384,39.44174718,443.80559912,34.13275728,79.13752455,1181.43450848,573.83590137,531.25335838,247.52861964,196.93485331,1275.83473311,2613.20468578,9134.67725531,1203.64677401,1213.87563857,50.2108033,10.05190247,501.82295594,896.26001387,27.01735183,3.55680983,3e-08
2022-04-18 19:01:25.413647,0.05,0.1,3268163.64762059,0.05,0.1,3296159.01616505,1783.71497039,55.5552952,1928.28253577,522.8536581,957.5986398,46.75476497,23.48087503,840.41672384,39.44174718,443.80559912,34.13275728,79.13752455,1181.43450848,573.83590137,531.25335838,247.52861964,196.93485331,1275.83473311,2613.20468578,9134.67725531,1203.64677401,1213.87563857,50.2108033,10.05190247,501.82295594,896.26001387,27.01735183,3.55680983,3e-08
2022-04-18 20:01:35.379606,0.05,0.1,3268163.64762059,0.05,0.1,3307345.01616505,1783.71497039,55.5552952,1928.28253577,522.8536581,957.5986398,46.75476497,23.48087503,840.41672384,39.44174718,443.80559912,34.13275728,79.13752455,1181.43450848,573.83590137,531.25335838,247.52861964,196.93485331,1275.83473311,2613.20468578,9134.67725531,1203.64677401,1213.87563857,50.2108033,10.05190247,501.82295594,896.26001387,27.01735183,3.55680983,3e-08
2022-04-18 21:01:34.527949,0.05,0.1,3268163.64762059,0.05,0.1,3308524.01616505,1783.71497039,55.5552952,1928.28253577,522.8536581,957.5986398,46.75476497,23.48087503,840.41672384,39.44174718,443.80559912,34.13275728,79.13752455,1181.43450848,573.83590137,531.25335838,247.52861964,196.93485331,1275.83473311,2613.20468578,9134.67725531,1203.64677401,1213.87563857,50.2108033,10.05190247,501.82295594,896.26001387,27.01735183,3.55680983,3e-08
2022-04-18 22:01:30.695921,0.05,0.1,3268163.64762059,0.05,0.1,3309526.01616505,1783.71497039,55.5552952,1928.28253577,522.8536581,957.5986398,46.75476497,23.48087503,840.41672384,39.44174718,443.80559912,34.13275728,79.13752455,1181.43450848,573.83590137,531.25335838,247.52861964,196.93485331,1275.83473311,2613.20468578,9134.67725531,1203.64677401,1213.87563857,50.2108033,10.05190247,501.82295594,896.26001387,27.01735183,3.55680983,3e-08
2022-04-18 23:01:46.696052,0.05,0.1,3268163.64762059,0.05,0.1,3349927.01616505,1783.71497039,55.5552952,1928.28253577,522.8536581,957.5986398,46.75476497,23.48087503,840.41672384,39.44174718,443.80559912,34.13275728,79.13752455,1181.43450848,573.83590137,531.25335838,247.52861964,196.93485331,1275.83473311,2613.20468578,9134.67725531,1203.64677401,1213.87563857,50.2108033,10.05190247,501.82295594,896.26001387,27.01735183,3.55680983,3e-08
2022-04-19 00:03:38.232510,0.05,0.1,3268163.64762059,0.05,0.1,3349927.01616505,1783.71497039,55.5552952,1928.28253577,522.8536581,957.5986398,46.75476497,23.48087503,840.41672384,39.44174718,443.80559912,34.13275728,79.13752455,1181.43450848,573.83590137,531.25335838,247.52861964,196.93485331,1275.83473311,2613.20468578,9134.67725531,1203.64677401,1213.87563857,50.2108033,10.05190247,501.82295594,896.26001387,27.01735183,3.55680983,3e-08
2022-04-19 01:01:52.646169,0.05,0.1,3268163.64762059,0.05,0.1,3349927.01616505,1783.71497039,55.5552952,1928.28253577,522.8536581,957.5986398,46.75476497,23.48087503,840.41672384,39.44174718,443.80559912,34.13275728,79.13752455,1181.43450848,573.83590137,531.25335838,247.52861964,196.93485331,1275.83473311,2613.20468578,9134.67725531,1203.64677401,1213.87563857,50.2108033,10.05190247,501.82295594,896.26001387,27.01735183,3.55680983,3e-08
2022-04-19 02:01:50.926870,0.05,0.1,3268163.64762059,0.05,0.1,3353127.01616505,1783.71497039,55.5552952,1928.28253577,522.8536581,957.5986398,46.75476497,23.48087503,840.41672384,39.44174718,443.80559912,34.13275728,79.13752455,1181.43450848,573.83590137,531.25335838,247.52861964,196.93485331,1275.83473311,2613.20468578,9134.67725531,1203.64677401,1213.87563857,50.2108033,10.05190247,501.82295594,896.26001387,27.01735183,3.55680983,3e-08
2022-04-19 03:01:37.424004,0.05,0.1,3268163.64762059,0.054,0.1,3349927.01616505,1783.71497039,55.5552952,1928.28253577,522.8536581,957.5986398,46.75476497,23.48087503,840.41672384,39.44174718,443.80559912,34.13275728,79.13752455,1181.43450848,573.83590137,531.25335838,247.52861964,196.93485331,1275.83473311,2613.20468578,9134.67725531,1203.64677401,1213.87563857,50.2108033,10.05190247,501.82295594,896.26001387,27.01735183,3.55680983,3e-08
2022-04-19 04:01:44.862598,0.05,0.1,3268163.64762059,0.05,0.1,3349927.01616505,1783.71497039,55.5552952,1928.28253577,522.8536581,957.5986398,46.75476497,23.48087503,840.41672384,39.44174718,443.80559912,34.13275728,79.13752455,1181.43450848,573.83590137,531.25335838,247.52861964,196.93485331,1275.83473311,2613.20468578,9134.67725531,1203.64677401,1213.87563857,50.2108033,10.05190247,501.82295594,896.26001387,27.01735183,3.55680983,3e-08
2022-04-19 05:01:39.412045,0.05,0.1,3268163.64762059,0.05,0.1,3350061.01616505,1783.71497039,55.5552952,1928.28253577,522.8536581,957.5986398,46.75476497,23.48087503,840.41672384,39.44174718,443.80559912,34.13275728,79.13752455,1181.43450848,573.83590137,531.25335838,247.52861964,196.93485331,1275.83473311,2613.20468578,9134.67725531,1203.64677401,1213.87563857,50.2108033,10.05190247,501.82295594,896.26001387,27.01735183,3.55680983,3e-08
2022-04-19 06:01:47.583925,0.05,0.1,3268163.64762059,0.05,0.1,3351416.01616505,1783.71497039,55.5552952,1928.28253577,522.8536581,957.5986398,46.75476497,23.48087503,840.41672384,39.44174718,443.80559912,34.13275728,79.13752455,1181.43450848,573.83590137,531.25335838,247.52861964,196.93485331,1275.83473311,2613.20468578,9134.67725531,1203.64677401,1213.87563857,50.2108033,10.05190247,501.82295594,896.26001387,27.01735183,3.55680983,3e-08
2022-04-19 07:01:40.998829,0.05,0.1,3268163.64762059,0.05,0.1,3351986.01616505,1783.71497039,55.5552952,1928.28253577,522.8536581,957.5986398,46.75476497,23.48087503,840.41672384,39.44174718,443.80559912,34.13275728,79.13752455,1181.43450848,573.83590137,531.25335838,247.52861964,196.93485331,1275.83473311,2613.20468578,9134.67725531,1203.64677401,1213.87563857,50.2108033,10.05190247,501.82295594,896.26001387,27.01735183,3.55680983,3e-08
2022-04-19 08:01:34.411133,0.05,0.1,3268163.64762059,0.05,0.1,3351986.01616505,1783.71497039,55.5552952,1928.28253577,522.8536581,957.5986398,46.75476497,23.48087503,840.41672384,39.44174718,443.80559912,34.13275728,79.13752455,1181.43450848,573.83590137,531.25335838,247.52861964,196.93485331,1275.83473311,2613.20468578,9134.67725531,1203.64677401,1213.87563857,50.2108033,10.05190247,501.82295594,896.26001387,27.01735183,3.55680983,3e-08
2022-04-19 09:01:36.454449,0.05,0.1,3268163.64762059,0.05,0.1,3351986.01616505,1783.71497039,55.5552952,1928.28253577,522.8536581,957.5986398,46.75476497,23.48087503,840.41672384,39.44174718,443.80559912,34.13275728,79.13752455,1181.43450848,573.83590137,531.25335838,247.52861964,196.93485331,1275.83473311,2613.20468578,9134.67725531,1203.64677401,1213.87563857,50.2108033,10.05190247,501.82295594,896.26001387,27.01735183,3.55680983,3e-08
2022-04-19 10:01:35.971998,0.05,0.1,3268163.64762059,0.05,0.1,3352721.01616505,1783.71497039,55.5552952,1928.28253577,522.8536581,957.5986398,46.75476497,23.48087503,840.41672384,39.44174718,443.80559912,34.13275728,79.13752455,1181.43450848,573.83590137,531.25335838,247.52861964,196.93485331,1275.83473311,2613.20468578,9134.67725531,1203.64677401,1213.87563857,50.2108033,10.05190247,501.82295594,896.26001387,27.01735183,3.55680983,3e-08
2022-04-19 11:01:40.103503,0.05,0.1,3268163.64762059,0.05,0.1,3352721.01616505,1783.71497039,55.5552952,1928.28253577,522.8536581,957.5986398,46.75476497,23.48087503,840.41672384,39.44174718,443.80559912,34.13275728,79.13752455,1181.43450848,573.83590137,531.25335838,247.52861964,196.93485331,1275.83473311,2613.20468578,9134.67725531,1203.64677401,1213.87563857,50.2108033,10.05190247,501.82295594,896.26001387,27.01735183,3.55680983,3e-08
2022-04-19 12:01:41.099967,0.05,0.1,3268163.64762059,0.05,0.1,3354261.01616505,1783.71497039,55.5552952,1928.28253577,522.8536581,957.5986398,46.75476497,23.48087503,840.41672384,39.44174718,443.80559912,34.13275728,79.13752455,1181.43450848,573.83590137,531.25335838,247.52861964,196.93485331,1275.83473311,2613.20468578,9134.67725531,1203.64677401,1213.87563857,50.2108033,10.05190247,501.82295594,896.26001387,27.01735183,3.55680983,3e-08
2022-04-19 13:01:06.071699,0.05,0.1,3268163.64762059,0.05,0.1,3354261.01616505,1783.71497039,55.5552952,1928.28253577,522.8536581,957.5986398,46.75476497,23.48087503,840.41672384,39.44174718,443.80559912,34.13275728,79.13752455,1181.43450848,573.83590137,531.25335838,247.52861964,196.93485331,1275.83473311,2613.20468578,9134.67725531,1203.64677401,1213.87563857,50.2108033,10.05190247,501.82295594,896.26001387,27.01735183,3.55680983,3e-08
2022-04-19 14:01:39.207098,0.05,0.1,3268163.64762059,0.05,0.1,3362703.01616505,1783.71497039,55.5552952,1928.28253577,522.8536581,957.5986398,46.75476497,23.48087503,840.41672384,39.44174718,443.80559912,34.13275728,79.13752455,1181.43450848,573.83590137,531.25335838,247.52861964,196.93485331,1275.83473311,2613.20468578,9134.67725531,1203.64677401,1213.87563857,50.2108033,10.05190247,501.82295594,896.26001387,27.01735183,3.55680983,3e-08
2022-04-19 15:01:29.652960,0.05,0.1,3268163.64762059,0.05,0.1,3363151.01616505,1783.71497039,55.5552952,1928.28253577,522.8536581,957.5986398,46.75476497,23.48087503,840.41672384,39.44174718,443.80559912,34.13275728,79.13752455,1181.43450848,573.83590137,531.25335838,247.52861964,196.93485331,1275.83473311,2613.20468578,9134.67725531,1203.64677401,1213.87563857,50.2108033,10.05190247,501.82295594,896.26001387,27.01735183,3.55680983,3e-08
2022-04-19 16:01:35.080248,0.05,0.1,3268163.64762059,0.05,0.1,3363151.01616505,1783.71497039,55.5552952,1928.28253577,522.8536581,957.5986398,46.75476497,23.48087503,840.41672384,39.44174718,443.80559912,34.13275728,79.13752455,1181.43450848,573.83590137,531.25335838,247.52861964,196.93485331,1275.83473311,2613.20468578,9134.67725531,1203.64677401,1213.87563857,50.2108033,10.05190247,501.82295594,896.26001387,27.01735183,3.55680983,3e-08
2022-04-19 17:01:34.904028,0.05,0.1,3268163.64762059,0.05,0.1,3469566.01616505,1783.71497039,55.5552952,1928.28253577,522.8536581,957.5986398,46.75476497,23.48087503,840.41672384,39.44174718,443.80559912,34.13275728,79.13752455,1181.43450848,573.83590137,531.25335838,247.52861964,196.93485331,1275.83473311,2613.20468578,9134.67725531,1203.64677401,1213.87563857,50.2108033,10.05190247,501.82295594,896.26001387,27.01735183,3.55680983,3e-08
2022-04-19 18:01:11.033778,0.05000000,0.10000000,3268163.64762059,0.05000000,0.10000000,3469566.01616505,1783.71497039,55.55529520,1928.28253577,522.85365810,957.59863980,46.75476497,23.48087503,840.41672384,39.44174718,443.80559912,34.13275728,79.13752455,1181.43450848,573.83590137,531.25335838,247.52861964,196.93485331,1275.83473311,2613.20468578,9134.67725531,1203.64677401,1213.87563857,50.21080330,10.05190247,501.82295594,896.26001387,27.01735183,3.55680983,0.00000003
