date,user_count,vault_count,sum_messages,sum_collateral,sum_loan,avg_ratio
2021-12-05,104,141,3,29846986.272235,6075011.1955006,928819.29
2021-12-06,291,376,769,50451605.694484,13965115.882658,3766.88
2021-12-07,577,750,827,83248125.642785,24095681.770193,4832.56
2021-12-08,642,858,1280,93012778.476749,26260148.761802,1913.58
2021-12-09,679,911,1923,94554953.271483,28461922.541483,1885.27
2021-12-10,717,958,2274,96102572.618891,30348838.512216,1747.65
2021-12-11,752,1029,2592,102493076.99826,32708532.533979,1633.9
2021-12-12,810,1103,2412,98649336.192744,32331306.377049,1546.77
2021-12-13,872,1195,2256,87594354.47371,30823403.817961,289285.53
2021-12-14,906,1260,3549,87594354.47371,26636914.546218,261800.0
2021-12-15,961,1332,3770,102327597.26566,35389321.98447,261822.08
2021-12-16,1000,1375,3861,101962265.93213,36375904.824415,252521.95
2021-12-17,1007,1244,4995,94400352.735012,35337754.359447,261697.01
2021-12-18,1018,1164,4214,94906779.240577,35807878.44209,328.97
2021-12-19,1050,1193,4692,95142982.850032,36779750.934692,315.81
2021-12-20,1085,1228,5380,97113168.469999,37607842.319382,316.06
2021-12-21,1124,1270,4047,103901760.19643,39652920.882498,133033.58
2021-12-22,1140,1285,3850,103489880.01151,40733387.374461,290.3
2021-12-23,1166,1319,5220,103441150.17577,40928305.66306,287.94
2021-12-24,1175,1333,4999,103104903.94152,41266253.714399,284.65
2021-12-25,1186,1340,3633,103732460.27656,41566781.868441,286.53
2021-12-26,1170,1260,4694,104404949.23803,41865544.668337,286.69
2021-12-27,1182,1359,5199,105506916.77606,42344145.958206,289.46
2021-12-28,1185,1364,4677,103358674.94589,42961810.908776,279.59
2021-12-29,1197,1371,4986,103620780.7614,43116149.348201,280.26
2021-12-30,1204,1378,4838,103271576.39224,43396677.802107,275.05
2021-12-31,1210,1386,4984,102439379.36252,43870538.396277,268.87
2022-01-01,1225,1397,5294,109434428.87605,44995648.35062,282.47
2022-01-02,1227,1411,2537,109250146.72738,43820224.065426,283.99
2022-01-03,1233,1406,3453,108776735.61622,44338792.976188,282.6
2022-01-04,1251,1422,3814,108311705.6665,44078932.647715,287.87
2022-01-05,1266,1419,4481,101919068.18684,41975116.560597,288.83
2022-01-06,1291,1434,7150,97622318.153304,41635848.418441,273.27
2022-01-07,1310,1431,8208,88802705.530798,38776518.912665,264.98
2022-01-08,1324,1441,6652,88328264.613372,38392679.062059,264.78
2022-01-09,1323,1444,5580,92043436.1034,39427065.814203,272.09
2022-01-10,1328,1451,6303,92901134.143586,40134771.099476,277.81
2022-01-11,1334,1456,5273,97790973.74575,42102548.425969,277.73
2022-01-12,1390,1512,5929,105381674.59438,44991815.283031,276.45
2022-01-13,1437,1560,5271,108738063.57312,46822609.45461,273.43
2022-01-14,1456,1574,5162,112029585.5685,47835539.203264,275.55
2022-01-15,1474,1589,4411,115196665.38316,49532047.268074,274.83
2022-01-16,1476,1602,7485,118610464.80997,51029924.627371,277.63
2022-01-17,1489,1607,11027,115047276.42038,50778234.237284,272.58
2022-01-18,1502,1617,11746,117544115.25112,51893521.875076,268.77
2022-01-19,1536,1640,10351,117612513.65735,52478478.830296,265.52
2022-01-20,1567,1665,10566,117253129.57057,52704630.674886,263.68
2022-01-21,1601,1683,18730,104604711.73575,48761278.793019,256.52
2022-01-22,1645,1690,21996,103037223.82465,49242800.100769,255.66
2022-01-23,1659,1737,17432,103752070.59702,48840665.672022,252.74
2022-01-24,1680,1746,19659,104546880.05102,48382697.088184,259.5
2022-01-25,1689,1750,14474,106703690.12473,49693783.77932,258.82
2022-01-26,1702,1766,13272,109429931.6975,51112934.589455,260.0
2022-01-27,1708,1769,14469,108586131.2185,51255328.836484,257.36
2022-01-28,1715,1777,12811,112324208.14317,52162080.077963,269.4
2022-01-29,1718,1781,11440,110557376.94106,51331464.100231,273.28
2022-01-30,1727,1796,11619,110061601.9058,52036868.328504,265.74
2022-01-31,1737,1806,13251,115269676.86649,54461345.389758,264.5
2022-02-01,1746,1810,12676,116607356.57646,54989437.219439,264.46
2022-02-02,1747,1813,12917,114622665.66794,54843619.055053,259.3
2022-02-03,1753,1818,14501,113699367.51187,54778975.912468,256.02
2022-02-04,1762,1826,11777,122217760.54703,56393319.745973,270.1
2022-02-05,1777,1837,9181,126064332.23025,57951123.296114,273.48
2022-02-06,1786,1883,8951,141412870.23002,62200717.470948,286.69
2022-02-07,1812,1873,12418,136852834.59355,62429336.560739,286.91
2022-02-08,1836,1870,9498,131010260.11171,61458179.385176,287.3
2022-02-09,1860,1895,9215,137000617.76078,64402050.899078,287.78
2022-02-10,1883,1925,9291,135249132.72436,63899692.566966,284.02
2022-02-11,1908,1939,8415,131556214.93899,63513846.896087,285.48
2022-02-12,1919,1949,6868,130552479.78074,63404619.537243,283.83
2022-02-13,1928,1945,5386,127025506.6639,62444385.564611,281.64
2022-02-14,1937,1933,7696,125190104.95248,61766115.926331,282.48
2022-02-15,1945,1940,6598,131102203.41629,64677034.322807,279.97
2022-02-16,1965,1965,6390,133370086.59522,65117679.238099,283.43
2022-02-17,1983,1976,7618,125640243.95236,62547832.783126,275.43
2022-02-18,1989,1981,8143,124873898.08485,62226147.866465,275.47
2022-02-19,2003,2005,8384,128616936.69547,64402773.95525,273.81
2022-02-20,2011,2013,9128,124406901.44882,63011790.212049,271.17
2022-02-21,2020,2029,9280,118902059.41615,59982119.961435,265.77
2022-02-22,2031,2031,9588,122508460.32117,61639434.522479,269.3
2022-02-23,2046,2042,8450,121716872.426,62004929.299081,267.0
2022-02-24,2055,2051,10370,122484237.46783,60661508.564377,277.05
2022-02-25,2061,2054,7819,124289518.36689,62938256.620549,280.57
2022-02-26,2063,2056,7690,124384342.33429,63063794.681367,273.23
2022-02-27,2075,2069,8712,119598849.89177,61404935.843447,269.05
2022-02-28,2086,2081,8107,131665224.61368,65798256.086921,284.56
2022-03-01,2092,2084,6744,133673328.15327,67411838.543013,284.0
2022-03-02,2101,2088,8234,134394584.51352,69135584.882211,277.49
2022-03-03,2104,2088,8530,131842216.66863,67451301.015687,276.74
2022-03-04,2108,2084,10317,123845341.47009,65006450.525099,269.67
2022-03-05,2116,2092,9364,125727993.04116,65356592.04097,271.99
2022-03-06,2119,2094,8792,126406269.37242,65651283.701097,264.7
2022-03-07,2120,2099,9442,127059498.20322,65924511.751499,264.34
2022-03-08,2206,2181,9942,131526550.50491,69470425.137451,255.15
2022-03-09,2251,2225,8472,143921318.12494,75103983.878159,267.65
2022-03-10,2270,2249,10427,139449049.57814,72830405.634797,263.7
2022-03-11,2279,2254,10028,138847461.44408,72645895.503074,261.5
2022-03-12,2288,2265,8926,139410244.13365,73647857.956695,260.16
2022-03-13,2303,2277,8758,140315335.46322,74428895.17239,257.71
2022-03-14,2313,2284,8390,141533072.69038,74195615.458541,263.51
2022-03-15,2320,2285,8889,143835490.65263,76103062.351311,260.84
2022-03-16,2331,2296,9748,145506649.40255,76396885.262771,263.26
2022-03-17,2343,2308,9681,147719899.13908,79131059.504543,263.43
2022-03-18,2357,2320,10361,150859400.15511,81012707.236621,252.21
2022-03-19,2363,2324,9913,153094327.0446,81991665.082778,255.61
2022-03-20,2296,2334,9361,152697784.08846,81974505.880286,251.7
2022-03-21,2313,2352,9971,153418611.32749,82037785.652729,251.5
2022-03-22,2324,2355,9577,160853902.35309,84988336.701301,255.49
2022-03-23,2338,2369,9528,162643699.60074,85403284.316545,257.75
2022-03-24,2347,2375,8749,171540522.707,89740843.859089,260.14
2022-03-25,2358,2387,8875,174978540.14847,92111328.900076,259.45
2022-03-26,2366,2396,8953,178449649.76071,93906172.823687,260.48
2022-03-27,2371,2408,8551,186825880.6821,96424198.779644,265.1
2022-03-28,2396,2432,8996,193613418.72214,101409683.9419,263.85
2022-03-29,2418,2460,10366,191936943.39122,101892628.78658,254.92
2022-03-30,2430,2477,9558,193435240.51596,102051640.50704,255.89
2022-03-31,2441,2483,11026,182393242.03274,97583158.438012,258.61
2022-04-01,2448,2491,10049,191178262.48616,100515677.5259,255.31
2022-04-02,2456,2498,8894,193221330.56585,102389692.27246,255.05
2022-04-03,2466,2509,8694,199289095.51123,104648553.17671,257.94
2022-04-04,2479,2527,9550,201032260.48021,106980640.49625,252.62
2022-04-05,2494,2539,9348,199195780.71484,105395355.28267,249.78
2022-04-06,2500,2548,11000,189445641.99114,101471902.6128,246.21
2022-04-07,2514,2560,10646,192758690.89089,102918819.57307,244.23
2022-04-08,2533,2572,10028,192367382.61675,102906976.04385,244.9
2022-04-09,2539,2576,10089,195768413.46197,104216115.80877,246.04
2022-04-10,2541,2582,9115,199797508.30023,104091462.51326,263.52
2022-04-11,2561,2597,13769,187918578.2121,101543126.40453,244.63
2022-04-12,2573,2616,11713,189234110.90005,102378630.41532,242.18
2022-04-13,2582,2627,10611,197387134.27096,105774556.91632,255.58
2022-04-14,2595,2643,10049,193479352.65587,105113944.32275,237.1
2022-04-15,2612,2657,9760,196750790.31336,106888325.83893,238.13
2022-04-16,2615,2659,9952,196347183.92075,107119958.55606,237.95
2022-04-17,2617,2662,9868,195921942.50413,107796018.70544,244.46
2022-04-18,2623,2667,12167,198897998.12394,107979091.35544,241.04
2022-04-19,2631,2670,9784,202137116.86998,110749630.23968,238.38
2022-04-20,2644,2676,10163,200722467.73406,109978277.22232,244.88
2022-04-21,2650,2681,10167,189179249.36303,103839114.55996,236.12
2022-04-22,2660,2688,10785,185762863.71871,101813055.49698,233.89
2022-04-23,2667,2697,10174,187784601.70331,103215308.43064,235.17
2022-04-24,2656,2702,9599,185668072.088,102381680.32532,233.44
2022-04-25,2667,2712,11563,190444276.14604,104212193.86293,237.8
2022-04-26,2684,2722,10969,182082994.58799,99969241.889553,237.02
2022-04-27,2690,2726,10269,188785300.47155,104278364.65293,238.35
2022-04-28,2698,2726,9791,194353970.4675,106595637.2808,240.91
2022-04-29,2712,2741,11008,193837602.92887,106331421.42364,237.28
2022-04-30,2719,2750,9601,192524267.00994,106492819.90893,235.12
2022-05-01,2721,2760,10341,194447258.58316,106820001.24099,240.22
2022-05-02,2725,2762,9890,196935872.51395,108820068.01779,244.67
2022-05-03,2727,2766,10642,195731455.01611,108199291.12861,247.54
2022-05-04,2740,2774,9221,205630681.05492,112642087.94069,253.09
2022-05-05,2752,2785,10242,188977290.57777,104422172.19655,247.71
2022-05-06,2778,0,6665,142250.80119936,43609.88176424,326.0
2022-05-07,2797,2816,5777,188108713.77379,105232949.25456,242.29
2022-05-08,2810,2824,12530,182905780.75615,102263313.32137,240.07
2022-05-09,2823,2830,15852,166434081.52617,90934732.257705,255.68
2022-05-10,2834,2836,13017,162257628.69833,90336300.515432,240.64
2022-05-11,2850,2815,14808,130808679.81162,66235307.680721,278.9
2022-05-12,2855,2822,10825,118930039.17105,61537574.087895,280.04
2022-05-13,2867,2823,8798,124229897.73441,64710243.206648,273.29
2022-05-14,2871,2829,10743,121024195.4534,63348219.187079,266.24
2022-05-15,2856,2831,8559,125894468.21594,65056925.315625,266.62
2022-05-16,2864,2835,9258,120926168.50467,63648751.303896,262.22
2022-05-17,2866,2834,9670,120998120.82142,63846109.852327,259.11
2022-05-18,2868,2836,11048,112923348.53869,60799198.872778,250.14
2022-05-19,2872,2835,11359,109041513.43876,59622110.399186,252.73
2022-05-20,2874,2831,14898,101720404.41787,55387564.254766,245.18
2022-05-21,2878,2835,10889,99775965.151972,54919915.194918,246.25
2022-05-22,2867,2842,9761,102407485.40767,55664033.592028,255.49
2022-05-23,2874,2843,10170,100112001.40924,55255565.486764,245.06
2022-05-24,2877,2838,11651,98492351.701701,54321622.578376,255.73
2022-05-25,2881,2838,11346,100521381.76146,54835173.824553,250.52
2022-05-26,2886,2844,13956,98401938.665599,53320391.917789,256.18
2022-05-27,2892,2837,14733,92540872.254948,49817559.231537,261.76
2022-05-28,2893,2843,11842,91610441.321017,48858349.233098,261.74
2022-05-29,2889,2846,11345,89165354.603635,46431597.586525,270.54
2022-05-30,2897,2848,9257,92564026.375102,46875578.826557,266.81
2022-05-31,2899,2849,9639,92382540.781066,47177903.167766,262.46
2022-06-01,2900,2846,11939,88805861.923152,45500879.269083,253.84
2022-06-02,2901,2849,11189,88419321.268512,45475377.575833,264.79
2022-06-03,2901,2849,11160,86644669.12171,44578390.698471,255.71
2022-06-04,2901,2849,10737,86555664.066024,44544733.723461,255.58
2022-06-05,2902,2849,10526,86499257.570586,44476866.177348,254.78
2022-06-06,2902,2847,9565,88452263.081392,44648505.269071,261.59
2022-06-07,2906,2847,12023,87905806.829222,44650526.347762,271.06
2022-06-08,2907,2851,11027,86663589.2146,44761289.838602,254.5
2022-06-09,2909,2850,10531,85644393.741178,43953360.025098,256.65
2022-06-10,2916,1694,11192,83490998.103434,43236404.452463,264.29
2022-06-10,2916,1694,11188,83490998.103434,43236404.452463,264.29
2022-06-11,2918,1696,12121,77900360.191855,39144192.813567,276.17
2022-06-11,2918,1696,12123,77900360.191855,39144192.813567,276.17
2022-06-12,2915,1679,13862,71060490.11745,36184133.798427,279.28
2022-06-13,2920,1660,13525,62148655.104136,30236258.159826,314.41
2022-06-13,2920,1660,13529,62148655.104136,30236258.159826,314.41
2022-06-14,2924,1489,10532,54136996.532683,27682279.605022,276.82
2022-06-14,2924,1489,10534,54136996.532683,27682279.605022,276.82
2022-06-15,2927,1428,10754,48675899.63759,24221431.07845,305.12
2022-06-15,2927,1428,10752,48675899.63759,24221431.07845,305.12
2022-06-16,2934,1421,9081,47622806.158055,23918505.632756,305.2
2022-06-16,2934,1421,9080,47622806.158055,23918505.632756,305.2
2022-06-17,2941,1422,4790,46729788.572837,23645466.985718,305.76
2022-06-18,2942,1386,9842,43477980.870813,21963420.105847,297.83
2022-06-18,2942,1386,9837,43477980.870813,21963420.105847,297.83
2022-06-19,2936,1380,7445,44787714.883305,22783739.22296,320.52
2022-06-20,2943,1378,6975,43865630.197618,22448627.252593,311.77
2022-06-21,2944,1367,7593,43425737.074323,22560652.443705,308.88
2022-06-22,2949,1376,8358,42323644.107173,22297088.431479,294.13
2022-06-23,2950,1371,7663,42568437.578543,22488391.608447,298.34
2022-06-24,2951,1366,8079,43065612.165997,22825980.07851,302.13
2022-06-25,2954,1367,7477,43234566.634229,22830572.37914,299.57
2022-06-26,2953,1364,7164,43093464.619496,22905613.071765,295.62
2022-06-27,2955,1366,7691,42853221.960469,22710624.050866,295.81
2022-06-28,2956,1371,7493,42458829.874642,22086822.410622,301.6
2022-06-29,2959,1366,7953,42145748.955743,22155652.465542,294.68
2022-06-30,2959,1357,9068,41353132.033647,22024198.270133,291.72
2022-07-01,2962,1349,7836,40978009.01832,21998508.959291,303.69
2022-07-02,2965,1331,8518,39649554.372871,21047130.341749,307.25
2022-07-03,2961,1319,8368,39398899.251045,20963352.396939,310.39
2022-07-04,2966,1310,7074,38142154.441358,19954549.756056,311.24
2022-07-05,2967,1306,7118,37587800.338143,19518958.311219,320.5
2022-07-06,2970,1330,7206,39646959.852888,20864752.24451,292.35
2022-07-07,2974,1343,7149,39969745.696598,20935986.556353,296.74
2022-07-08,2978,1362,6442,39943778.75878,20965768.672288,300.49
2022-07-09,2980,1362,6281,39813310.75241,21073831.067811,304.43
2022-07-10,2977,1365,6825,39151395.675321,20861062.764162,299.35
2022-07-11,2979,1368,7400,38861777.338355,20684891.816723,295.19
2022-07-12,2982,1369,7692,38061912.698543,20379483.016072,294.65
2022-07-13,2983,1364,7347,37033666.300151,19593712.794436,302.82
2022-07-14,2983,1360,7167,37217235.023642,19427252.402513,296.77
2022-07-15,2984,1362,6605,38043605.947929,20239410.690252,304.85
2022-07-16,2985,1370,6163,37918423.299271,20000339.749256,308.53
2022-07-17,2981,1372,5942,37419266.421427,19862393.85539,305.61
2022-07-18,2983,1372,6591,37752776.153053,19878736.758174,316.8
2022-07-19,2984,1363,6740,37127902.037859,19305923.816811,322.03
2022-07-20,2985,1362,7220,36567173.522052,19519006.11033,315.2
2022-07-21,2986,1359,7527,35322615.419214,18986512.465951,324.44
2022-07-22,2990,1365,6940,35307828.219917,18843390.676812,319.7
2022-07-23,2990,1367,6537,35191604.866749,18813986.122294,316.69
2022-07-24,2989,1369,6350,35375888.772411,18654145.791076,326.06
2022-07-25,2991,1369,7226,34344872.900613,18495082.038108,312.16
2022-07-26,2992,1364,7835,33505072.324823,17727219.124083,313.09
2022-07-27,2994,1358,7166,34557042.784167,18168817.444394,312.96
2022-07-28,2996,1348,6778,31993266.248654,16898989.609878,331.75
2022-07-29,2996,1319,6463,30976918.301448,16584359.392241,331.11
2022-07-30,2999,1328,5872,36147177.067751,19260304.776477,330.21
2022-07-31,2999,1325,6238,35711797.98214,19159868.133282,326.86
2022-08-01,3002,1338,7313,35836183.523269,19224488.361503,324.2
2022-08-02,3005,1336,7821,35664974.287166,19000400.882486,316.48
2022-08-03,3006,1332,8020,35381762.568825,19010343.630038,305.25
2022-08-04,3007,1305,9000,33872168.828016,18222972.470132,299.37
2022-08-05,3008,1296,7898,33943450.824492,18060465.544978,311.05
2022-08-06,3009,1289,7281,33355559.971873,17893827.372762,306.25
2022-08-07,3009,1282,7887,32864207.414105,17625860.683397,323.28
2022-08-08,3009,1274,7623,33074997.299745,17477286.634176,319.36
2022-08-09,3009,1267,8001,32110454.728723,16978779.511137,321.63
2022-08-10,3009,1264,8220,32479758.829484,17169075.238962,329.85
2022-08-11,3011,1265,7547,32356222.857261,16752065.871329,326.05
2022-08-12,3013,1265,7989,32447608.401028,16998751.265348,328.81
2022-08-13,3016,1270,7085,33073404.96594,17092147.557785,322.82
2022-08-14,3016,1265,7199,33019032.020141,17185303.201862,322.08
2022-08-15,3017,1270,8060,32557635.843811,17004972.681884,309.66
2022-08-16,3019,1270,8033,32584899.330854,16946041.579278,304.7
2022-08-17,3020,1268,8450,31752314.939123,16497478.51815,303.96
2022-08-18,3020,1265,7690,31624057.436175,16454365.880251,317.05
2022-08-19,3020,1259,9509,29439934.566239,15366689.00499,311.55
2022-08-20,3020,1259,7889,29668287.785461,15607202.471538,305.58
2022-08-21,3027,1274,7133,30986331.779846,16138378.565986,321.22
2022-08-22,3031,1282,7910,30985856.560031,16010202.360411,310.04
2022-08-23,3033,1289,6577,32145336.876963,16416471.439344,320.96
2022-08-24,3035,1297,6008,32565515.003431,16700155.700484,320.49
2022-08-25,3040,1300,5772,33293549.611585,17180882.925466,344.04
2022-08-26,3040,1301,6796,32014737.525949,16610288.858423,324.34
2022-08-27,3041,1295,5931,31370360.435849,16581565.361316,319.76
2022-08-28,3042,1299,6244,31312975.07203,16570832.997419,328.17
2022-08-29,3044,1306,6604,31648925.753384,16627711.483006,341.02
2022-08-30,3044,1309,6381,31516779.122449,16589567.347102,324.52
2022-08-31,3046,1316,5968,32214143.434553,16775905.84892,333.06
2022-09-01,3048,1322,6023,33491363.915525,17388752.788975,337.23
2022-09-02,3053,1358,6059,36661206.050417,18683082.850342,338.05
2022-09-03,3064,1386,5756,40235014.355673,20506162.774657,356.74
2022-09-04,3082,1421,5750,44282590.116306,22516082.585898,360.05
2022-09-05,3119,1556,6623,68113799.039897,35737398.824968,330.68
2022-09-06,3171,1709,17231,92740375.307691,52949408.426363,286.99
2022-09-07,3183,1689,17405,79122647.269329,45207521.444007,272.55
2022-09-08,3184,1635,10666,71778051.292932,41151255.438469,271.03
2022-09-09,3186,1610,5192,68370998.017059,38654162.375007,284.85
2022-09-10,3194,1612,9698,67796715.843224,38654032.859911,277.45
2022-09-11,3197,1608,22875,67002529.393599,38500637.624488,273.67
2022-09-12,3202,1620,22167,69290485.263701,39854154.797119,277.97
2022-09-13,3204,1625,23013,67591778.470804,39355764.458791,264.76
2022-09-14,3208,1661,23669,71686748.511045,42115251.631001,268.03
2022-09-15,3210,1673,21856,74152807.14305,43143177.588335,270.0
2022-09-16,3215,1683,23513,71814639.34516,42021098.167731,267.81
2022-09-17,3217,1686,23465,72021069.893256,42292866.268808,259.81
2022-09-18,3219,1682,25654,70628590.815994,41764169.677628,256.52
2022-09-19,3225,1678,28699,70906370.050475,41685055.894455,263.8
2022-09-20,3226,1676,25828,69441008.187191,40979925.709341,258.86
2022-09-21,3227,1669,23865,67178190.224964,39767992.711822,249.72
2022-09-22,3229,1664,19355,76297900.171363,40005833.243171,267.39
2022-09-23,3232,1665,16124,75927770.084272,39836029.76949,270.2
2022-09-24,3233,1663,15273,74368621.495939,39039129.94183,262.2
2022-09-25,3226,1653,16393,72785769.393696,38587340.775455,256.23
2022-09-26,0,0,1,0.0,0.0,0.0
2022-09-26,3227,1652,17524,70977010.87204,37777843.978993,251.23
2022-09-26,3234,1652,1,0.0,0.0,0.0
2022-09-27,3234,1653,16635,69858497.828037,37414642.491369,261.67
2022-09-28,3234,1635,18288,69706758.381515,37287044.657647,262.04
2022-09-29,3235,1636,16878,67675524.404337,36445685.507044,263.41
2022-09-30,3237,1633,16982,68610499.21155,37057818.38667,256.33
2022-10-01,3239,1633,17513,68778163.654652,37270607.120339,260.64
2022-10-02,3240,1639,18200,68562693.853508,37130628.347295,258.97
2022-10-03,3242,1645,18527,68439494.087105,37101888.712946,256.34
2022-10-04,3243,1640,17286,68920459.200909,37130744.681076,263.42
2022-10-05,3243,1641,16298,68033383.23423,36772987.54544,267.2
2022-10-06,3246,1638,15900,64038444.623807,34684839.186614,265.11
2022-10-07,3248,1631,16335,63115005.608218,34268928.362455,261.94
2022-10-08,3248,1635,16699,61359914.658958,33453955.549117,265.06
2022-10-09,3249,1625,16546,60550191.316486,32969530.7577,267.32
2022-10-10,3249,1616,16624,59392482.343164,32331918.971733,267.78
2022-10-11,3250,1609,17775,58553235.476556,31810356.216931,265.76
2022-10-12,3250,1604,16172,58837405.772064,31636327.840507,267.18
2022-10-13,3250,1596,15682,58164923.536237,31232478.284636,274.81
2022-10-14,3251,1603,14577,58435799.403977,31353191.38945,267.37
2022-10-15,3251,1599,14832,57605348.173279,31036449.699127,269.24
2022-10-16,3252,1594,14653,57539508.913378,30919816.802704,270.96
2022-10-17,3252,1592,14041,57581608.794301,30939472.026974,270.89
2022-10-18,3253,1591,14490,57095865.778511,30945386.182966,267.44
2022-10-19,3253,1589,15591,57205594.85378,30930166.791757,270.69
2022-10-20,3254,1586,15472,56470426.94015,30535224.946632,270.48
2022-10-21,3254,1583,15538,56151962.584951,30419363.771686,266.84
2022-10-22,3254,1580,15573,55235875.409355,29947190.848464,265.95
2022-10-23,3254,1578,15407,55514152.654982,29922854.313701,270.94
2022-10-24,3254,1577,14884,55023324.884693,29827612.189544,269.6
2022-10-25,3254,1563,15390,55109675.730305,29698047.622106,276.72
2022-10-26,3256,1558,13429,55245260.707,29559597.565572,276.48
2022-10-27,3257,1557,13238,54099820.076306,28974551.788408,271.16
2022-10-28,3257,1561,13382,52906543.414446,28366167.335731,274.72
2022-10-29,3257,1559,12652,52484642.995629,28074413.814831,276.26
2022-10-30,3258,1555,12833,52261417.623299,28025876.397272,270.14
2022-10-31,3260,1550,13724,51625295.501198,27607420.936676,269.71
2022-11-01,3260,1547,13065,50666082.501987,27225108.850024,278.92
2022-11-02,3260,1537,13053,42131577.317781,22592044.441676,270.26
2022-11-03,3261,1537,12694,41225867.15002,21932906.679082,272.31
2022-11-04,3261,1526,12181,41013787.658215,21684911.382783,289.07
2022-11-05,3261,1522,11675,40574293.356336,21513087.024007,283.24
2022-11-06,3261,1522,12141,40124692.939791,21339497.577994,285.83
2022-11-07,3263,1519,12801,39565223.007138,21183877.719616,288.8
2022-11-08,3266,1491,16170,38249409.050008,20406272.640243,293.19
2022-11-09,3268,1453,19294,35469856.452088,18725623.500488,303.91
2022-11-10,3271,1413,14938,34212486.798357,17818669.320783,311.06
2022-11-11,3274,1402,14122,33436217.885718,17693290.878206,304.77
2022-11-12,3274,1399,13230,33360388.950223,17656793.517542,295.42
2022-11-13,3274,1401,14095,33121826.528106,17583796.924609,297.23
2022-11-14,3275,1396,14012,33132756.961629,17492771.355014,290.68
2022-11-15,3276,1396,12764,33760822.435363,17713194.07846,297.67
2022-11-16,3277,1395,13227,33642875.385078,17766869.562351,284.84
2022-11-17,3278,1397,13045,33743970.483457,17812781.021372,283.34
2022-11-18,3280,1401,12751,33797953.208868,17849372.198233,281.78
2022-11-19,3286,1401,12777,33761241.461276,17861603.432256,286.99
2022-11-20,3296,1413,13064,33767221.798508,18008102.418041,279.64
2022-11-21,3303,1419,15011,33543088.350603,17889214.094228,280.25
2022-11-22,3304,1415,14523,33807119.509801,17970001.645303,290.09
2022-11-23,3305,1424,12850,34105890.028331,18084812.614161,283.31
2022-11-24,3305,1422,12809,33994567.833792,18089630.026343,282.29
2022-11-25,3311,1431,13001,34308307.547357,18194353.753252,282.21
2022-11-26,3311,1433,12075,34388916.369832,18239430.186224,282.2
2022-11-27,3314,1437,12370,34749628.396439,18308831.458852,279.93
2022-11-28,3317,1446,14442,34763987.522175,18236056.546849,278.66
2022-11-29,3318,1449,12637,34899844.248093,18314126.850198,288.01
2022-11-30,3320,1447,11704,34993773.873061,18396132.814883,289.01
2022-12-01,3322,1449,11723,34968125.403313,18349637.390316,281.7
2022-12-02,3324,1452,11751,34976089.292824,18373775.725717,274.83
2022-12-03,3325,1455,11600,34922030.368867,18424965.329086,273.34
2022-12-04,3325,1457,11490,35045033.23476,18434050.186908,275.64
2022-12-05,3325,1457,10959,35021923.229382,18404891.52157,270.56
2022-12-06,3327,1460,11001,35190712.188404,18394117.863285,274.11
2022-12-07,3329,1459,11193,35049322.253881,18343841.243917,275.69
2022-12-08,3330,1452,12536,35125052.737409,18178807.850838,282.96
2022-12-09,3330,1455,11909,35535337.023206,18538287.959863,288.84
2022-12-10,3331,1455,10547,35481576.485755,18507197.843161,289.55
2022-12-11,3331,1455,10557,35430054.347719,18532463.501687,289.16
2022-12-12,3332,1450,11586,35355361.369222,18514972.436425,287.99
2022-12-13,3333,1447,11318,35641108.580187,18627721.440431,293.41
2022-12-14,3333,1448,10403,35613583.036204,18574815.3134,292.66
2022-12-15,3333,1444,10721,35323879.019698,18406749.591132,292.38
2022-12-16,3333,1446,11683,34242231.381429,17962310.779796,292.97
2022-12-17,3334,1447,12119,33915833.09921,17897853.247256,286.11
2022-12-18,3337,1442,11822,33989208.099481,17914014.579607,275.04
2022-12-19,3339,1438,11715,33807369.484961,17812448.61228,282.55
2022-12-20,3340,1435,11706,33734786.606559,17709775.854643,280.19
2022-12-21,3340,1430,11599,33496455.245322,17689643.92973,286.57
2022-12-22,3340,1426,11903,33388254.744543,17515393.837594,286.13
2022-12-23,3340,1422,11328,33277117.82995,17549478.379825,283.23
2022-12-24,3340,1421,11717,33137101.579769,17512084.59638,282.79
2022-12-25,3340,1420,12051,33029398.427604,17462302.624312,283.21
2022-12-26,3340,1416,11804,32961385.998592,17443546.940489,281.88
2022-12-27,3340,1415,11887,33064311.988057,17454407.368462,284.63
2022-12-28,3340,1402,12529,32480841.258696,17141830.878895,279.27
2022-12-29,3341,1393,12722,31938058.556439,16848243.804949,273.08
2022-12-30,3341,1378,13061,31552217.302357,16642755.845814,279.13
2022-12-31,3341,1354,12707,30925342.504539,16333554.354797,279.25
2023-01-01,3341,1359,13054,29658350.645883,15743274.764118,279.44
2023-01-02,3341,1361,12455,29692912.394236,15736486.995366,280.48
2023-01-03,3343,1358,12361,29994748.990907,15796012.244756,281.35
2023-01-04,3344,1357,11836,30207303.605181,15893832.453458,281.22
2023-01-05,3344,1358,11567,29910894.309202,15655239.521542,275.74
2023-01-06,3345,1357,12029,29984189.357138,15775604.533929,289.9
2023-01-07,3347,1354,11868,29913430.01155,15762656.552781,296.6
2023-01-08,3347,1351,12277,29621898.494271,15684507.305716,295.67
2023-01-09,3347,1346,11338,29788299.017416,15608839.287323,285.89
2023-01-10,3347,1342,11183,29459714.10033,15519459.092269,285.49
2023-01-11,3347,1342,11513,29401707.867526,15613154.789812,296.0
2023-01-12,3347,1339,10397,30061742.689597,15798319.882564,292.63
2023-01-13,3347,1341,9873,30378397.12871,15894592.207599,294.76
2023-01-14,3349,1336,8350,30875635.447353,15941421.560509,302.95
2023-01-15,3351,1338,8575,30785304.975344,15923879.567347,301.93
2023-01-16,3352,1336,8835,30881339.069962,15930120.292644,304.89
2023-01-17,3352,1341,8715,30979478.201421,15999043.635768,305.77
2023-01-18,3352,1347,8893,31065110.117991,16160756.92081,300.96
2023-01-19,3353,1343,9147,31068202.713296,15974783.714399,305.82
2023-01-20,3353,1345,8528,31916737.736436,16272011.042044,310.42
2023-01-21,3353,1342,7314,32276632.728447,16445706.035964,311.93
2023-01-22,3352,1341,7776,32008652.033739,16523464.829449,306.97
2023-01-23,3353,1342,8100,32200790.950985,16611777.704339,309.53
2023-01-24,3353,1347,8148,32441340.878549,16780036.452696,306.15
2023-01-25,3357,1353,8201,33055363.028775,16947401.871639,310.96
2023-01-26,3359,1350,7954,32540879.147383,16738599.064647,310.92
2023-01-27,3360,1356,8382,32702842.756003,16869140.612481,309.97
2023-01-28,3361,1365,8521,33449051.238024,17297761.105991,299.65
2023-01-29,3362,1381,7844,35725653.727152,18291889.784628,307.86
2023-01-30,3364,1388,8220,35682243.58786,18349155.979911,301.49
2023-01-31,3373,1463,8852,41314693.438553,21252984.745223,296.99
2023-02-01,3381,1513,9621,44980658.394035,22960412.733007,295.65
2023-02-02,3387,34,10601,1749936.4968123,899333.20103074,228.69
2023-02-03,3396,1563,11287,57424938.729498,29874018.006138,292.15
2023-02-04,3398,1581,10447,59650031.469753,31114073.459825,289.42
2023-02-05,3406,1591,12550,58560685.956332,31004261.854783,276.08
2023-02-06,3409,1603,13170,59439589.711629,31312670.357263,279.6
2023-02-07,3412,1608,12707,67227078.293347,34992363.447856,280.44
2023-02-08,3416,1620,12458,64540397.74292,34373904.651442,276.42
2023-02-09,3418,1632,13782,64063608.890414,34253581.918931,276.94
2023-02-10,3422,1625,13198,64193659.371702,34209056.416179,268.45
2023-02-11,3422,1637,13089,65292929.526858,34734724.536653,270.28
2023-02-12,3425,1653,11475,66461475.371199,35614864.017413,267.12
2023-02-13,3433,1671,12696,66070483.287196,35788011.91655,262.92
2023-02-14,3435,1679,13060,66825525.661632,35910134.460068,264.68
2023-02-15,3437,1691,12351,69850549.52533,37127731.002553,274.42
2023-02-16,3439,1680,10627,69597948.132777,36672472.796834,283.24
2023-02-17,3439,1681,10922,69737034.297543,36775028.429345,283.45
2023-02-18,3440,1693,10834,71562477.64204,37901588.706487,282.05
2023-02-19,3437,1703,11148,72492485.040398,38435377.811607,280.15
2023-02-20,3441,1710,10979,73247265.35036,38875299.730814,283.69
2023-02-21,3443,1715,11458,73110431.411981,38799351.694922,279.18
2023-02-22,3447,1720,12219,72821448.153594,38967836.473289,277.28
2023-02-23,3449,1719,11750,72684922.428083,38744840.483671,285.66
2023-02-24,3450,1720,11956,72136990.12438,38584221.850905,282.91
2023-02-25,3450,1722,12080,72219771.842059,38541369.202637,281.38
