,DUSDBurnBot_DFIAmount,DUSDBurnBot_DUSDAmount,DUSDBurnBot_SumDUSDAmount
2022-10-07 10:00:00+00:00,-267.9044819,211.49573603,211.49573603
2022-10-07 11:00:00+00:00,-282.51745364,223.02475437,434.52049039999997
2022-10-07 12:00:00+00:00,-272.77547248,215.33039186,649.8508822599999
2022-10-07 13:00:00+00:00,-282.51745364,223.01410879,872.86499105
2022-10-07 14:00:00+00:00,-245.98502429,194.17391546,1067.0389065099998
2022-10-07 15:00:00+00:00,-287.38844422,228.3066657,1295.3455722099998
2022-10-07 16:00:00+00:00,-255.72700545,203.11167428,1498.4572464899998
2022-10-07 17:00:00+00:00,-289.82393951,230.2582631,1728.7155095899998
2022-10-07 18:00:00+00:00,-297.13042538,236.06457626,1964.7800858499998
2022-10-07 19:00:00+00:00,-284.95294893,226.38796347,2191.1680493199997
2022-10-07 20:00:00+00:00,-375.06627466,297.95402657,2489.12207589
2022-10-07 21:00:00+00:00,-299.56592067,237.99531778,2727.1173936699997
2022-10-07 22:00:00+00:00,-306.87240654,243.80156302,2970.9189566899995
2022-10-07 23:00:00+00:00,-284.95294893,226.38120503,3197.3001617199993
2022-10-08 00:00:00+00:00,-294.69493009,234.11882172,3431.4189834399995
2022-10-08 01:00:00+00:00,-306.87240654,243.78731536,3675.2062987999993
2022-10-08 02:00:00+00:00,-299.56592067,237.97776411,3913.1840629099993
2022-10-08 03:00:00+00:00,-306.87240654,243.7758806,4156.959943509999
2022-10-08 04:00:00+00:00,-338.53384531,268.91875897,4425.8787024799985
2022-10-08 05:00:00+00:00,-299.56592067,237.95857665,4663.837279129999
2022-10-08 06:00:00+00:00,-270.33997719,214.73785882,4878.575137949999
2022-10-08 07:00:00+00:00,-265.46898661,210.86603142,5089.4411693699985
2022-10-08 08:00:00+00:00,-331.22735944,263.09725769,5352.538427059999
2022-10-08 09:00:00+00:00,-311.25629814,247.22956326,5599.767990319999
2022-10-08 10:00:00+00:00,-374.0920768,297.12353967,5896.891529989999
2022-10-08 11:00:00+00:00,-286.4142463,227.48322109,6124.374751079999
2022-10-08 12:00:00+00:00,-306.87240675,243.72780377,6368.102554849999
2022-10-08 13:00:00+00:00,-377.01467115,299.80757054,6667.910125389999
2022-10-08 14:00:00+00:00,-327.3305672,260.30679071,6928.216916099999
2022-10-08 15:00:00+00:00,-336.09835025,267.26560119,7195.482517289999
2022-10-08 16:00:00+00:00,-368.2468881,292.8186599,7488.301177189999
2022-10-08 17:00:00+00:00,-350.711322,278.86807669,7767.169253879999
2022-10-08 18:00:00+00:00,-359.47910505,285.83391318,8053.003167059999
2022-10-08 19:00:00+00:00,-371.16948245,295.15427064,8348.1574377
2022-10-08 20:00:00+00:00,-350.711322,278.88157166,8627.03900936
2022-10-08 21:00:00+00:00,-368.2468881,292.90249343,8919.94150279
2022-10-08 22:00:00+00:00,-347.78872765,276.62047375,9196.561976539999
2022-10-08 23:00:00+00:00,-400.39542595,318.56994166,9515.131918199999
2022-10-09 00:00:00+00:00,-330.25316155,262.76215456,9777.894072759998
2022-10-09 01:00:00+00:00,-362.4016994,288.33623326,10066.23030602
2022-10-09 02:00:00+00:00,-415.0083977,330.18126603,10396.41157205
2022-10-09 03:00:00+00:00,-371.16948245,295.2930207,10691.70459275
2022-10-09 04:00:00+00:00,-353.63391635,281.33521437,10973.03980712
2022-10-09 05:00:00+00:00,-336.09835025,267.38180337,11240.42161049
2022-10-09 06:00:00+00:00,-292.259435,232.50067652,11472.92228701
2022-10-09 07:00:00+00:00,-298.1046237,237.144904,11710.06719101
2022-10-09 08:00:00+00:00,-318.56278415,253.42929886,11963.49648987
2022-10-09 09:00:00+00:00,-328.30476533,261.31842508,12224.81491495
2022-10-09 10:00:00+00:00,-511.4540115,407.08564824,12631.90056319
2022-10-09 11:00:00+00:00,-470.53769058,374.63865838,13006.53922157
2022-10-09 12:00:00+00:00,-330.74026077,263.79282344,13270.33204501
2022-10-09 13:00:00+00:00,-409.1632092,326.31421301,13596.64625802
2022-10-09 14:00:00+00:00,-439.85044989,350.92752668,13947.5737847
2022-10-09 15:00:00+00:00,-323.92087395,258.43576846,14206.00955316
2022-10-09 16:00:00+00:00,-415.98259602,331.87791985,14537.88747301
2022-10-09 17:00:00+00:00,-405.75351579,323.80768107,14861.69515408
2022-10-09 18:00:00+00:00,-313.69179372,250.34518115,15112.04033523
2022-10-09 19:00:00+00:00,-412.57290261,329.25743045,15441.29776568
2022-10-09 20:00:00+00:00,-398.93412897,318.16944731,15759.46721299
2022-10-09 21:00:00+00:00,-385.29535533,307.3253247,16066.792537689998
2022-10-09 22:00:00+00:00,-422.80198284,337.22774346,16404.02028115
2022-10-09 23:00:00+00:00,-422.80198284,337.22277272,16741.24305387
2022-10-10 00:00:00+00:00,-450.07953012,358.91635949,17100.159413359997
2022-10-10 01:00:00+00:00,-381.88566192,304.52606822,17404.685481579996
2022-10-10 02:00:00+00:00,-456.89891694,364.33281701,17769.018298589996
2022-10-10 03:00:00+00:00,-419.39228943,334.41282487,18103.431123459995
2022-10-10 04:00:00+00:00,-473.94738399,377.90113846,18481.332261919997
2022-10-10 05:00:00+00:00,-422.80198284,337.10433658,18818.436598499997
2022-10-10 06:00:00+00:00,-368.24688828,293.63795803,19112.07455653
2022-10-10 07:00:00+00:00,-392.11474215,312.66535933,19424.73991586
2022-10-10 08:00:00+00:00,-415.98259602,331.68950763,19756.429423489997
2022-10-10 09:00:00+00:00,-323.92087395,258.27881457,20014.708238059997
2022-10-10 10:00:00+00:00,-429.13427075,342.1434525,20356.851690559997
2022-10-10 11:00:00+00:00,-401.36962441,320.03407851,20676.88576907
2022-10-10 12:00:00+00:00,-483.20226628,385.89662534,21062.78239441
2022-10-10 13:00:00+00:00,-413.06000182,330.49231216,21393.27470657
2022-10-10 14:00:00+00:00,-514.37660604,411.62469096,21804.89939753
2022-10-10 15:00:00+00:00,-424.75037923,339.9770759,22144.87647343
2022-10-10 16:00:00+00:00,-561.13811568,449.13950246,22594.015975889997
2022-10-10 17:00:00+00:00,-557.24132321,445.96510843,23039.981084319996
2022-10-10 18:00:00+00:00,-452.02792652,361.77822556,23401.759309879995
2022-10-10 19:00:00+00:00,-436.44075664,349.3314175,23751.090727379997
2022-10-10 20:00:00+00:00,-483.20226628,386.45534981,24137.546077189996
2022-10-10 21:00:00+00:00,-494.89264369,395.73783953,24533.283916719996
2022-10-10 22:00:00+00:00,-467.6150964,373.90673968,24907.190656399995
2022-10-10 23:00:00+00:00,-475.40868134,380.11629929,25287.306955689994
2022-10-11 00:00:00+00:00,-490.99585122,392.56565632,25679.872612009993
2022-10-11 01:00:00+00:00,-428.6471717,343.954052,26023.826664009994
2022-10-11 02:00:00+00:00,-459.82151146,368.95710212,26392.783766129993
2022-10-11 03:00:00+00:00,-467.6150964,375.1981735,26767.981939629994
2022-10-11 04:00:00+00:00,-401.36962441,322.03795071,27090.019890339994
2022-10-11 05:00:00+00:00,-448.13113405,359.54518736,27449.565077699994
2022-10-11 06:00:00+00:00,-514.37660604,412.65806956,27862.223147259992
2022-10-11 07:00:00+00:00,-529.96377592,425.14411896,28287.367266219993
2022-10-11 08:00:00+00:00,-397.47283194,318.84793569,28606.215201909992
2022-10-11 09:00:00+00:00,-502.68622863,405.28247275,29011.497674659993
2022-10-11 10:00:00+00:00,-502.68622877,405.27196913,29416.769643789994
2022-10-11 11:00:00+00:00,-596.20924808,480.72196019,29897.491603979994
2022-10-11 12:00:00+00:00,-442.77304453,357.00961426,30254.501218239995
2022-10-11 13:00:00+00:00,-609.36092267,491.37561753,30745.876835769996
2022-10-11 14:00:00+00:00,-587.44146502,473.67022266,31219.547058429995
2022-10-11 15:00:00+00:00,-504.14752595,406.4853293,31626.032387729996
2022-10-11 16:00:00+00:00,-534.83476666,431.4781281,32057.510515829996
2022-10-11 17:00:00+00:00,-490.99585136,396.23608426,32453.746600089995
2022-10-11 18:00:00+00:00,-473.46028524,381.95441339,32835.70101347999
2022-10-11 19:00:00+00:00,-499.76363442,403.18921181,33238.89022528999
2022-10-11 20:00:00+00:00,-521.68309207,420.85546882,33659.745694109995
2022-10-11 21:00:00+00:00,-473.46028524,381.92004419,34041.6657383
2022-10-11 22:00:00+00:00,-499.76363442,402.96807996,34444.63381826
2022-10-11 23:00:00+00:00,-512.91530901,413.55697212,34858.19079038
2022-10-12 00:00:00+00:00,-512.91530901,413.54119027,35271.73198065
2022-10-12 01:00:00+00:00,-499.76363442,402.93251892,35674.664499570004
2022-10-12 02:00:00+00:00,-451.54082759,364.03753311,36038.702032680005
2022-10-12 03:00:00+00:00,-587.44146502,473.80747015,36512.509502830006
2022-10-12 04:00:00+00:00,-451.54082759,364.2217783,36876.73128113001
2022-10-12 05:00:00+00:00,-561.13811584,452.60740591,37329.338687040006
2022-10-12 06:00:00+00:00,-635.66427185,512.67436736,37842.013054400006
2022-10-12 07:00:00+00:00,-534.83476666,431.33772194,38273.350776340005
2022-10-12 08:00:00+00:00,-569.9058989,459.548504,38732.89928034
2022-10-12 09:00:00+00:00,-517.29920054,417.17760884,39150.07688918
2022-10-12 10:00:00+00:00,-635.66427081,512.6118644,39662.688753580005
2022-10-12 11:00:00+00:00,-633.2287754,510.62437974,40173.31313332001
2022-10-12 12:00:00+00:00,-623.48679424,502.74435542,40676.05748874001
2022-10-12 13:00:00+00:00,-584.5188696,471.29918759,41147.356676330004
2022-10-12 14:00:00+00:00,-496.84103916,400.58730514,41547.94398147
2022-10-12 15:00:00+00:00,-628.35778482,506.58792587,42054.53190734
2022-10-12 16:00:00+00:00,-613.74481308,494.86243617,42549.39434351
2022-10-12 17:00:00+00:00,-535.8089638,432.60824253,42982.00258604
2022-10-12 18:00:00+00:00,-594.26085076,479.81143683,43461.81402287
2022-10-12 19:00:00+00:00,-623.48679424,504.20550416,43966.01952703
2022-10-12 20:00:00+00:00,-604.00283192,489.06546455,44455.084991580006
2022-10-12 21:00:00+00:00,-511.4540109,414.10872328,44869.193714860005
2022-10-12 22:00:00+00:00,-642.97075656,523.33212886,45392.52584372
2022-10-12 23:00:00+00:00,-530.93797322,432.12667562,45824.65251934
2022-10-13 00:00:00+00:00,-628.35778482,511.41555891,46336.06807825
2022-10-13 01:00:00+00:00,-526.06698264,428.14309011,46764.21116836
2022-10-13 02:00:00+00:00,-560.1639167,455.87588948,47220.08705784
2022-10-13 03:00:00+00:00,-467.61509568,381.2895528,47601.37661064
2022-10-13 04:00:00+00:00,-569.90589786,464.69359589,48066.07020653
2022-10-13 05:00:00+00:00,-491.97004858,401.13167941,48467.20188594
2022-10-13 06:00:00+00:00,-521.19599206,424.97238889,48892.174274829995
2022-10-13 07:00:00+00:00,-604.00283192,492.47188074,49384.64615556999
2022-10-13 08:00:00+00:00,-652.71273772,532.15423812,49916.80039368999
2022-10-13 09:00:00+00:00,-613.74481308,500.35513341,50417.15552709999
2022-10-13 10:00:00+00:00,-665.86441246,542.99994405,50960.15547114999
2022-10-13 11:00:00+00:00,-664.40311536,541.76686954,51501.92234068999
2022-10-13 12:00:00+00:00,-637.61266716,520.25427802,52022.17661870999
2022-10-13 13:00:00+00:00,-562.5994122,459.03013464,52481.206753349994
2022-10-13 14:00:00+00:00,-766.20681852,625.01208695,53106.2188403
2022-10-13 15:00:00+00:00,-766.20681852,624.965382,53731.1842223
2022-10-13 16:00:00+00:00,-685.83547392,559.37784874,54290.562071039996
2022-10-13 17:00:00+00:00,-717.98401176,585.55084272,54876.11291375999
2022-10-13 18:00:00+00:00,-562.5994122,458.80532735,55334.91824110999
2022-10-13 19:00:00+00:00,-669.761205,546.31751226,55881.23575336999
2022-10-13 20:00:00+00:00,-632.25457752,515.65736955,56396.89312291999
2022-10-13 21:00:00+00:00,-621.53839824,506.95027304,56903.843395959986
2022-10-13 22:00:00+00:00,-557.24132256,453.49734981,57357.34074576999
2022-10-13 23:00:00+00:00,-664.40311536,543.28684491,57900.627590679986
2022-10-14 00:00:00+00:00,-589.3898604,481.9255663,58382.553156979986
2022-10-14 01:00:00+00:00,-594.74795004,486.28572324,58868.838880219984
2022-10-14 02:00:00+00:00,-610.82221896,499.40720193,59368.246082149984
2022-10-14 03:00:00+00:00,-717.98401176,587.00202082,59955.248102969985
2022-10-14 04:00:00+00:00,-642.9707568,525.64625424,60480.89435720998
2022-10-14 05:00:00+00:00,-605.46412932,494.96025876,60975.85461596998
2022-10-14 06:00:00+00:00,-648.32884644,529.9761325,61505.83074846998
2022-10-14 07:00:00+00:00,-546.52514328,446.73591665,61952.566665119986
2022-10-14 08:00:00+00:00,-766.20681852,626.33465799,62578.90132310999
2022-10-14 09:00:00+00:00,-584.03177076,477.39291651,63056.29423961999
2022-10-14 10:00:00+00:00,-769.61651212,629.30087573,63685.595115349985
2022-10-14 11:00:00+00:00,-759.874531,621.28858537,64306.88370071998
2022-10-14 12:00:00+00:00,-678.0418892,554.36422881,64861.247929529985
2022-10-14 13:00:00+00:00,-759.874531,621.20930121,65482.45723073999
2022-10-14 14:00:00+00:00,-800.7908519,654.64614984,66137.10338057998
2022-10-14 15:00:00+00:00,-520.2217943,425.35798359,66562.46136416998
2022-10-14 16:00:00+00:00,-812.4812293,664.28745109,67226.74881525998
2022-10-14 17:00:00+00:00,-613.7448135,501.87139536,67728.62021061998
2022-10-14 18:00:00+00:00,-678.0418892,554.418129,68283.03833961998
2022-10-14 19:00:00+00:00,-789.1004745,645.19357521,68928.23191482997
2022-10-14 20:00:00+00:00,-859.2427389,702.49977361,69630.73168843998
2022-10-14 21:00:00+00:00,-683.8870779,559.1496264,70189.88131483998
2022-10-14 22:00:00+00:00,-642.970757,525.66725526,70715.54857009999
2022-10-14 23:00:00+00:00,-625.4351909,511.30734127,71226.85591136999
2022-10-15 00:00:00+00:00,-613.7448135,501.72654379,71728.58245516
2022-10-15 01:00:00+00:00,-625.4351909,511.27943002,72239.86188518
2022-10-15 02:00:00+00:00,-707.2678327,578.15735374,72818.01923892
2022-10-15 03:00:00+00:00,-678.0418892,554.23752778,73372.2567667
2022-10-15 04:00:00+00:00,-654.6611344,535.09975926,73907.35652596
2022-10-15 05:00:00+00:00,-800.7908519,654.5051438,74561.86166976
2022-10-15 06:00:00+00:00,-701.422644,573.25728295,75135.11895270999
2022-10-15 07:00:00+00:00,-713.1130214,582.78084986,75717.89980257
2022-10-15 08:00:00+00:00,-742.3389649,606.63671662,76324.53651919
2022-10-15 09:00:00+00:00,-590.3640587,482.43931418,76806.97583337
2022-10-15 10:00:00+00:00,-809.55863512,661.52638677,77468.50222014
2022-10-15 11:00:00+00:00,-715.54851688,584.71130133,78053.21352147
2022-10-15 12:00:00+00:00,-690.21936584,563.96926445,78617.18278592
2022-10-15 13:00:00+00:00,-696.5516536,569.11188111,79186.29466703
2022-10-15 14:00:00+00:00,-734.54538016,600.12332259,79786.41798962001
2022-10-15 15:00:00+00:00,-753.54224344,615.60745126,80402.02544088001
2022-10-15 16:00:00+00:00,-886.5202864,724.20840128,81126.23384216001
2022-10-15 17:00:00+00:00,-728.2130924,594.88778417,81721.12162633002
2022-10-15 18:00:00+00:00,-715.54851688,584.50593228,82305.62755861001
2022-10-15 19:00:00+00:00,-905.51714968,739.62114786,83045.24870647001
2022-10-15 20:00:00+00:00,-829.52969656,677.51099611,83722.75970258
2022-10-15 21:00:00+00:00,-747.20995568,610.243156,84333.00285858
2022-10-15 22:00:00+00:00,-734.54538016,599.73970508,84932.74256366001
2022-10-15 23:00:00+00:00,-810.53283328,661.83244696,85594.57501062001
2022-10-16 00:00:00+00:00,-753.54224344,615.26417927,86209.83918989002
2022-10-16 01:00:00+00:00,-759.8745312,620.39748829,86830.23667818001
2022-10-16 02:00:00+00:00,-702.88394136,573.83526127,87404.07193945
2022-10-16 03:00:00+00:00,-728.2130924,594.48158968,87998.55352913
2022-10-16 04:00:00+00:00,-728.2130924,594.45216959,88593.00569872001
2022-10-16 05:00:00+00:00,-728.2130924,594.4290349,89187.43473362
2022-10-16 06:00:00+00:00,-842.19427208,687.42376462,89874.85849824
2022-10-16 07:00:00+00:00,-652.22563928,532.3517083,90407.21020654001
2022-10-16 08:00:00+00:00,-614.23191272,501.51716544,90908.72737198001
2022-10-16 09:00:00+00:00,-785.20368224,640.59576452,91549.32313650001
2022-10-16 10:00:00+00:00,-764.25842282,623.46273333,92172.78586983001
2022-10-16 11:00:00+00:00,-695.57745564,567.41695502,92740.20282485001
2022-10-16 12:00:00+00:00,-825.14580522,673.07091901,93413.27374386002
2022-10-16 13:00:00+00:00,-688.75806882,561.7544293,93975.02817316001
2022-10-16 14:00:00+00:00,-886.5202866,723.01344118,94698.04161434
2022-10-16 15:00:00+00:00,-886.5202866,722.94766437,95420.98927871001
2022-10-16 16:00:00+00:00,-825.14580522,673.83113067,96094.82040938002
2022-10-16 17:00:00+00:00,-927.43660752,757.3220605,96852.14246988001
2022-10-16 18:00:00+00:00,-825.14580522,673.96905534,97526.11152522001
2022-10-16 19:00:00+00:00,-927.43660752,757.61826789,98283.72979311
2022-10-16 20:00:00+00:00,-818.3264184,668.48552167,98952.21531478
2022-10-16 21:00:00+00:00,-947.89476798,774.27752184,99726.49283662
2022-10-16 22:00:00+00:00,-825.14580522,673.96993784,100400.46277446
2022-10-16 23:00:00+00:00,-920.6172207,751.90623882,101152.36901328
2022-10-17 00:00:00+00:00,-818.3264184,668.34260458,101820.71161786
2022-10-17 01:00:00+00:00,-947.89476798,774.11269656,102594.82431442
2022-10-17 02:00:00+00:00,-859.24273932,701.68895095,103296.51326537
2022-10-17 03:00:00+00:00,-818.3264184,668.23161122,103964.74487659
2022-10-17 04:00:00+00:00,-825.14580522,673.75847297,104638.50334956001
2022-10-17 05:00:00+00:00,-743.31316338,606.90428516,105245.40763472
2022-10-17 06:00:00+00:00,-654.66113472,534.49073545,105779.89837017
2022-10-17 07:00:00+00:00,-695.57745564,567.86039271,106347.75876288001
2022-10-17 08:00:00+00:00,-872.88151296,712.57229728,107060.33106016001
2022-10-17 09:00:00+00:00,-920.6172207,751.58101665,107811.91207681001
2022-10-17 10:00:00+00:00,-842.68137254,687.92776497,108499.83984178
2022-10-17 11:00:00+00:00,-847.55236324,691.8458863,109191.68572808
2022-10-17 12:00:00+00:00,-825.63290557,674.15855655,109865.84428463
2022-10-17 13:00:00+00:00,-759.87453256,620.20470968,110486.04899431
2022-10-17 14:00:00+00:00,-774.48750434,632.90425515,111118.95324946
2022-10-17 15:00:00+00:00,-942.53667981,770.15956945,111889.11281891
2022-10-17 16:00:00+00:00,-1052.13396816,859.65342854,112748.76624745
2022-10-17 17:00:00+00:00,-854.85884913,698.41353614,113447.17978358999
2022-10-17 18:00:00+00:00,-1030.21451049,841.66252737,114288.84231096
2022-10-17 19:00:00+00:00,-913.31073625,746.07101977,115034.91333072999
2022-10-17 20:00:00+00:00,-927.92370803,757.93082671,115792.84415743999
2022-10-17 21:00:00+00:00,-942.53667981,769.80612183,116562.65027926999
2022-10-17 22:00:00+00:00,-986.37559515,805.55335119,117368.20363045999
2022-10-17 23:00:00+00:00,-862.16533502,704.05930468,118072.26293514
2022-10-18 00:00:00+00:00,-884.08479269,721.90195818,118794.16489331999
2022-10-18 01:00:00+00:00,-672.19670188,548.84395757,119343.00885089
2022-10-18 02:00:00+00:00,-708.72913133,578.46283974,119921.47169062999
2022-10-18 03:00:00+00:00,-803.7134479,656.37791713,120577.84960775998
2022-10-18 04:00:00+00:00,-664.89021599,542.97166401,121120.82127176998
2022-10-18 05:00:00+00:00,-796.40696201,650.32335104,121771.14462280998
2022-10-18 06:00:00+00:00,-789.10047612,644.30619651,122415.45081931999
2022-10-18 07:00:00+00:00,-891.39127858,727.7722411,123143.22306041999
2022-10-18 08:00:00+00:00,-912.53873245,744.97264417,123888.19570458999
2022-10-18 09:00:00+00:00,-984.39217595,803.6045916,124691.80029618999
2022-10-18 10:00:00+00:00,-804.7585672,656.89523172,125348.69552791
2022-10-18 11:00:00+00:00,-890.9826994,727.33245884,126076.02798674999
2022-10-18 12:00:00+00:00,-869.42666635,709.69136394,126785.71935069
2022-10-18 13:00:00+00:00,-869.42666635,709.63738516,127495.35673584999
2022-10-18 14:00:00+00:00,-962.8361429,785.82996579,128281.18670163999
2022-10-18 15:00:00+00:00,-898.16804375,732.99880606,129014.1855077
2022-10-18 16:00:00+00:00,-1070.61630815,873.62327729,129887.80878498999
2022-10-18 17:00:00+00:00,-869.42666635,709.40705536,130597.21584034999
2022-10-18 18:00:00+00:00,-869.42666635,709.72253504,131306.93837539
2022-10-18 19:00:00+00:00,-682.60771325,556.96971606,131863.90809145
2022-10-18 20:00:00+00:00,-790.3878785,644.93241075,132508.8405022
2022-10-18 21:00:00+00:00,-826.31460025,674.97422196,133183.81472416
2022-10-18 22:00:00+00:00,-704.1637463,575.15769139,133758.97241555
2022-10-18 23:00:00+00:00,-977.2068316,798.50367099,134557.47608654
2022-10-19 00:00:00+00:00,-790.3878785,645.81069061,135203.28677715
2022-10-19 01:00:00+00:00,-876.6120107,717.12005905,135920.4068362
2022-10-19 02:00:00+00:00,-819.1292559,670.03957131,136590.44640751
2022-10-19 03:00:00+00:00,-919.7240768,752.27300435,137342.71941186
2022-10-19 04:00:00+00:00,-1063.4309638,869.74705509,138212.46646695
2022-10-19 05:00:00+00:00,-776.0171898,634.62980609,138847.09627304
2022-10-19 06:00:00+00:00,-905.3533881,740.33022124,139587.42649428
2022-10-19 07:00:00+00:00,-919.7240768,752.02299204,140339.44948632
2022-10-19 08:00:00+00:00,-1049.0602751,857.98788772,141197.43737404
2022-10-19 09:00:00+00:00,-898.16804375,734.60474335,141932.04211739
2022-10-19 10:00:00+00:00,-926.90942115,758.04993089,142690.09204828
2022-10-19 11:00:00+00:00,-869.42666635,711.0572923,143401.14934057998
2022-10-19 12:00:00+00:00,-797.57322285,652.22293334,144053.37227392
2022-10-19 13:00:00+00:00,-840.68528895,687.44620407,144740.81847799
2022-10-19 14:00:00+00:00,-747.2758124,611.04036873,145351.85884672
2022-10-19 15:00:00+00:00,-912.53873245,746.10275786,146097.96160458
2022-10-19 16:00:00+00:00,-833.4999446,681.5168645,146779.47846908
2022-10-19 17:00:00+00:00,-754.46115675,617.23010241,147396.70857149
2022-10-19 18:00:00+00:00,-718.534435,587.79523705,147984.50380854
2022-10-19 19:00:00+00:00,-761.6465011,622.93302925,148607.43683779
2022-10-19 20:00:00+00:00,-826.31460025,675.73035512,149283.16719291
2022-10-19 21:00:00+00:00,-840.68528895,687.2594389,149970.42663181
2022-10-19 22:00:00+00:00,-847.8706333,693.12538039,150663.5520122
2022-10-19 23:00:00+00:00,-855.05597765,698.97315537,151362.52516757
2022-10-20 00:00:00+00:00,-768.83184545,628.43985976,151990.96502733
2022-10-20 01:00:00+00:00,-955.65079855,781.08235988,152772.04738721
2022-10-20 02:00:00+00:00,-847.8706333,692.93828359,153464.9856708
2022-10-20 03:00:00+00:00,-833.4999446,681.14634024,154146.13201104
2022-10-20 04:00:00+00:00,-862.241322,704.58116777,154850.71317881
2022-10-20 05:00:00+00:00,-1056.24561945,863.04378075,155713.75695956
2022-10-20 06:00:00+00:00,-876.6120107,716.20994694,156429.96690650002
2022-10-20 07:00:00+00:00,-1070.61630815,874.84794025,157304.81484675003
2022-10-20 08:00:00+00:00,-905.3533881,739.74500242,158044.55984917004
2022-10-20 09:00:00+00:00,-991.5775203,810.57936516,158855.13921433003
2022-10-20 10:00:00+00:00,-632.3103028,516.83207587,159371.97129020005
2022-10-20 11:00:00+00:00,-826.31460025,675.97746898,160047.94875918006
2022-10-20 12:00:00+00:00,-668.23702455,546.621897,160594.57065618006
2022-10-20 13:00:00+00:00,-840.68528895,687.63990418,161282.21056036005
2022-10-20 14:00:00+00:00,-811.94391155,664.08397899,161946.29453935006
2022-10-20 15:00:00+00:00,-804.7585672,658.16146901,162604.45600836005
2022-10-20 16:00:00+00:00,-941.28010985,769.73596914,163374.19197750004
2022-10-20 17:00:00+00:00,-926.90942115,757.87111692,164132.06309442004
2022-10-20 18:00:00+00:00,-847.8706333,693.2272495,164825.29034392003
2022-10-20 19:00:00+00:00,-934.0947655,763.65585542,165588.94619934002
2022-10-20 20:00:00+00:00,-776.0171898,634.37828913,166223.32448847
2022-10-20 21:00:00+00:00,-826.31460025,675.4442025,166898.76869097
2022-10-20 22:00:00+00:00,-919.7240768,751.26378807,167650.03247904
2022-10-20 23:00:00+00:00,-898.16804375,733.61806677,168383.65054581
2022-10-21 00:00:00+00:00,-826.31460025,674.85924027,169058.50978608
2022-10-21 01:00:00+00:00,-970.02148725,792.15891682,169850.66870289997
2022-10-21 02:00:00+00:00,-1027.50424205,839.03341401,170689.70211690996
2022-10-21 03:00:00+00:00,-804.7585672,657.09601706,171346.79813396995
2022-10-21 04:00:00+00:00,-1005.948209,821.40667842,172168.20481238994
2022-10-21 05:00:00+00:00,-970.02148725,791.57929326,172959.78410564995
2022-10-21 06:00:00+00:00,-704.1637463,574.58377857,173534.36788421994
2022-10-21 07:00:00+00:00,-876.6120107,715.53093677,174249.89882098994
2022-10-21 08:00:00+00:00,-826.31460025,674.42698733,174924.32580831993
2022-10-21 09:00:00+00:00,-883.79735505,721.25108702,175645.57689533994
2022-10-21 10:00:00+00:00,-790.3878785,645.16110514,176290.73800047993
2022-10-21 11:00:00+00:00,-840.68528895,686.35336364,176977.09136411993
2022-10-21 12:00:00+00:00,-883.79735505,721.48865097,177698.58001508992
2022-10-21 13:00:00+00:00,-970.02148725,790.72012395,178489.30013903993
2022-10-21 14:00:00+00:00,-898.16804375,732.34315506,179221.64329409992
2022-10-21 15:00:00+00:00,-862.241322,703.02853803,179924.6718321299
2022-10-21 16:00:00+00:00,-811.94391155,661.92966844,180586.6015005699
2022-10-21 17:00:00+00:00,-869.42666635,708.79373819,181295.3952387599
2022-10-21 18:00:00+00:00,-890.9826994,726.45611246,182021.8513512199
2022-10-21 19:00:00+00:00,-711.34909065,579.7397439,182601.5910951199
2022-10-21 20:00:00+00:00,-747.2758124,608.9587515,183210.5498466199
2022-10-21 21:00:00+00:00,-876.6120107,714.30493039,183924.8547770099
2022-10-21 22:00:00+00:00,-653.86633585,532.76085173,184457.6156287399
2022-10-21 23:00:00+00:00,-890.9826994,725.91479458,185183.5304233199
2022-10-22 00:00:00+00:00,-833.4999446,679.02399407,185862.5544173899
2022-10-22 01:00:00+00:00,-776.0171898,632.14721561,186494.7016329999
2022-10-22 02:00:00+00:00,-740.09046805,603.11236106,187097.8139940599
2022-10-22 03:00:00+00:00,-754.46115675,614.78661901,187712.6006130699
2022-10-22 04:00:00+00:00,-811.94391155,661.58062475,188374.1812378199
2022-10-22 05:00:00+00:00,-847.8706333,690.80810995,189064.9893477699
2022-10-22 06:00:00+00:00,-1020.3188977,831.20691548,189896.1962632499
2022-10-22 07:00:00+00:00,-840.68528895,684.84814735,190581.04441059992
2022-10-22 08:00:00+00:00,-804.7585672,655.53430534,191236.57871593992
2022-10-22 09:00:00+00:00,-984.39217595,801.91498238,192038.49369831991
2022-10-22 10:00:00+00:00,-883.79735505,719.90309534,192758.39679365992
2022-10-22 11:00:00+00:00,-869.42666635,708.15386174,193466.55065539991
2022-10-22 12:00:00+00:00,-1005.948209,819.26059237,194285.81124776992
2022-10-22 13:00:00+00:00,-955.65079855,778.22265377,195064.03390153992
2022-10-22 14:00:00+00:00,-689.7930576,561.68706756,195625.72096909993
2022-10-22 15:00:00+00:00,-876.6120107,713.76489922,196339.48586831993
2022-10-22 16:00:00+00:00,-955.65079855,778.11636383,197117.60223214992
2022-10-22 17:00:00+00:00,-1070.61630815,871.29621775,197988.89844989992
2022-10-22 18:00:00+00:00,-1005.948209,819.01701062,198807.91546051993
2022-10-22 19:00:00+00:00,-926.90942115,748.67826319,199556.59372370993
2022-10-22 20:00:00+00:00,-833.4999446,673.16681773,200229.76054143993
2022-10-22 21:00:00+00:00,-948.4654542,765.95676406,200995.71730549994
2022-10-22 22:00:00+00:00,-740.09046805,597.6344228,201593.35172829995
2022-10-22 23:00:00+00:00,-811.94391155,655.61295729,202248.96468558995
2022-10-23 00:00:00+00:00,-941.28010985,759.98993102,203008.95461660996
2022-10-23 01:00:00+00:00,-768.83184545,620.69405228,203629.64866888997
2022-10-23 02:00:00+00:00,-768.83184545,620.65529239,204250.30396127998
2022-10-23 03:00:00+00:00,-811.94391155,655.41611536,204905.72007664
2022-10-23 04:00:00+00:00,-862.241322,695.96951115,205601.68958779
2022-10-23 05:00:00+00:00,-847.8706333,684.32238218,206286.01196997
2022-10-23 06:00:00+00:00,-898.16804375,724.86883836,207010.88080833
2022-10-23 07:00:00+00:00,-862.241322,695.8259188,207706.70672713
2022-10-23 08:00:00+00:00,-991.5775203,800.12030422,208506.82703135
2022-10-23 09:00:00+00:00,-912.53873245,736.38396004,209243.21099139
2022-10-23 10:00:00+00:00,-1005.948209,812.02419436,210055.23518575
2022-10-23 11:00:00+00:00,-898.16804375,724.93119281,210780.16637856
2022-10-23 12:00:00+00:00,-847.8706333,684.31514894,211464.4815275
2022-10-23 13:00:00+00:00,-883.79735505,713.40737404,212177.88890154
2022-10-23 14:00:00+00:00,-847.8706333,684.34892292,212862.23782446
2022-10-23 15:00:00+00:00,-761.6465011,614.71442253,213476.95224699
2022-10-23 16:00:00+00:00,-905.3533881,727.7391421,214204.69138909
2022-10-23 17:00:00+00:00,-761.6465011,612.18692652,214816.87831561
2022-10-23 18:00:00+00:00,-890.9826994,716.13323885,215533.01155445998
2022-10-23 19:00:00+00:00,-934.0947655,750.72697505,216283.73852950998
2022-10-23 20:00:00+00:00,-833.4999446,669.81536488,216953.55389438997
2022-10-23 21:00:00+00:00,-926.90942115,744.8301655,217698.38405988997
2022-10-23 22:00:00+00:00,-883.79735505,710.13224359,218408.51630347996
2022-10-23 23:00:00+00:00,-768.83184545,617.60034225,219026.11664572996
2022-10-24 00:00:00+00:00,-840.68528895,675.27284309,219701.38948881996
2022-10-24 01:00:00+00:00,-811.94391155,652.1519523,220353.54144111995
2022-10-24 02:00:00+00:00,-898.16804375,721.34963881,221074.89107992995
2022-10-24 03:00:00+00:00,-876.6120107,703.98557457,221778.87665449994
2022-10-24 04:00:00+00:00,-718.534435,576.97076648,222355.84742097993
2022-10-24 05:00:00+00:00,-761.6465011,611.55405294,222967.40147391992
2022-10-24 06:00:00+00:00,-919.7240768,738.51974967,223705.92122358992
2022-10-24 07:00:00+00:00,-991.5775203,796.22628909,224502.14751267992
2022-10-24 08:00:00+00:00,-819.1292559,657.74004416,225159.8875568399
2022-10-24 09:00:00+00:00,-898.16804375,721.1927627,225881.0803195399
2022-10-24 10:00:00+00:00,-862.241322,692.2924012,226573.3727207399
2022-10-24 11:00:00+00:00,-977.2068316,784.5107955,227357.8835162399
2022-10-24 12:00:00+00:00,-804.7585672,646.01878406,228003.9023002999
2022-10-24 13:00:00+00:00,-811.94391155,651.74665014,228655.6489504399
2022-10-24 14:00:00+00:00,-855.05597765,685.84690126,229341.4958516999
2022-10-24 15:00:00+00:00,-855.05597765,685.76866639,230027.2645180899
2022-10-24 16:00:00+00:00,-869.42666635,697.18328585,230724.44780393993
2022-10-24 17:00:00+00:00,-905.3533881,725.93800369,231450.38580762994
2022-10-24 18:00:00+00:00,-725.71977935,581.86539259,232032.25120021994
2022-10-24 19:00:00+00:00,-790.3878785,633.99331307,232666.24451328994
2022-10-24 20:00:00+00:00,-811.94391155,652.8171149,233319.06162818996
2022-10-24 21:00:00+00:00,-840.68528895,675.87818695,233994.93981513995
2022-10-24 22:00:00+00:00,-869.42666635,704.76393904,234699.70375417994
2022-10-24 23:00:00+00:00,-876.6120107,710.53918439,235410.24293856995
2022-10-25 00:00:00+00:00,-948.4654542,768.72807129,236178.97100985996
2022-10-25 01:00:00+00:00,-905.3533881,733.75703863,236912.72804848995
2022-10-25 02:00:00+00:00,-898.16804375,727.88028587,237640.60833435995
2022-10-25 03:00:00+00:00,-840.68528895,681.20659273,238321.81492708996
2022-10-25 04:00:00+00:00,-970.02148725,785.94438957,239107.75931665997
2022-10-25 05:00:00+00:00,-941.28010985,762.59778367,239870.35710032997
2022-10-25 06:00:00+00:00,-962.8361429,779.97772348,240650.33482380997
2022-10-25 07:00:00+00:00,-790.3878785,640.23483459,241290.56965839997
2022-10-25 08:00:00+00:00,-689.7930576,558.73369345,241849.30335184996
2022-10-25 09:00:00+00:00,-869.42666635,704.17362045,242553.47697229995
2022-10-25 10:00:00+00:00,-811.94391155,657.58942724,243211.06639953994
2022-10-25 11:00:00+00:00,-862.241322,698.31023784,243909.37663737993
2022-10-25 12:00:00+00:00,-567.64220365,459.65991114,244369.03654851994
2022-10-25 13:00:00+00:00,-1005.948209,818.91484841,245187.95139692994
2022-10-25 14:00:00+00:00,-826.31460025,672.63295684,245860.58435376995
2022-10-25 15:00:00+00:00,-833.4999446,678.57080815,246539.15516191995
2022-10-25 16:00:00+00:00,-883.79735505,719.47291865,247258.62808056994
2022-10-25 17:00:00+00:00,-883.79735505,719.41859563,247978.04667619994
2022-10-25 18:00:00+00:00,-898.16804375,731.05931829,248709.10599448995
2022-10-25 19:00:00+00:00,-919.7240768,748.65971499,249457.76570947995
2022-10-25 20:00:00+00:00,-883.79735505,719.62131977,250177.38702924995
2022-10-25 21:00:00+00:00,-1041.87493075,848.27294787,251025.65997711994
2022-10-25 22:00:00+00:00,-1013.13355335,824.9958292,251850.65580631993
2022-10-25 23:00:00+00:00,-912.53873245,743.02464,252593.68044631992
2022-10-26 00:00:00+00:00,-718.534435,585.00617564,253178.68662195993
2022-10-26 01:00:00+00:00,-732.9051237,596.67320547,253775.35982742993
2022-10-26 02:00:00+00:00,-783.20253415,637.58886086,254412.94868828994
2022-10-26 03:00:00+00:00,-797.57322285,649.24386275,255062.19255103995
2022-10-26 04:00:00+00:00,-898.16804375,731.08173337,255793.27428440994
2022-10-26 05:00:00+00:00,-747.2758124,608.21848024,256401.49276464994
2022-10-26 06:00:00+00:00,-768.83184545,625.72285995,257027.21562459995
2022-10-26 07:00:00+00:00,-790.3878785,643.27954645,257670.49517104996
2022-10-26 08:00:00+00:00,-783.20253415,637.61274582,258308.10791686995
2022-10-26 09:00:00+00:00,-811.94391155,660.97113572,258969.07905258995
2022-10-26 10:00:00+00:00,-804.7585672,656.28715087,259625.36620345994
2022-10-26 11:00:00+00:00,-984.39217595,803.29052467,260428.65672812995
2022-10-26 12:00:00+00:00,-811.94391155,662.51910469,261091.17583281995
2022-10-26 13:00:00+00:00,-761.6465011,621.9644568,261713.14028961994
2022-10-26 14:00:00+00:00,-862.241322,704.54549074,262417.68578035996
2022-10-26 15:00:00+00:00,-811.94391155,663.40515776,263081.09093812
2022-10-26 16:00:00+00:00,-840.68528895,686.85360144,263767.94453955995
2022-10-26 17:00:00+00:00,-811.94391155,663.31516475,264431.2597043099
2022-10-26 18:00:00+00:00,-970.02148725,792.40441576,265223.66412006994
2022-10-26 19:00:00+00:00,-1099.35768555,897.98975212,266121.6538721899
2022-10-26 20:00:00+00:00,-991.5775203,809.88544612,266931.5393183099
2022-10-26 21:00:00+00:00,-926.90942115,757.00508802,267688.5444063299
2022-10-26 22:00:00+00:00,-833.4999446,680.8429926,268369.3873989299
2022-10-26 23:00:00+00:00,-1077.8016525,880.32646584,269249.7138647699
2022-10-27 00:00:00+00:00,-855.05597765,698.38435904,269948.0982238099
2022-10-27 01:00:00+00:00,-955.65079855,780.48943453,270728.58765833994
2022-10-27 02:00:00+00:00,-898.16804375,733.4947395,271462.0823978399
2022-10-27 03:00:00+00:00,-862.241322,704.10182617,272166.1842240099
2022-10-27 04:00:00+00:00,-811.94391155,662.98358364,272829.16780764994
2022-10-27 05:00:00+00:00,-761.6465011,621.87317252,273451.04098016996
2022-10-27 06:00:00+00:00,-847.8706333,692.22241139,274143.26339155994
2022-10-27 07:00:00+00:00,-847.8706333,692.17837478,274835.44176633994
2022-10-27 08:00:00+00:00,-855.05597765,697.99996207,275533.44172840996
2022-10-27 09:00:00+00:00,-898.16804375,733.13134219,276266.5730706
2022-10-27 10:00:00+00:00,-869.42666635,709.6695847,276976.2426553
2022-10-27 11:00:00+00:00,-804.7585672,656.83741238,277633.08006768
2022-10-27 12:00:00+00:00,-740.09046805,603.98685679,278237.06692447
2022-10-27 13:00:00+00:00,-905.3533881,743.0991414,278980.16606587
2022-10-27 14:00:00+00:00,-711.34909065,583.82497225,279563.99103812
2022-10-27 15:00:00+00:00,-740.09046805,607.47808576,280171.46912388003
2022-10-27 16:00:00+00:00,-876.6120107,719.86451568,280891.33363956003
2022-10-27 17:00:00+00:00,-855.05597765,702.47635245,281593.80999201
2022-10-27 18:00:00+00:00,-898.16804375,737.85000093,282331.65999294
2022-10-27 19:00:00+00:00,-955.65079855,785.03071035,283116.69070329005
2022-10-27 20:00:00+00:00,-862.241322,713.28247567,283829.97317896003
2022-10-27 21:00:00+00:00,-926.90942115,776.82481561,284606.79799457005
2022-10-27 22:00:00+00:00,-998.76286465,837.01254213,285443.81053670007
2022-10-27 23:00:00+00:00,-804.7585672,674.37454633,286118.1850830301
2022-10-28 00:00:00+00:00,-754.46115675,632.18491628,286750.36999931006
2022-10-28 01:00:00+00:00,-970.02148725,812.86525091,287563.23525022005
2022-10-28 02:00:00+00:00,-617.9396141,517.78680937,288081.02205959003
2022-10-28 03:00:00+00:00,-869.42666635,728.4685032,288809.49056279
2022-10-28 04:00:00+00:00,-883.79735505,740.45754035,289549.94810314
2022-10-28 05:00:00+00:00,-998.76286465,836.71675995,290386.66486309
2022-10-28 06:00:00+00:00,-962.8361429,806.55204067,291193.21690376
2022-10-28 07:00:00+00:00,-926.90942115,776.47478707,291969.69169083
2022-10-28 08:00:00+00:00,-926.90942115,776.40669651,292746.09838733997
2022-10-28 09:00:00+00:00,-855.05597765,716.27172648,293462.37011381995
2022-10-28 10:00:00+00:00,-804.7585672,674.08984286,294136.45995667996
2022-10-28 11:00:00+00:00,-869.42666635,728.39293071,294864.85288738995
2022-10-28 12:00:00+00:00,-776.0171898,650.08566126,295514.93854864995
2022-10-28 13:00:00+00:00,-855.05597765,716.26659653,296231.20514517993
2022-10-28 14:00:00+00:00,-754.46115675,632.38736324,296863.59250841994
2022-10-28 15:00:00+00:00,-919.7240768,771.15815637,297634.7506647899
2022-10-28 16:00:00+00:00,-819.1292559,686.75766067,298321.5083254599
2022-10-28 17:00:00+00:00,-847.8706333,710.793664,299032.3019894599
2022-10-28 18:00:00+00:00,-740.09046805,620.39397281,299652.6959622699
2022-10-28 19:00:00+00:00,-1005.948209,843.20676851,300495.9027307799
2022-10-28 20:00:00+00:00,-790.3878785,662.79209228,301158.6948230599
2022-10-28 21:00:00+00:00,-747.2758124,626.59945778,301785.2942808399
2022-10-28 22:00:00+00:00,-776.0171898,650.66601194,302435.9602927799
2022-10-28 23:00:00+00:00,-869.42666635,728.92842176,303164.8887145399
2022-10-29 00:00:00+00:00,-1013.13355335,849.35935894,304014.24807347986
2022-10-29 01:00:00+00:00,-912.53873245,765.04176471,304779.28983818984
2022-10-29 02:00:00+00:00,-869.42666635,728.84799629,305508.13783447986
2022-10-29 03:00:00+00:00,-833.4999446,698.67935287,306206.81718734984
2022-10-29 04:00:00+00:00,-804.7585672,674.48234058,306881.29952792986
2022-10-29 05:00:00+00:00,-955.65079855,800.89362865,307682.19315657986
2022-10-29 06:00:00+00:00,-689.7930576,578.03320438,308260.2263609599
2022-10-29 07:00:00+00:00,-984.39217595,824.85311275,309085.07947370986
2022-10-29 08:00:00+00:00,-826.31460025,692.33957073,309777.41904443986
2022-10-29 09:00:00+00:00,-826.31460025,692.26340884,310469.68245327985
2022-10-29 10:00:00+00:00,-862.241322,722.32503102,311192.00748429983
2022-10-29 11:00:00+00:00,-905.3533881,758.37876034,311950.3862446398
2022-10-29 12:00:00+00:00,-941.28010985,788.39710707,312738.78335170983
2022-10-29 13:00:00+00:00,-898.16804375,752.22750404,313491.01085574983
2022-10-29 14:00:00+00:00,-869.42666635,728.37816641,314219.38902215986
2022-10-29 15:00:00+00:00,-826.31460025,692.1975885,314911.58661065984
2022-10-29 16:00:00+00:00,-809.83688112,678.20322783,315589.78983848984
2022-10-29 17:00:00+00:00,-1109.39518038,929.00625155,316518.79609003983
2022-10-29 18:00:00+00:00,-855.01157214,715.94950312,317234.7455931598
2022-10-29 19:00:00+00:00,-805.54809276,674.91913036,317909.6647235198
2022-10-29 20:00:00+00:00,-968.07095358,811.37031588,318721.0350393998
2022-10-29 21:00:00+00:00,-904.47505152,758.38523218,319479.4202715798
2022-10-29 22:00:00+00:00,-756.08461338,634.26198438,320113.68225595984
2022-10-29 23:00:00+00:00,-897.40884018,752.7569324,320866.43918835983
2022-10-30 00:00:00+00:00,-805.54809276,675.6761195,321542.11530785984
2022-10-30 01:00:00+00:00,-734.88597936,616.37422254,322158.48953039985
2022-10-30 02:00:00+00:00,-862.07778348,723.02702518,322881.51655557984
2022-10-30 03:00:00+00:00,-826.74672678,693.34482712,323574.86138269986
2022-10-30 04:00:00+00:00,-904.47505152,758.44940039,324333.31078308984
2022-10-30 05:00:00+00:00,-685.42249998,574.72703669,324908.0378197798
2022-10-30 06:00:00+00:00,-840.87914946,705.11440591,325613.15222568985
2022-10-30 07:00:00+00:00,-847.9453608,710.98857279,326324.14079847984
2022-10-30 08:00:00+00:00,-855.01157214,716.86511134,327041.00590981985
2022-10-30 09:00:00+00:00,-855.01157214,716.81948404,327757.8253938599
2022-10-30 10:00:00+00:00,-777.2832474,651.66101541,328409.48640926986
2022-10-30 11:00:00+00:00,-798.48188142,669.35356256,329078.83997182985
2022-10-30 12:00:00+00:00,-805.54809276,675.74306538,329754.5830372099
2022-10-30 13:00:00+00:00,-840.87914946,705.42179496,330460.00483216986
2022-10-30 14:00:00+00:00,-763.15082472,640.38246998,331100.38730214984
2022-10-30 15:00:00+00:00,-777.2832474,652.191973,331752.57927514985
2022-10-30 16:00:00+00:00,-847.9453608,711.4393091,332464.01858424983
2022-10-30 17:00:00+00:00,-657.15765462,551.3484554,333015.3670396498
2022-10-30 18:00:00+00:00,-876.21020616,734.9959673,333750.36300694983
2022-10-30 19:00:00+00:00,-869.14399482,729.02830863,334479.3913155798
2022-10-30 20:00:00+00:00,-911.54126286,765.10397736,335244.4952929398
2022-10-30 21:00:00+00:00,-890.34262884,747.27939732,335991.77469025983
2022-10-30 22:00:00+00:00,-805.54809276,676.03387643,336667.80856668984
2022-10-30 23:00:00+00:00,-784.34945874,658.19172348,337326.00029016985
2022-10-31 00:00:00+00:00,-713.68734534,598.85826982,337924.85855998984
2022-10-31 01:00:00+00:00,-1059.931701,889.32496825,338814.18352823984
2022-10-31 02:00:00+00:00,-968.07095358,812.18140258,339626.36493081984
2022-10-31 03:00:00+00:00,-855.01157214,717.26892239,340343.63385320985
2022-10-31 04:00:00+00:00,-989.2695876,829.83551948,341173.46937268984
2022-10-31 05:00:00+00:00,-982.20337626,824.28980277,341997.75917545985
2022-10-31 06:00:00+00:00,-911.54126286,764.92712466,342762.68630011985
2022-10-31 07:00:00+00:00,-777.2832474,652.18409774,343414.87039785984
2022-10-31 08:00:00+00:00,-869.14399482,729.2033894,344144.0737872598
2022-10-31 09:00:00+00:00,-763.15082472,640.65694616,344784.7307334198
2022-10-31 10:00:00+00:00,-975.13716492,818.57705149,345603.30778490985
2022-10-31 11:00:00+00:00,-741.9521907,622.7597102,346226.06749510986
2022-10-31 12:00:00+00:00,-798.48188142,670.87078712,346896.9382822299
2022-10-31 13:00:00+00:00,-840.87914946,706.43809618,347603.37637840986
2022-10-31 14:00:00+00:00,-904.47505152,759.81124046,348363.1876188699
2022-10-31 15:00:00+00:00,-749.01840204,629.14569689,348992.3333157599
2022-10-31 16:00:00+00:00,-982.20337626,824.88983938,349817.2231551399
2022-10-31 17:00:00+00:00,-883.2764175,742.27074668,350559.49390181986
2022-10-31 18:00:00+00:00,-784.34945874,659.06825879,351218.5621606099
2022-10-31 19:00:00+00:00,-621.82659792,522.93353235,351741.49569295987
2022-10-31 20:00:00+00:00,-869.14399482,730.98750204,352472.48319499986
2022-10-31 21:00:00+00:00,-890.34262884,748.76134548,353221.24454047985
2022-10-31 22:00:00+00:00,-876.21020616,736.8190034,353958.06354387983
2022-10-31 23:00:00+00:00,-763.15082472,641.70095881,354599.7645026898
2022-11-01 00:00:00+00:00,-734.88597936,617.92399299,355217.6884956798
2022-11-01 01:00:00+00:00,-784.34945874,659.31158391,355877.00007958984
2022-11-01 02:00:00+00:00,-953.9385309,801.81365329,356678.8137328798
2022-11-01 03:00:00+00:00,-756.08461338,635.45064943,357314.2643823098
2022-11-01 04:00:00+00:00,-1038.73306698,872.93641586,358187.2007981698
2022-11-01 05:00:00+00:00,-918.6074742,771.77008686,358958.9708850298
2022-11-01 06:00:00+00:00,-770.21703606,647.05251248,359606.0233975098
2022-11-01 07:00:00+00:00,-777.2832474,652.95276267,360258.9761601798
2022-11-01 08:00:00+00:00,-784.34945874,658.83810263,360917.8142628098
2022-11-01 09:00:00+00:00,-883.2764175,741.95692098,361659.7711837898
2022-11-01 10:00:00+00:00,-770.21703606,647.24063273,362307.01181651984
2022-11-01 11:00:00+00:00,-826.74672678,695.49454696,363002.5063634798
2022-11-01 12:00:00+00:00,-791.41567008,665.71122287,363668.2175863498
2022-11-01 13:00:00+00:00,-784.34945874,659.72041059,364327.9379969398
2022-11-01 14:00:00+00:00,-791.41567008,665.60545414,364993.5434510798
2022-11-01 15:00:00+00:00,-791.41567008,665.54992014,365659.0933712198
2022-11-01 16:00:00+00:00,-862.07778348,724.92286741,366384.0162386298
2022-11-01 17:00:00+00:00,-918.6074742,772.37156302,367156.3878016498
2022-11-01 18:00:00+00:00,-777.2832474,653.44222959,367809.8300312398
2022-11-01 19:00:00+00:00,-791.41567008,667.07875581,368476.90878704976
2022-11-01 20:00:00+00:00,-876.21020616,738.49072441,369215.39951145975
2022-11-01 21:00:00+00:00,-770.21703606,649.05727793,369864.4567893898
2022-11-01 22:00:00+00:00,-953.9385309,803.86695374,370668.3237431298
2022-11-01 23:00:00+00:00,-798.48188142,674.21732518,371342.5410683098
2022-11-02 00:00:00+00:00,-869.14399482,734.90852171,372077.4495900198
2022-11-02 01:00:00+00:00,-876.21020616,740.82418378,372818.2737737998
2022-11-02 02:00:00+00:00,-946.87231956,800.45545587,373618.72922966984
2022-11-02 03:00:00+00:00,-961.00474224,812.3371135,374431.06634316983
2022-11-02 04:00:00+00:00,-961.00474224,812.27150503,375243.3378481998
2022-11-02 05:00:00+00:00,-741.9521907,627.09091425,375870.4287624498
2022-11-02 06:00:00+00:00,-996.33579894,842.03168345,376712.4604458998
2022-11-02 07:00:00+00:00,-904.47505152,764.34369742,377476.8041433198
2022-11-02 08:00:00+00:00,-869.14399482,734.43528388,378211.23942719976
2022-11-02 09:00:00+00:00,-1024.6006443,865.71157548,379076.95100267977
2022-11-02 10:00:00+00:00,-770.21703606,653.08030207,379730.0313047498
2022-11-02 11:00:00+00:00,-855.01157214,724.27534721,380454.3066519598
2022-11-02 12:00:00+00:00,-812.6143041,688.38542079,381142.6920727498
2022-11-02 13:00:00+00:00,-628.89280926,532.7004423,381675.3925150498
2022-11-02 14:00:00+00:00,-678.35628864,574.56056119,382249.9530762398
2022-11-02 15:00:00+00:00,-671.2900773,568.53683986,382818.4899160998
2022-11-02 16:00:00+00:00,-685.42249998,580.4681286,383398.9580446998
2022-11-02 17:00:00+00:00,-833.81293812,706.07622307,384105.0342677698
2022-11-02 18:00:00+00:00,-833.81293812,706.34599139,384811.3802591598
2022-11-02 19:00:00+00:00,-826.74672678,700.38207534,385511.7623344998
2022-11-02 20:00:00+00:00,-953.9385309,808.00337587,386319.7657103698
2022-11-02 21:00:00+00:00,-904.47505152,766.01786413,387085.7835744998
2022-11-02 22:00:00+00:00,-904.47505152,765.94175588,387851.7253303798
2022-11-02 23:00:00+00:00,-1017.53443296,861.57072505,388713.2960554298
2022-11-03 00:00:00+00:00,-939.80610822,795.68954801,389508.9856034398
2022-11-03 01:00:00+00:00,-855.01157214,723.84310847,390232.8287119098
2022-11-03 02:00:00+00:00,-876.21020616,741.73300635,390974.5617182598
2022-11-03 03:00:00+00:00,-862.07778348,729.74065468,391704.3023729398
2022-11-03 04:00:00+00:00,-996.33579894,843.32283573,392547.6252086698
2022-11-03 05:00:00+00:00,-890.34262884,753.55337456,393301.17858322983
2022-11-03 06:00:00+00:00,-939.80610822,795.35458617,394096.53316939983
2022-11-03 07:00:00+00:00,-770.21703606,651.78952771,394748.32269710983
2022-11-03 08:00:00+00:00,-890.34262884,753.38007277,395501.70276987983
2022-11-03 09:00:00+00:00,-812.6143041,687.5536678,396189.2564376798
2022-11-03 10:00:00+00:00,-784.34945874,663.64575517,396852.9021928498
2022-11-03 11:00:00+00:00,-812.6143041,687.97930606,397540.8814989098
2022-11-03 12:00:00+00:00,-932.73989688,789.61951572,398330.5010146298
2022-11-03 13:00:00+00:00,-961.00474224,813.48013656,399143.9811511898
2022-11-03 14:00:00+00:00,-862.07778348,729.68350043,399873.6646516198
2022-11-03 15:00:00+00:00,-805.54809276,681.76407196,400555.4287235798
2022-11-03 16:00:00+00:00,-664.22386596,562.16394226,401117.5926658398
2022-11-03 17:00:00+00:00,-890.34262884,753.48810718,401871.0807730198
2022-11-03 18:00:00+00:00,-897.40884018,759.40912182,402630.4898948398
2022-11-03 19:00:00+00:00,-855.01157214,723.47038535,403353.9602801898
2022-11-03 20:00:00+00:00,-925.67368554,783.16811395,404137.1283941398
2022-11-03 21:00:00+00:00,-904.47505152,765.13676049,404902.26515462983
2022-11-03 22:00:00+00:00,-904.47505152,765.04019283,405667.30534745986
2022-11-03 23:00:00+00:00,-657.15765462,555.80891569,406223.11426314985
2022-11-04 00:00:00+00:00,-932.73989688,788.83741176,407011.95167490985
2022-11-04 01:00:00+00:00,-805.54809276,681.21851681,407693.17019171984
2022-11-04 02:00:00+00:00,-805.54809276,681.17192716,408374.34211887984
2022-11-04 03:00:00+00:00,-819.68051544,693.07661946,409067.41873833985
2022-11-04 04:00:00+00:00,-777.2832474,657.19705883,409724.61579716986
2022-11-04 05:00:00+00:00,-862.07778348,728.85892264,410453.47471980983
2022-11-04 06:00:00+00:00,-791.41567008,669.06877556,411122.54349536984
2022-11-04 07:00:00+00:00,-1017.53443296,860.17079483,411982.71429019986
2022-11-04 08:00:00+00:00,-741.9521907,627.16407104,412609.87836123985
2022-11-04 09:00:00+00:00,-996.33579894,842.07133676,413451.94969799987
2022-11-04 10:00:00+00:00,-975.13716492,824.0715514,414276.02124939987
2022-11-04 11:00:00+00:00,-664.22386596,561.38022056,414837.4014699599
2022-11-04 12:00:00+00:00,-869.14399482,749.60074791,415587.00221786986
2022-11-04 13:00:00+00:00,-840.87914946,725.1369078,416312.13912566984
2022-11-04 14:00:00+00:00,-756.08461338,652.01859484,416964.15772050986
2022-11-04 15:00:00+00:00,-897.40884018,774.38344118,417738.54116168985
2022-11-04 16:00:00+00:00,-918.6074742,792.75537057,418531.29653225985
2022-11-04 17:00:00+00:00,-953.9385309,823.26763743,419354.56416968984
2022-11-04 18:00:00+00:00,-840.87914946,725.62745257,420080.19162225985
2022-11-04 19:00:00+00:00,-911.54126286,786.55029765,420866.74191990984
2022-11-04 20:00:00+00:00,-819.68051544,706.97314166,421573.7150615698
2022-11-04 21:00:00+00:00,-883.2764175,761.98694739,422335.70200895984
2022-11-04 22:00:00+00:00,-756.08461338,652.19525537,422987.89726432983
2022-11-04 23:00:00+00:00,-805.54809276,695.02311666,423682.92038098985
2022-11-05 00:00:00+00:00,-579.42932988,499.88921295,424182.80959393986
2022-11-05 01:00:00+00:00,-989.2695876,853.41257763,425036.2221715699
2022-11-05 02:00:00+00:00,-798.48188142,688.76309451,425724.9852660799
2022-11-05 03:00:00+00:00,-784.34945874,676.62863795,426401.6139040299
2022-11-05 04:00:00+00:00,-847.9453608,731.43345371,427133.0473577399
2022-11-05 05:00:00+00:00,-1024.6006443,883.74526163,428016.79261936987
2022-11-05 06:00:00+00:00,-918.6074742,792.25358027,428809.04619963985
2022-11-05 07:00:00+00:00,-869.14399482,749.57639084,429558.62259047985
2022-11-05 08:00:00+00:00,-890.34262884,767.8165167,430326.4391071799
2022-11-05 09:00:00+00:00,-805.54809276,694.74080156,431021.17990873987
2022-11-05 10:00:00+00:00,-720.75355668,621.56958534,431642.74949407985
2022-11-05 11:00:00+00:00,-784.34945874,676.38856053,432319.1380546098
2022-11-05 12:00:00+00:00,-939.80610822,810.39999463,433129.53804923984
2022-11-05 13:00:00+00:00,-876.21020616,755.47140872,433885.00945795985
2022-11-05 14:00:00+00:00,-975.13716492,840.65021443,434725.65967238985
2022-11-05 15:00:00+00:00,-862.07778348,743.11747012,435468.7771425099
2022-11-05 16:00:00+00:00,-869.14399482,749.41551162,436218.1926541299
2022-11-05 17:00:00+00:00,-883.2764175,761.46311727,436979.65577139985
2022-11-05 18:00:00+00:00,-869.14399482,749.3349562,437728.9907275998
2022-11-05 19:00:00+00:00,-628.89280926,542.16335307,438271.1540806698
2022-11-05 20:00:00+00:00,-819.68051544,706.63080431,438977.78488497983
2022-11-05 21:00:00+00:00,-713.68734534,615.224543,439593.0094279798
2022-11-05 22:00:00+00:00,-812.6143041,700.46204828,440293.4714762598
2022-11-05 23:00:00+00:00,-840.87914946,724.78329567,441018.2547719298
2022-11-06 00:00:00+00:00,-685.42249998,590.76439417,441609.01916609984
2022-11-06 01:00:00+00:00,-953.9385309,822.13939507,442431.1585611698
2022-11-06 02:00:00+00:00,-904.47505152,779.546797,443210.7053581698
2022-11-06 03:00:00+00:00,-953.9385309,822.31564866,444033.0210068298
2022-11-06 04:00:00+00:00,-897.40884018,773.54525311,444806.5662599398
2022-11-06 05:00:00+00:00,-812.6143041,700.40499626,445506.9712561998
2022-11-06 06:00:00+00:00,-869.14399482,749.07509423,446256.0463504298
2022-11-06 07:00:00+00:00,-876.21020616,755.11423383,447011.16058425984
2022-11-06 08:00:00+00:00,-791.41567008,681.95013311,447693.1107173698
2022-11-06 09:00:00+00:00,-734.88597936,633.22086422,448326.3315815898
2022-11-06 10:00:00+00:00,-706.621134,608.87121176,448935.2027933498
2022-11-06 11:00:00+00:00,-763.15082472,658.34589873,449593.5486920798
