date,nbMnId,nbOtherId,fundDFI,mnDFI,otherDFI,foundationDFI,nbMnGenesisId,mnGenesisDFI,nbMnCakeId,mnCakeDFI,erc20DFI,burnedDFI,tokenDFI,nbMydefichainId,mnMydefichainDFI,nbMNlocked10,nbMNlocked5
2020-07-29,591,324,3348809.0933328,608173055.3974421,12908556.389225168,,3,820020.0453246899,,,,,,,,,
2020-07-30,591,328,3358849.09337612,608563655.3978322,12908737.564791769,,3,822360.0453246899,,,,,,,,,
2020-07-31,591,330,3371824.09341652,609069680.3981959,12908737.56438761,,3,825675.0453246899,,,,,,,,,
2020-08-01,591,318,3383294.0935827005,609515060.398846,12910687.56357123,,3,827625.0453246899,,,,,,,,,
2020-08-02,591,331,3395059.09411674,609842720.4019599,13042057.559923347,,3,829185.0453246899,,,,,,,,,
2020-08-03,591,332,3406844.09413934,610075745.4020847,13268647.559775967,,3,831915.0453246899,,,,,,,,,
2020-08-04,591,341,3418449.09454802,610283660.4015095,13511962.55994241,,3,833865.0453246899,,,,,,,,,
2020-08-05,591,349,3429494.09461836,610628045.4018892,13599502.559492448,,3,838740.0453246899,,,,,,,,,
2020-08-06,591,397,3440769.09498956,611051675.4045808,13615597.556429612,,3,843030.0453673501,,,,,,,,,
2020-08-07,591,640,3452074.09630524,611442965.4147037,13665397.54499107,,3,846930.0454100101,,,,,,,,,
2020-08-08,302,548,3463614.11272251,303978185.12489355,33460042.81838393,288120000.0,2,808920.04977618,,,,,,,,,
2020-08-09,302,586,3475194.11316089,304055990.1253015,33833857.817537576,288120000.0,2,811260.04977618,,,,,,,,,
2020-08-10,303,611,3487039.11358172,304151540.1263238,34200262.81609441,288120000.0,3,814185.04977618,,,,,,,,,
2020-08-11,302,655,3498729.11393255,304230125.12702966,34577587.81503778,288120000.0,2,817695.04977618,,,,,,,,,
2020-08-12,302,698,3510264.11428598,304321580.12739897,34935997.81431508,288120000.0,2,821790.04986888,,,,,,,,,
2020-08-13,302,741,3521804.11472861,304398410.12833536,35309227.81293605,288120000.0,2,825885.04986888,,,,,,,,,
2020-08-14,302,777,3533644.1152112,304476995.12921536,35692402.81157342,288120000.0,2,828420.04986888,,,,,,,,,
2020-08-17,302,924,3575184.11673008,304789580.1322,36999870.75106988,288120000.0,2,843045.0500745301,,,,,,,,,
2020-08-18,302,941,3579414.11686187,304815710.1322763,37138710.75086185,288120000.0,2,843435.0500745301,,,,,,,,,
2020-08-19,302,970,3590754.13392064,304900535.1332841,37496145.73279529,288120000.0,2,845580.0501467101,,,,,,,,,
2020-08-20,303,1016,3602359.13437127,304983410.1343845,37865865.73124418,288120000.0,3,847335.0501467101,,,,,,,,,
2020-08-21,302,1057,3613884.13483507,305072330.13502115,38226420.73014375,288120000.0,2,848700.0501467101,,,,,,,,,
2020-08-22,302,1092,3625429.13530267,305158325.1357423,38590680.72895505,288120000.0,2,851625.0501467101,,,,,,,,,
2020-08-23,303,1132,3637319.13578545,305233985.1364291,38978730.72778549,288120000.0,3,854940.0501467101,,,,,,,,,
2020-08-24,303,1171,3648684.13613035,305319395.13705933,39336360.72681027,288120000.0,3,857475.0501467101,,,,,,,,,
2020-08-25,302,1205,3660129.13652482,305400320.1376288,39701985.72584634,288120000.0,2,859620.0501467101,,,,,,,,,
2020-08-26,302,1247,3671609.12678935,305488265.13789433,40067760.73531632,288120000.0,2,862740.0501467101,,,,,,,,,
2020-08-27,302,1292,3683049.12717132,305576795.1384733,40425390.73435538,288120000.0,2,866055.0501467101,,,,,,,,,
2020-08-28,302,1333,3694919.12756119,305670005.1387075,40795110.73373124,288120000.0,2,869760.0501467101,,,,,,,,,
2020-08-29,302,1375,3706509.1279313,305756975.1393524,41160150.7327163,288120000.0,2,873660.0502148401,,,,,,,,,
2020-08-30,302,1394,3717959.12836562,305833025.1397785,41530650.73185588,288120000.0,2,877560.0502148401,,,,,,,,,
2020-08-31,302,1436,3729354.12879063,305916875.1408141,41891205.73039521,288120000.0,2,880680.0502148401,,,,,,,,,
2020-09-01,302,1476,3740849.12926024,306005405.14213544,42250980.7286043,288120000.0,2,885555.0503372,,,,,,,,,
2020-09-02,302,1496,3752159.12974797,306094325.1434961,42603150.72675593,288120000.0,2,888675.05047616,,,,,,,,,
2020-09-03,303,1542,3763684.13015256,306177200.1441021,42969750.72574531,288120000.0,3,892185.05047616,,,,,,,,,
2020-09-04,302,1577,3775309.13047838,306266705.1449676,43333620.72455408,288120000.0,2,895305.05047616,,,,,,,,,
2020-09-05,303,1621,3786649.13101775,306345290.1468448,43697295.72213745,288120000.0,3,898035.05061919,,,,,,,,,
2020-09-06,302,1660,3798034.13146882,306432455.1478902,44054145.72064094,288120000.0,2,899205.05055106,,,,,,,,,
2020-09-07,302,1700,3809609.13179705,306506555.14859325,44431470.71960967,288120000.0,2,901935.0505813,,,,,,,,,
2020-09-08,302,1734,3821114.13237728,306589625.1492147,44797095.718408,288120000.0,2,904665.0505813,,,,,,,,,
2020-09-09,302,1773,3832564.13293914,306681860.1499262,45151410.71713464,288120000.0,2,908565.0506713,,,,,,,,,
2020-09-10,302,1810,3843979.13334603,306752060.1504706,45526395.716283366,288119999.9999,2,910905.0506713,,,,,,,,,
2020-09-11,302,1864,3855629.13414574,306833960.1514057,45948845.71464853,288069999.9998,2,913830.0506713,,,,,,,,,
2020-09-12,302,2133,3867094.15458998,306916835.1841234,48798761.16881661,285584344.49247,2,915780.05077888,,,,,,,,,
2020-09-13,302,2168,3878909.15523312,307007510.1855698,49168871.16672705,285584344.49247,2,918120.05077888,,,,,,,,,
2020-09-14,303,2209,3890294.15574246,307082975.1866602,49537421.165127344,285584344.49247,3,920655.05077888,,,,,,,,,
2020-09-15,302,2235,3901689.15649676,307161560.1880505,49903241.16298274,285584344.49247,2,922410.05084971,,,,,,,,,
2020-09-16,303,2240,3912979.15713963,308242485.19081026,49262616.15958013,285584344.49247,2,925335.05166333,,,,,,,,,
2020-09-17,303,2284,3924354.15775384,308333550.1917558,49615176.15802043,285584344.49247,2,928260.05166333,,,,,,,,,
2020-09-18,303,2321,3935994.15826649,308415840.1921528,49986836.15711071,285584344.49247,2,932355.05166333,,,,,,,,,
2020-09-19,303,2340,3947594.15881274,308502030.1932218,50353046.15549543,285584344.49247,2,935865.05169357,,,,,,,,,
2020-09-20,303,2382,3959554.15914405,308584320.1937217,50737196.15466423,285584344.49247,2,938400.0517617,,,,,,,,,
2020-09-21,303,2423,3971239.15960223,308668365.1948149,51108866.15311287,285584344.49247,2,942105.05183253,,,,,,,,,
2020-09-22,303,2461,3982959.16009042,308755725.195556,51478586.15188363,285584344.49247,2,946200.05190066,,,,,,,,,
2020-09-23,303,2508,3996144.16071023,308849325.1965448,51899201.15027504,285584344.49247,2,949125.05190066,,,,,,,,,
2020-09-24,303,2542,4005619.16107922,308922255.19739544,52195796.14905535,285584344.49247,2,951270.05196879,,,,,,,,,
2020-09-25,303,2582,4017104.16170841,309007665.19901764,52558301.14680398,285584344.49247,2,954780.05196879,,,,,,,,,
2020-09-26,303,2597,4028719.16224098,309090735.19963133,52928216.14565769,285584344.49247,2,956730.05196879,,,,,,,,,
2020-09-27,303,2639,4040389.162639,309170880.19989765,53303201.14499341,285584344.49247,2,959850.05196879,,,,,,,,,
2020-09-28,303,2680,4051554.1629898,309260580.20024174,53648936.144298494,285584344.49247,2,962190.05196879,,,,,,,,,
2020-09-29,304,2718,4063219.1634833,309345210.20172536,54019241.14232138,285584344.49247,3,965700.05196879,,,,,,,,,
2020-09-30,304,2755,4075224.16397589,309438615.2013972,54394031.142156914,285584344.49247,3,967650.05196879,,,,,,,,,
2020-10-01,303,2801,4086774.16446704,309521490.2021184,54761606.14094457,285584344.49247,2,970380.05198886,,,,,,,,,
2020-10-02,303,2840,4098639.16580063,309615675.203062,55130156.13866737,285584344.49247,2,972720.052029,,,,,,,,,
2020-10-03,303,2876,4110069.16628337,309702840.2037047,55498511.13746626,285584344.49247,2,975255.052029,,,,,,,,,
2020-10-04,303,2918,4121634.16673195,309780255.20484203,55862381.13595605,285584344.49247,2,978375.052029,,,,,,,,,
2020-10-05,303,2956,4133024.1670411,309857085.2052861,56229761.13520282,285584344.49247,2,980325.052029,,,,,,,,,
2020-10-06,303,2994,4144534.16748491,309936840.2066262,56598896.13341893,285584344.49247,2,983835.052029,,,,,,,,,
2020-10-07,303,3032,4155939.16793565,310019715.2079063,56960816.13168806,285584344.49247,2,987150.052029,,,,,,,,,
2020-10-08,303,2459,4170154.18624176,310124630.2141438,57410486.10714444,285584344.49247,2,991440.05216796,,,,,,,,,
2020-10-09,304,2499,4181644.86304682,310199340.1791122,57791285.465371,285584344.49247,3,994170.05149258,,,,,,,,,
2020-10-10,304,2540,4193140.60877262,310285530.1681931,58153399.73056426,285584344.49247,3,997095.05152246,,,,,,,,,
2020-10-11,303,2593,4211821.78026095,310428085.1651176,58739763.56215148,285584344.49247,2,1001580.05152246,,,,,,,,,
2020-10-12,304,2634,4233048.52545888,310549895.20647347,59130296.261579886,285584344.49247,3,1004205.05152246,,,,,,,,,
2020-10-13,304,2685,4278380.72545888,310857425.2106771,59395976.54214319,285584344.49247,3,1006770.05152246,,,,,,,,,
2020-10-14,304,2762,4325424.32545888,311176565.2151438,59802359.52138642,285584344.49247,3,1009335.05152246,,,,,,,,,
2020-10-15,304,2809,4363214.42545888,311432930.2196802,60171190.17785688,285584344.49247,3,1012575.05159598,,,,,,,,,
2020-10-16,304,2835,4378338.42545888,311535530.221341,60393058.49020481,285584344.49247,3,1013385.05159598,,,,,,,,,
2020-10-17,304,2922,4424824.82545888,311850890.329648,60808860.34875248,285584344.49247,3,1017435.05167318,,,,,,,,,
2020-10-18,304,3004,4470057.52545888,312157745.4041332,61195795.73770055,285584344.49247,3,1020810.05182458,,,,,,,,,
2020-10-19,304,3054,4517001.62545888,312476210.4244528,61490546.984680064,285584344.49247,3,1025265.05193388,,,,,,,,,
2020-10-20,304,3118,4562970.62545888,312788060.45845795,61775891.48009412,285584344.49247,3,1029180.05200958,,,,,,,,,
2020-10-21,304,3180,4610869.92545888,313113005.51318765,62363840.33386889,285584344.49247,3,1033095.05208528,,,,,,,,,
2020-10-22,304,3252,4658052.82545888,313433090.569335,62675037.28924979,285584344.49247,3,1036470.05208528,,,,,,,,,
2020-10-23,304,2981,4703126.32545888,311096375.28540194,61679242.896669164,285584344.49247,3,1027425.05213688,,,,,,,,,
2020-10-24,304,3024,4748538.12545888,311154155.2949084,61929532.88716277,285584344.49247,3,1030260.05226418,,,,,,,,,
2020-10-25,304,3057,4794706.12545888,311214365.31216705,62182522.869904034,285584344.49247,3,1031745.05233988,,,,,,,,,
2020-10-26,303,3093,4842346.72545888,311277950.32132065,62442127.86075048,285584344.49247,2,1033635.05233988,,,,,,,,,
2020-10-27,304,3138,4888196.32545888,311327900.3306856,62703217.85138545,285584344.49247,3,1037010.05239148,,,,,,,,,
2020-10-28,303,3176,4934065.82545888,311386625.3316369,62955667.85043417,285584344.49247,2,1039035.05239148,,,,,,,,,
2020-10-29,303,3214,4980194.02545888,311446160.3326069,63209062.84946423,285584344.49247,2,1041330.05244308,,,,,,,,,
2020-10-30,303,3249,5026202.82545888,311505020.33395684,63462322.848114334,285584344.49247,2,1044300.05244308,,,,,,,,,
2020-10-31,303,3568,5070599.72545888,311508935.3334584,63759592.8486127,285584344.49247,2,1045785.05244308,,,,,,,,,
2020-11-01,303,3605,5116130.92545888,311574005.3553395,64003402.82673157,285584344.49247,2,1047270.05244308,,,,,,,,,
2020-11-02,303,3652,5162677.02545888,311629220.4240742,64263952.75799695,285584344.49247,2,1048890.06084308,,,,,,,,,
2020-11-03,303,3688,5208347.52545888,311686595.4341508,64516402.74792025,285584344.49247,2,1050645.06133196,,,,,,,,,
2020-11-04,303,3719,5252545.42545888,311747615.4351256,64755217.746945545,285584344.49247,2,1052805.06133196,,,,,,,,,
2020-11-05,303,3763,5299887.52545888,311802830.44503987,65020967.73703124,285584344.49247,2,1054965.06133196,,,,,,,,,
2020-11-06,303,3818,5345160.02545888,311863985.4908794,65266637.69119172,285584344.49247,2,1057125.06141756,,,,,,,,,
2020-11-07,303,3873,5390850.42545888,311920955.5662246,65519227.61584652,285584344.49247,2,1058475.06163732,,,,,,,,,
2020-11-08,303,3938,5450013.12545888,312001550.60617113,65839987.57589995,285584344.49247,2,1061715.06163732,,,,,,,,,
2020-11-09,304,3994,5505394.82545888,312069320.6159148,66147822.56615627,285584344.49247,3,1064415.0620522,,,,,,,,,
2020-11-10,303,4011,5528100.72545888,312100775.6253309,66270302.5567402,285584344.49247,2,1065225.0620522,,,,,,,,,
2020-11-11,303,4063,5573800.32535888,312152210.63486886,66529957.54730222,285584344.49247,2,1067790.0620522,,,,,,,,,
2020-11-12,303,4114,5619450.92535888,312180830.6351408,66810927.54703032,285584344.49247,2,1070625.0620522,,,,,,,,,
2020-11-13,303,4156,5664942.32535888,312229430.66590744,67070937.51626367,285584344.49247,2,1071705.0620522,,,,,,,,,
2020-11-14,303,4202,5710413.82535888,312283430.6896225,67325412.49254856,285584344.49247,2,1073325.0620522,,,,,,,,,
2020-11-15,304,4244,5756760.92535888,312343235.6905585,67579887.49161263,285584344.49247,3,1075215.0620522,,,,,,,,,
2020-11-16,304,4282,5802690.12535888,312401150.69192314,67833687.49024792,285584344.49247,3,1076835.0620522,,,,,,,,,
2020-11-17,303,4321,5848917.82535888,312461360.7179771,68086982.46419403,285584344.49247,2,1077510.0620522,,,,,,,,,
2020-11-18,304,4363,5895264.92535888,312522245.7190578,68340112.46311332,285584344.49247,3,1079535.0620522,,,,,,,,,
2020-11-19,304,4405,5940597.12535888,312580160.72844166,68589727.45372945,285584344.49247,3,1080885.0620522,,,,,,,,,
2020-11-20,303,4461,5987123.32535888,312642260.745767,68843057.43640414,285584344.49247,2,1083315.0621038,,,,,,,,,
2020-11-21,304,4486,6032057.52535888,312699365.75523245,69090647.42693865,285584344.49247,3,1084935.06218402,,,,,,,,,
2020-11-22,304,4522,6078504.12535888,312762815.75575113,69349442.42644075,285584344.49247,3,1087095.06225382,,,,,,,,,
2020-11-23,304,4559,6124612.42535888,312822350.7826922,69595682.39947891,285584344.49247,3,1089255.06225382,,,,,,,,,
2020-11-24,303,4595,6170223.22535888,312885800.7845229,69841652.39764816,285584344.49247,2,1091550.06225382,,,,,,,,,
2020-11-25,303,4641,6216669.82535888,312939125.7941054,70103417.3880657,285584344.49247,2,1094115.06225382,,,,,,,,,
2020-11-26,304,4692,6262977.12535888,312999200.82131827,70357217.36085288,285584344.49247,3,1096680.06225382,,,,,,,,,
2020-11-28,304,4785,6354755.92535888,313122050.8495785,70856957.33259259,285584344.49247,3,1102080.06233404,,,,,,,,,
2020-11-29,304,4824,6401361.72535888,313178210.8587226,71116697.3234485,285584344.49247,3,1104510.062455,,,,,,,,,
2020-12-03,303,5338,6560880.12535888,313841331.5766419,67401336.3495684,285584344.49247,3,1114770.06984998,,,,,,,,,
2020-12-04,303,5565,6629216.72535888,314303032.6603606,67309519.44571713,285584344.49247,3,1119900.08278223,,,,,,,,,
2020-12-05,303,5670,6674150.92535888,314606783.19600666,67148764.13297537,285584344.49247,3,1123275.0855730302,,,,,,,,,
2020-12-06,303,5757,6720259.22535888,314919038.737874,67080705.28225628,285584344.49247,3,1126245.08774796,,,,,,,,,
2020-12-07,303,5866,6767282.92535888,315237504.2158339,65806109.55394597,285584344.49247,3,1129350.08992704,,,,,,,,,
2020-12-08,303,5949,6812754.42535888,313688106.64731205,67389452.10193512,285584344.49247,2,1125165.08571125,,,,,,,,,
2020-12-09,303,6065,6858922.42535888,313761816.7730411,67217152.33869751,285584344.49247,3,1127595.12381323,,,,,,,,,
2020-12-10,303,6232,6899219.92535888,313809067.1678395,63527472.262322254,285584344.49247,2,1130160.1273759,,,,,,,,,
2020-12-11,303,6467,6937368.22535888,313849432.30264926,63733706.48585179,285584344.49247,2,1131915.12965337,,,,,,,,,
2020-12-12,303,6656,6982083.52535888,313847677.31987685,63668875.9316048,285584344.49247,2,1131915.12965337,,,,,,,,,
2020-12-13,303,6739,7027833.62535888,313852537.31953025,63860323.05880164,285584344.49247,2,1131915.12965337,,,,,,,,,
2020-12-14,303,6924,7073723.02535888,313852537.2894045,64081243.18309041,285584344.49247,2,1131915.12965337,,,,,,,,,
2020-12-15,303,7084,7119572.62535888,313848217.29654145,64413143.55125068,285584344.49247,2,1131915.12965337,,,,,,,,,
2020-12-16,303,7381,7165581.42535888,313851187.3505789,64192688.1865523,285584344.49247,2,1131915.12965337,,,,,,,,,
2020-12-17,303,8057,7212764.32535888,313891823.08892584,64180920.11590845,285584344.49247,2,1133535.15839845,,,,,,,,,
2020-12-18,303,8539,7258454.72535888,313948118.9457916,63957964.18324498,285584344.49247,2,1136100.1887375,,,,,,,,,
2020-12-19,303,8896,7304881.42535888,314010219.7286124,61834550.87075858,285584344.49247,2,1138530.22048379,,,,,,,,,
2020-12-20,303,9188,7350472.32535888,314066110.03876,61871089.5306444,285584344.49247,3,1140555.23102966,,,,,,,,,
2020-12-21,303,9435,7396640.32535888,314126185.3709184,62058312.06107932,285584344.49247,3,1142985.23777011,,,,,,,,,
2020-12-22,303,9794,7442529.72535888,314191795.97995985,62020126.49088624,285584344.49247,2,1144335.26607844,,,,,,,,,
2020-12-23,303,10143,7487822.12535888,314251736.4908252,62342432.65280876,285584344.49247,2,1147170.28053177,,,,,,,,,
2020-12-24,303,10305,7532517.52635888,314308842.14339006,62630004.3904829,285584344.49346995,3,1149600.2947217398,,,,,,,,,
2020-12-25,303,10386,7579003.92635888,314363517.5428729,62924820.556559294,285584344.49346995,2,1152435.29793437,,,,,,,,,
2020-12-26,303,10485,7623201.82635888,314424133.7301947,63852175.25066967,285584344.49346995,2,1154460.3036001502,,,,,,,,,
2020-12-28,303,10604,7715557.72635888,314536724.8238734,65673465.44837638,285584344.49346995,3,1158645.38251457,,,,,,,,,
2020-12-29,303,10612,7762442.12635888,314595180.60572153,65899872.60541957,285584344.49346995,3,1160535.40592015,,,,,,,,,
2020-12-30,303,10761,7806918.62635888,314650801.28036773,65869219.507895455,285584344.49346995,2,1162155.42457783,,,,,,,,,
2020-12-31,303,10789,7852947.32635888,314702236.9044255,66007190.91062553,285584344.49346995,2,1162965.4251351,,,,,,,,,
2021-01-01,303,10857,7897244.72635888,314762312.41698015,66261387.44290012,285584344.49346995,3,1164720.44888315,,,,,,,,,
2021-01-02,303,10874,7942616.72635888,314815772.7534907,66460193.16475059,285584344.49346995,2,1166475.4499617498,,,,,,,,,
2021-01-03,303,10982,7989202.62635888,314872743.201457,66635779.50604847,285584344.49346995,2,1167285.4565911,,,,,,,,,
2021-01-04,303,11100,8035569.62635888,314925933.65406346,66867237.55793483,285584344.49346995,2,1168230.4578429,,,,,,,,,
2021-01-05,303,11212,8082115.72635888,314980879.2165985,67279502.39169392,285584344.49346995,2,1169850.48225602,,,,,3092292.53713601,,,,
2021-01-06,303,11261,8127666.82635888,315042574.80454195,67700412.3942372,285584344.49346995,2,1171470.52764957,,,,,2831598.18980312,,,,
2021-01-07,303,11357,8173814.92635888,315103055.308922,67962527.16595826,285584344.49346995,2,1172955.54963827,,,,,2903061.93634272,,,,
2021-01-08,303,11433,8220002.82635888,315162725.8957989,68159266.60305461,285584344.49346995,2,1172955.54963827,,,,,2840483.90245631,,,,
2021-01-09,303,11472,8265136.02635888,315249937.3616159,68519827.41521707,285584344.49346995,2,1181055.68329708,,,,,2661998.7280456102,,,,
2021-01-10,303,11495,8310906.02635888,315294488.0188001,68970806.0110588,285584344.49346995,2,1183890.73731692,,,,,2621202.19530022,,,,
2021-01-11,303,11596,8356775.52635888,315352808.9621192,69227559.75262769,285584344.49346995,2,1185510.75421849,,,,,2668210.7115327497,,,,
2021-01-12,303,11559,8401888.82635888,315411129.904016,69613751.32880685,285584344.49346995,3,1189155.82582298,,,,,2627182.8197124694,,,,
2021-01-13,303,11641,8448036.92635888,315464320.6648025,70145265.960429,285584344.49346995,2,1190775.85050415,,,,,2556091.0181218195,,,,
2021-01-14,303,11763,8494423.82635888,315517106.5948682,70721095.49204464,285584344.49346995,3,1192395.89841557,,,,,2624711.1227561603,,,,
2021-01-15,303,11916,8541029.62635888,315494426.8482339,71385628.8147579,285584344.49346995,2,1193610.90390222,,,,,2619866.09759538,,,,
2021-01-16,303,12009,8576012.79608917,315546807.62171507,71765921.85364704,285584344.49346995,2,1195905.9181982,,,,,2509684.99620315,,,,
2021-01-17,303,12078,8622917.09608917,315604858.1303868,72216561.09188336,285584344.49346995,2,1198470.9238796,,,,,2492964.5787022505,,,,
2021-01-18,303,12142,8670000.49608917,315663178.55832505,72497757.20827702,285584344.49346995,2,1201035.9395483402,,,,,2301065.83578586,,,,
2021-01-19,303,12200,8716367.49608917,315717854.1501762,72781777.78452286,285584344.49346995,3,1203465.9424929398,,,,,2325271.26376215,,,,
2021-01-20,303,12288,8761679.79608917,315773474.518085,73080564.02303095,285584344.49346995,2,1205490.98987458,,,,,2101589.01040947,,,,
2021-01-21,303,12386,8806872.69608917,315827879.9104451,73434315.16627519,285584344.49346995,3,1208055.99511073,,,,,2123018.1280798805,,,,
2021-01-22,303,12505,8852244.69608917,315888765.43385834,73720298.39707872,285584344.49346995,2,1210486.01179774,,,,,2247713.5583176697,,,,
2021-01-23,303,12453,8898651.49608917,315943035.72790915,73924913.29441738,285584344.49346995,3,1212511.0361529298,,,,,2370514.4435242303,,,,
2021-01-24,303,12490,8945356.79608917,316006351.2225493,73989886.98843724,285584344.49346995,3,1214941.04560456,,,,,2488229.656517571,,,,
2021-01-25,303,12442,8990828.29608917,316061701.7624677,74188506.52995758,285584344.49346995,2,1216561.06215898,,,,,2507238.234872709,,,,
2021-01-26,303,12514,9036538.59608917,316241659.0693488,78495884.34546451,273714000.0009,3,1218721.08454347,,,,,10220380.21199549,,,,
2021-01-27,303,12472,9081393.19608917,316545277.14476275,78571020.94062959,273714000.0009,3,1221151.09182897,,,,,9991367.989408908,,,,
2021-01-28,303,12468,9127700.49608917,316858345.70538294,74368489.1554813,273714000.0009,3,1224661.11945443,,,,,14113926.85311425,,,,
2021-01-29,303,12456,9172873.49608917,316435926.16043806,75022432.89758283,273714000.0009,3,1223716.1348751895,,,,,13940617.89308115,,,,
2021-01-30,303,12487,9217847.49608917,316336025.04030126,75271798.63510199,273714000.0009,2,1225876.18915565,,,,,13702839.50344811,,,,
2021-01-31,303,12529,9264234.39608917,316396641.261238,75446849.92493112,273714000.0009,3,1228306.2139354695,,,,,13562064.65370336,,,,
2021-02-01,303,12495,9310362.59608917,316449157.37775815,75594494.26543269,273714000.0009,2,1230061.24194223,,,,,13447352.26151076,,,,
2021-02-02,303,12498,9357067.89608917,316514093.49635696,74721994.31034806,273714000.0009,3,1232491.26749716,,,,,14307759.503550695,,,,
2021-02-03,303,12604,9402738.39608917,316570794.6140065,74736780.31151462,273714000.0009,3,1235596.35262343,,,,,14124767.62490238,,,,
2021-02-04,303,12650,9448747.19608917,316629385.49137425,75131529.22065255,273714000.0009,2,1238296.3942995002,,,,,14053299.91174399,,,,
2021-02-05,303,12735,9495094.29608917,316683251.43766385,75365300.24827665,273714000.0009,2,1240186.42537902,,,,,14029422.327966472,,,,
2021-02-06,303,12831,9538376.79608917,316798813.141831,75544413.48089492,273714000.0009,2,1252201.61444313,,,,,13376899.776655355,,,,
2021-02-07,303,12920,9584027.39608917,316862398.9315419,75812978.14295074,273714000.0009,2,1252201.61444313,,,,,13306804.11559246,,,,
2021-02-08,303,12999,9629518.79608917,316917749.8253224,76114151.507856,273714000.0009,2,1253551.63521249,,,,,13193726.3696545,,,,
2021-02-09,303,13052,9675547.49608917,316976881.0710811,76236520.15861306,273714000.0009,2,1255036.69797177,,,,,13101324.204799782,,,,
2021-02-10,303,13094,9722670.69608917,317030207.04837525,76490675.00819048,273714000.0009,2,1256656.73727625,,,,,13043913.26290008,,,,
2021-02-11,303,13147,9768639.69608917,317088393.0351592,76822461.74823067,273714000.0009,3,1258816.74940998,,,,,12956384.8966753,,,,
2021-02-12,303,13276,9814150.99608917,317144148.817353,76972710.36097077,273714000.0009,2,1260841.77547563,,,,,12892105.372790452,,,,
2021-02-13,303,13351,9860915.99608917,317200849.60319805,77096945.63757911,273714000.0009,3,1262731.78774024,,,,,12602865.528668638,,,,
2021-02-14,303,13412,9907481.99608917,317264165.3647733,77302897.48601313,273714000.0009,3,1263811.7924532,,,,,12395073.299926909,,,,
2021-02-15,303,13525,9954187.29608917,317320865.9515298,77536754.72720437,273714000.0009,3,1266241.80674217,,,,,12343902.33776957,,,,
2021-02-16,303,13743,9996952.39608917,317372576.9068084,77627583.22437643,273714000.0009,2,1267996.86214571,,,,,12276637.84656812,,,,
2021-02-17,303,13633,10043100.49608917,317426305.6549952,77757535.06534694,273714000.0009,2,1267996.86214571,,,,,12194537.84283482,,,,
2021-02-18,303,13738,10088392.89608917,317487461.49966943,77908461.83073789,273714000.0009,2,1267996.86214571,,,,,12138523.06843702,,,,
2021-02-19,303,13795,10134341.99608917,317546457.211388,77995593.14113668,273714000.0009,2,1267996.86214571,,,,,12117565.97060232,,,,
2021-02-20,303,13828,10178699.09608917,317600998.0323387,78236261.86691079,273714000.0009,2,1267996.86214571,,,,,12003623.013134977,,,,
2021-02-21,303,13929,10224687.99608917,317661073.87751514,78475942.93081616,273714000.0009,2,1267996.86214571,,,,,11977446.65983597,,,,
2021-02-22,303,14039,10270059.99608917,317716154.4604509,78577393.15820563,273714000.0009,2,1267996.86214571,,,,,11854806.87295233,,,,
2021-02-23,303,14127,10315829.99608917,317774205.31419635,78709808.48683009,273714000.0009,2,1267996.86214571,,,,,11804399.24606296,,,,
2021-02-24,303,14225,10362774.09608917,317831581.0302961,78998693.30913618,273714000.0009,2,1267996.86214571,,,,,11992569.984497182,,,,
2021-02-25,303,14302,10406454.59608917,317895166.75287855,79188783.98785305,273714000.0009,2,1267996.86214571,,,,,11915122.26984833,,,,
2021-02-26,304,14398,10453717.09608917,317962937.8277509,79267764.14731187,273714000.0009,3,1268941.92213096,,,,,11901749.53529856,,,,
2021-02-27,303,14512,10499148.79608917,318031383.63583857,79455612.51840892,273714000.0009,2,1270156.94544552,,,,,11736434.697412102,,,,
2021-02-28,303,14581,10544620.29608917,318086059.3990867,79833246.12023896,273714000.0009,2,1271776.96565037,,,,,11363879.63905331,,,,
2021-03-01,303,14692,10589454.99608917,318136415.0353335,79621075.60182986,273714000.0009,2,1272856.97905765,,,500000.0,0.0,11241051.76207254,,,,
2021-03-02,457,14758,10635105.59608917,321410122.87650734,76581355.55819343,273714000.0009,3,1274071.98553145,,,500000.0,0.0,11127839.754243078,,,,
2021-03-03,1588,12464,10681790.99608917,285165891.5280789,113012988.17457192,273714000.0009,2,1273936.98234049,,,500000.0,0.0,11141657.528961036,,,,
2021-03-04,4228,7874,10727322.19608917,338065647.4133162,60385250.29718471,273714000.0009,2,1273936.98234049,,,500000.0,0.0,11058246.71199369,,,,
2021-03-05,6900,8048,10770505.19608917,202534497.49013028,196345606.81398955,273714000.0009,2,1273936.98234049,,,500000.0,0.0,11035245.714791998,,,,
2021-03-06,11374,7833,10816832.39608917,252998983.63012287,146026431.97365442,273714000.0009,2,1273936.98234049,,,500000.0,0.0,10908252.60717845,,,,
2021-03-07,14360,7768,10862841.19608917,312721413.63955086,86905151.16456105,273714000.0009,2,1273936.98234049,,,500000.0,0.0,10719192.855977232,,,,
2021-03-08,15187,7824,10908929.59608917,329486055.344205,69997240.02965815,273714000.0009,2,1273936.98234049,15150.0,303246511.77140963,500000.0,0.0,10685079.86261715,,,,
2021-03-09,15189,7814,10955674.69608917,329842635.2339826,69927158.17250215,273714000.0009,2,1273936.98234049,15150.0,303562280.630954,500000.0,0.0,10569664.559475372,0.0,0.0,,
2021-03-10,15189,7876,11001822.79608917,330155298.2833464,69566198.34944537,273714000.0009,2,1273936.98234049,15150.0,303874134.3949534,500000.0,0.0,10917698.12704379,0.0,0.0,,
2021-03-11,15189,7902,11046637.59608917,330459052.0886601,69658071.31777363,273714000.0009,2,1273936.98234049,15150.0,304176943.4504264,500000.0,0.0,10741896.244125431,0.0,0.0,,
2021-03-12,15191,7990,11092387.69608917,330809150.3985786,69349904.58549461,273714000.0009,2,1273936.98234049,15150.0,304485556.73508835,500000.0,0.0,10834816.54768535,0.0,0.0,,
2021-03-13,15168,8069,11138376.59608917,307528894.22124475,92874550.10658686,273714000.0009,2,1273936.98234049,15150.0,304796330.56677693,500000.0,0.0,10715735.89563567,0.0,0.0,,
2021-03-14,15170,8107,11183708.79608917,307877293.484535,92820158.14560723,273714000.0009,2,1273936.98234049,15150.0,305101299.8020026,500000.0,0.0,10563946.10574447,0.0,0.0,,
2021-03-15,15169,8088,11228165.39608917,308156267.2344243,92711537.62583852,273714000.0009,2,1273936.98234049,15150.0,305400598.54686177,500000.0,0.0,10295837.894131929,0.0,0.0,,
2021-03-16,15170,8109,11273915.49608917,307364780.04271376,93788937.8518616,273714000.0009,2,1273936.98234049,15150.0,305710158.0355443,500000.0,0.0,10214096.093520807,0.0,0.0,,
2021-03-17,15170,8123,11320222.79608917,307678658.98053825,93687803.28580192,273714000.0009,2,1273936.98234049,15150.0,306024171.9853165,500000.0,0.0,10073632.309151009,0.0,0.0,,
2021-03-18,15171,8189,11365793.79608917,308007145.4791571,93701218.47692798,273714000.0009,2,1273936.98234049,15150.0,306332382.4060371,500000.0,0.0,9841996.729987867,0.0,0.0,,
2021-03-19,15171,8240,11412339.89608917,308322507.8908136,94114286.04684718,273714000.0009,2,1273936.98234049,15150.0,306647746.09528065,500000.0,0.0,10430704.240790052,0.0,0.0,,
2021-03-20,15171,8305,11456298.99608917,308620456.93355453,94089842.30173364,273714000.0009,2,1273936.98234049,15150.0,306945019.7646539,500000.0,0.0,10281257.30629159,0.0,0.0,,
2021-03-21,15173,8338,11503939.59608917,308982860.9752549,93846633.72033376,273714000.0009,2,1273936.98234049,15150.0,307267808.5585047,500000.0,0.0,9917287.297617355,0.0,0.0,,
2021-03-22,15173,8415,11548754.39608917,309285677.22600424,93511304.39121763,273714000.0009,2,1273936.98234049,15150.0,307570482.5821856,500000.0,0.0,9824041.29605764,0.0,0.0,,
2021-03-23,15173,8444,11595797.99608917,309603849.37571967,93004381.0363358,273714000.0009,2,1273936.98234049,15150.0,307888681.95075536,500000.0,0.0,9820497.563307537,1.0,20000.0,,
2021-03-24,15174,8487,11641727.19608917,309934768.49496824,92387142.10541064,273714000.0009,2,1273936.98234049,15150.0,308199590.8740199,500000.0,0.0,9009415.46006889,1.0,20000.0,,
2021-03-25,15174,8579,11687079.29608917,310241357.0367232,92394728.61516084,273714000.0009,2,1273936.98234049,15150.0,308506180.0378146,500000.0,0.0,9117059.20876541,1.0,20000.0,,
2021-03-26,15174,8679,11733346.79608917,310554310.923281,92042098.4272745,273714000.0009,2,1273936.98234049,15150.0,308818573.9227195,800000.0,0.0,8348341.45324302,1.0,20135.00013683,,
2021-03-27,15175,8689,11775748.56965951,310895883.92185736,91993873.95769624,273714000.0009,2,1273936.98234049,15150.0,309139741.9173226,800000.0,0.0,8164583.554512071,1.0,20000.0,,
2021-03-28,15178,8683,11820026.06965951,311255702.1603111,91981853.43890704,273714000.0009,2,1273936.98234049,15150.0,309438770.1495615,800000.0,0.0,8137412.248626951,1.0,20135.00192185,,
2021-03-29,15180,8723,11867089.56965951,311614200.5950447,91905296.4700636,273714000.0009,2,1273936.98234049,15150.0,309757373.58523846,800000.0,0.0,8115033.025840099,1.0,20000.0,,
2021-03-30,15186,8860,11913635.66965951,312049275.1471175,91874391.52013116,273714000.0009,2,1273936.98234049,15150.0,310072603.00046825,800000.0,0.0,7940438.785930259,1.0,20000.0,,
2021-03-31,15186,8900,11959863.36965951,312362344.43173844,92026599.59101295,273714000.0009,2,1273936.98234049,15150.0,310385267.28322834,800000.0,0.0,7752095.24618791,1.0,20135.0007129,,
2021-04-01,15185,8908,12004936.86965951,312647843.0785732,92084632.44732931,273714000.0009,2,1273936.98234049,15150.0,310690506.06462127,800000.0,0.0,7573197.009996189,1.0,20135.0007129,,
2021-04-02,15185,8944,12052060.06965951,312967121.79102254,92092544.37502016,273714000.0009,2,1273936.98234049,15150.0,311009649.7754357,800000.0,0.0,7435231.29228773,1.0,20135.0007129,,
2021-04-03,15185,8901,12099024.06965951,313285455.25012773,92095017.05121398,273714000.0009,2,1273936.98234049,15150.0,311327308.2429278,800000.0,0.0,7412248.506765401,1.0,20135.0007129,,
2021-04-04,15185,8937,12144774.16965951,313595303.5183716,92177312.95335846,273714000.0009,2,1273936.98234049,15150.0,311637001.51233804,800000.0,0.0,7145182.099113651,1.0,20135.0007129,,
2021-04-05,15173,8961,12183559.26965951,313617051.03809714,92453010.80214672,273714000.0009,2,1273936.98234049,15150.0,311899309.0360224,800000.0,0.0,2566374.5263378806,1.0,20135.0007129,,
2021-04-06,15186,9085,12225906.46965951,314165007.650432,92137560.37405272,273714000.0009,2,1273936.98234049,15150.0,312186050.6437254,800000.0,0.0,7024161.30536575,2.0,40270.00252506,,
2021-04-07,15185,9186,12272372.96965951,314459832.8192525,92049710.96327049,273714000.0009,2,1273936.98234049,15150.0,312501145.7038068,800000.0,0.0,6713788.824995391,2.0,40270.00252506,,
2021-04-08,15186,9158,12317685.26965951,314786432.8700993,92055675.50593065,273714000.0009,2,1273936.98234049,15150.0,312807599.8272767,800000.0,0.0,6634466.47501963,2.0,40270.00046955,,
2021-04-09,15189,9150,12362898.06965951,315153032.54170656,92014926.00418028,273714000.0009,2,1273936.98234049,15150.0,313113648.49667686,800000.0,0.0,6621792.316209278,4.0,80270.00046955,,
2021-04-10,15191,9065,12408807.36965951,315503421.3944044,92016651.4939203,273714000.0009,2,1273936.98234049,15150.0,313424422.35061395,800000.0,0.0,6756627.661575112,6.0,120270.00046955,,
2021-04-11,15191,9073,12454497.76965951,315812575.8560592,92493443.20591936,273714000.0009,2,1273936.98234049,15150.0,313733306.81134266,800000.0,0.0,6720292.3719628295,6.0,120270.00202946,,
2021-04-12,15193,9065,12500725.46965951,316166184.5611676,92426261.43662477,273714000.0009,2,1273936.98234049,15150.0,314046780.5162544,800000.0,0.0,6559187.775764201,6.0,120270.00202946,,
2021-04-13,15196,9091,12547172.06965951,316540739.5482214,92541664.61910962,273714000.0009,2,1273936.98234049,15150.0,314360929.5028749,800000.0,0.0,6458829.4818404,8.0,160135.00143938,,
2021-04-14,15198,9172,12593240.56965951,316893269.06157273,92299913.51227789,273714000.0009,2,1273936.98234049,15150.0,314672243.99429286,800000.0,0.0,6366888.249184391,8.0,160135.00143938,,
2021-04-15,15201,9229,12638950.86965951,317262694.1700107,92139769.97379205,273714000.0009,2,1273936.98234049,15150.0,314982074.1030484,800000.0,0.0,6296755.33643152,8.0,160135.00143938,,
2021-04-16,15202,9254,12684899.96965951,317593572.62214845,92062426.7433294,273714000.0009,2,1273936.98234049,15150.0,315293118.3936714,800000.0,0.0,6269163.38888252,8.0,160270.01048312,,
2021-04-17,15201,9260,12730212.26965951,317880432.67667913,92020738.39003168,273714000.0009,2,1273936.98234049,15150.0,315599708.4561551,800000.0,0.0,6269859.959482611,8.0,160000.0,,
2021-04-18,15201,9257,12775982.26965951,318190531.7830436,92071326.53400736,273714000.0009,2,1273936.98234049,15150.0,315909942.57774013,800000.0,0.0,6187168.501516339,8.0,160135.00087658002,,
2021-04-19,15201,9370,12820399.06965951,318491045.0200511,92029768.60200442,273714000.0009,2,1273936.98234049,15150.0,316210321.8135089,800000.0,0.0,6170120.26520785,8.0,160000.0,,
2021-04-20,15203,9410,12867164.06965951,318847624.2197828,91999848.34744282,273714000.0009,2,1273936.98234049,15150.0,316526226.19855905,800000.0,0.0,6055968.58227891,9.0,180000.0,,
2021-04-21,15202,9400,12913252.46965951,319139748.6381998,91954235.6378162,273714000.0009,2,1273936.98234049,15150.0,316837810.6149056,800000.0,0.0,5921761.15568304,9.0,180000.0,,
2021-04-22,13063,11589,12958644.36965951,274686671.7785014,136561202.8660966,273714000.0009,2,1273936.98234049,13011.0,272383518.6970772,800000.0,1.008125,5658915.737824581,9.0,180270.02419134,,
2021-04-23,9486,15199,13004056.16965951,200010572.65425488,211777675.68581027,273714000.0009,2,1273936.98234049,9424.0,197507834.60045192,800000.0,1.008125,5560348.311257621,19.0,380135.0,,
2021-04-24,7421,17448,12968806.71952054,157009426.68742573,255675448.85439187,273714000.0009,2,1273936.98234049,7350.0,154325734.02851358,800000.0,1.008125,5388520.07770449,26.0,520135.0,,
2021-04-25,7423,17467,13015392.61952054,157347807.09980267,100063928.89270082,273714000.0009,2,1258156.96915431,7350.0,154639073.6194651,800000.0,156000001.008125,5408312.02679509,26.0,520135.00013468,,
2021-04-26,7426,17581,13061719.81952054,157720335.9288092,100103075.6955877,273714000.0009,2,1258156.96915431,7350.0,154951062.42555815,800000.0,156000001.008125,5209377.564401879,28.0,560675.00194409,,
2021-04-27,7432,17557,13108007.21952054,158151902.0854075,100437770.77520928,265713999.9006,2,1258156.96915431,7350.0,155261838.01896632,800000.0,156000001.008125,13193548.906427588,31.0,620945.6433561901,,
2021-04-28,7431,17816,13153936.41952054,158440382.41418892,100623770.970952,265713999.9006,2,1258156.96915431,7350.0,155568967.3094931,800000.0,156000001.008125,13102032.12112652,31.0,621215.67651038,,
2021-04-29,7435,17709,13199925.31952054,158828312.18930978,100656009.51971623,265713999.9006,2,1258156.96915431,7350.0,155877446.6117218,800000.0,156000001.008125,13020704.24333889,33.0,660945.64966465,,
2021-04-30,7442,17809,13244998.81952054,159251381.5068645,100647900.52504914,265713999.9006,2,1258156.96915431,7350.0,156180390.94278222,800000.0,156000001.008125,12918360.60000194,38.0,760540.63765066,,
2021-05-01,7443,18033,13291544.91952054,159561962.22947282,100875326.45338015,265713999.9006,2,1239046.96899348,7350.0,156491570.89968365,800000.0,156000001.008125,0.0,38.0,760946.2089877201,,
2021-05-02,7445,18237,13336976.61952054,159907335.93553063,100945542.65863612,265713999.9006,2,1239046.96899348,7350.0,156795190.11843216,800000.0,156000001.008125,12556470.756894264,39.0,781215.687655,,
2021-05-03,7446,18041,13381652.11952054,160226364.5147146,100983038.78727783,265713999.9006,2,1239046.96899348,7350.0,157093678.69625437,800000.0,156000001.008125,12352907.2219725,40.0,801485.68226424,,
2021-05-04,7465,18216,13426904.71952054,160905827.7810406,100559849.53657097,265713999.9006,2,1195561.96876632,7350.0,157396489.12599334,800000.0,156000001.008125,12467373.469809989,41.0,821485.6851302399,,
2021-05-05,7473,18437,13473072.71952054,161334713.7790559,100667318.00934096,265713999.9006,2,1195561.96876632,7350.0,157704700.9241883,800000.0,156000001.008125,12244563.545302233,42.0,841350.6952240099,,
2021-05-06,7499,18361,13518962.11952054,162163735.1500594,100424832.56861567,265713999.9006,2,1195561.96876632,7350.0,158011427.2214894,800000.0,156000001.008125,12187129.740829982,45.0,901350.6634426,,
2021-05-07,7501,18441,13564592.81952054,162509920.0430302,100716190.01882032,265713999.9006,2,1195561.96876632,7350.0,158313832.07986698,800000.0,156000001.008125,12062868.503858728,46.0,921755.69344261,,
2021-05-08,7627,19037,13609467.31952054,167135367.90746775,96536631.3907226,265713999.9006,2,1195561.96876632,7350.0,158610971.91817388,800000.0,156000001.008125,11866266.09131848,46.0,921485.68527472,,
2021-05-09,7772,19164,13656053.21952054,171509270.0114251,92611923.89731786,265713999.9006,2,1195561.96876632,7350.0,158921206.01446784,800000.0,156000001.008125,11792209.100324469,46.0,922430.68945695,,
2021-05-10,7843,19133,13701445.11952054,173393916.23104823,91257854.09411453,265713999.9006,2,1195561.96876632,7350.0,159224015.61224395,800000.0,156000001.008125,11480784.48449108,46.0,922835.71738663,,
2021-05-11,7845,19446,13746717.61952054,173734701.33270094,91346186.68240435,265713999.9006,2,1195561.96876632,7350.0,159527366.12735307,800000.0,156000001.008125,11315137.234952657,49.0,981621.14241564,,
2021-05-12,7845,19369,13793243.81952054,174047365.54454118,91460564.81417716,265713999.9006,2,1195561.96876632,7350.0,159839085.78805816,800000.0,156000001.008125,11219523.16897332,49.0,982160.69840351,,
2021-05-13,7845,19522,13839571.01952054,174358275.58371544,91540243.43420196,265713999.9006,2,1195561.96876632,7350.0,160148780.8637906,800000.0,156000001.008125,11021056.020703802,49.0,982295.65843656,,
2021-05-14,7849,19654,13885559.91952054,174746485.70185828,92177697.13506804,265713999.9006,2,1195561.96876632,7350.0,160455505.90660384,800000.0,156000001.008125,10818788.04446129,49.0,982295.65640563,,
2021-05-15,7845,19845,13931111.01952054,174871954.04929233,92414586.1160217,265713999.9006,2,1195561.96876632,7350.0,160759935.64973366,800000.0,156000001.008125,10685003.50877182,49.0,982295.6745368,,
2021-05-16,7845,20008,13977239.21952054,175062940.252735,92709805.06819914,265713999.9006,2,1195561.96876632,7350.0,161069224.33779436,800000.0,156000001.008125,10231409.81966476,49.0,982565.6754254,,
2021-05-17,7887,20042,14021675.91952054,176316769.20815262,91834333.43348488,265713999.9006,2,1195561.96876632,7350.0,161366903.19338262,800000.0,156000001.008125,10127321.424333371,50.0,981215.01452157,,
2021-05-18,7894,20196,14067585.21952054,176723412.88194162,91751482.98720215,265713999.9006,2,1195561.96876632,7350.0,161672547.6753853,800000.0,156000001.008125,10065855.7973367,52.0,1021080.00700638,,
2021-05-19,7902,20208,14113275.61952054,177128541.05905345,91041263.64735104,265713999.9006,2,1195561.96876632,7350.0,161977516.950396,800000.0,156000001.008125,9810823.67455628,53.0,1061080.00748313,,
2021-05-20,7916,20277,14158329.21952054,177649567.18735677,91534316.74142008,265713999.9006,2,1195561.96876632,7350.0,162279114.37589484,800000.0,156000001.008125,9698390.02351979,54.0,1080685.00719946,,
2021-05-21,7928,20233,14205551.91952054,178127041.78620753,91478319.8769826,265713999.9006,2,1195561.96876632,7350.0,162595019.3869027,800000.0,156000001.008125,9751857.62611146,54.0,1081080.00432391,,
2021-05-22,7946,20242,14251162.71952054,178673164.89961323,91139971.61296244,265713999.9006,2,1195561.96876632,7350.0,162899314.102032,800000.0,156000001.008125,9696415.380518612,54.0,1081620.00728612,,
2021-05-23,7967,20267,14297609.31952054,179304157.38530725,90855119.8392989,265713999.9006,2,1195561.96876632,7350.0,163209682.0655571,800000.0,156000001.008125,9629880.49421382,54.0,1081080.00645121,,
2021-05-24,7984,19874,14342682.81952054,179906676.61139202,90783195.29852705,265713999.9006,2,1195561.96876632,7350.0,163510601.47243285,800000.0,156000011.008125,9814727.009322852,54.0,1081080.00360599,,
2021-05-25,7998,19555,14389228.91952054,180436529.72330743,90549208.86469488,265713999.9006,2,1195561.96876632,7350.0,163785330.59118766,800000.0,156000011.008125,9728840.615571572,55.0,1101350.02657025,,
2021-05-26,8008,19640,14435078.51952054,180780262.99823952,90722820.689303,265713999.9006,2,1189426.95903582,7350.0,163987428.39948815,800000.0,156000031.008125,9422487.636975309,56.0,1121620.0313998698,,
2021-05-27,8022,19706,14480928.11952054,181303716.3122222,90673223.1805042,265713999.9006,2,1189426.95903582,7350.0,164270257.2774523,800000.0,156000051.008125,9303990.81659615,56.0,1122970.05477271,,
2021-05-28,8029,19816,14523852.41952054,181669617.2542697,90601975.4603676,265713999.9006,2,1189426.95903582,7350.0,164534048.2798863,800000.0,156000061.008125,9157374.933635892,56.0,1124050.03824484,,
2021-05-29,8034,19789,14570896.01952054,182083374.5421434,90615466.1126487,265713999.9006,2,1189426.95903582,7350.0,164844549.02562296,800000.0,156000071.008125,9159004.15269813,59.0,1185144.88973299,,
2021-05-30,8036,19808,14617382.41952054,182430776.1231769,90552760.75280371,265713999.9006,2,1189426.95903582,7350.0,165149785.38821182,800000.0,156000071.008125,8941425.74306279,61.0,1224475.36216731,,
2021-05-31,8036,19825,14661799.21952054,182727496.86147943,90604893.52718876,265713999.9006,2,1189426.95903582,7350.0,165427751.6723734,800000.0,156000071.008125,8997409.67220563,61.0,1224735.39884853,,
2021-06-01,8046,19450,14707449.81952054,183093763.20864084,90675816.40401584,265713999.9006,2,1189426.95903582,7350.0,165704098.2702152,800000.0,156000141.008125,8576146.25744138,62.0,1244189.64360013,,
2021-06-02,8063,19464,14751090.51952054,183556495.664502,90420814.76202388,265713999.9006,2,1189426.95903582,7350.0,165966404.7016415,800000.0,156000201.008125,8365498.163375819,64.0,1286710.68125676,,
2021-06-03,8082,19609,14797377.91952054,183998720.0176001,90285731.97116227,265713999.9006,2,1189426.95903582,7350.0,166242481.20109385,800000.0,156000201.273825,8325536.0994,64.0,1287238.96538326,,
2021-06-04,8086,19504,14826348.42082454,184121771.4494519,90486341.4226624,0.001,2,1189426.95903582,7350.0,166411906.87073028,800000.0,156000201.273825,0.0,64.0,1284862.56390792,,
2021-06-06,8099,19361,14989465.40055254,185444681.2798386,90280521.80967176,0.001,2,1189426.95903582,7350.0,167462745.56301826,800000.0,156000201.273825,0.0,65.0,1310803.55368808,,
2021-06-07,8099,19361,14989465.40055254,185444681.2798386,90280521.80967176,0.001,2,1189426.95903582,7350.0,167462745.56301826,800000.0,156800141.66817698,0.0,65.0,1308641.7792822598,,
2021-06-08,8095,19455,15000542.71800054,185436296.1929776,90276619.94615318,0.001,2,1189426.95903582,7350.0,167532945.47565824,800000.0,157050000.0,0.0,65.0,1309856.77776477,,
2021-06-09,8106,19553,15062472.28089654,186057436.64209223,89807670.11208177,0.001,2,1189426.95903582,7350.0,167925119.98761827,800000.0,157337100.56792435,4976081.210047579,73.0,1473937.40506694,,
2021-06-10,8118,19782,15115074.62317654,186391919.5461681,89583448.96812081,0.001,2,1189426.95903582,7350.0,168263429.56661028,800000.0,158297001.3858631,0.0,78.0,1573243.60418426,,
2021-06-11,8160,19894,15171674.34572054,187445479.9761693,89050814.45272888,0.001,2,1189426.95903582,7350.0,168636569.1022583,800000.0,158870846.62290823,0.0,85.0,1714668.63358334,,
2021-06-12,8183,20219,15264250.49064054,188112521.89651188,89153767.51156068,0.001,2,1189426.95903582,7350.0,169205458.39430624,800000.0,159421582.68809664,0.0,86.0,1729127.89153277,,
2021-06-13,8202,20507,15319000.67903254,188476275.31928825,89300166.61549556,0.001,2,1189426.95903582,7350.0,169531752.9882503,800000.0,159828594.8588708,0.0,87.0,1749394.89047031,,
2021-06-14,8216,20389,15374566.25344854,188745041.90890968,89023765.58496913,0.001,2,1189426.95903582,7350.0,169902192.52725828,800000.0,160242956.93124795,0.0,87.0,1747236.81270522,,
2021-06-15,8237,20626,15431842.14976854,189244430.341332,88691158.04326223,0.001,2,1189426.95903582,7350.0,170282082.05450627,800000.0,160666726.59767693,4458263.93941759,88.0,1765415.30640311,,
2021-06-16,8239,20665,15490370.40622622,189674823.38916123,88655675.98219661,0.001,2,1189426.95903582,7350.0,170668924.4645964,800000.0,161092457.1358568,0.0,89.0,1787896.51830367,,
2021-06-17,8238,20539,15545523.20437502,190022724.0491287,88721038.90118085,0.001,2,1189426.95903582,7350.0,171035611.8236587,800000.0,161502695.9366827,0.0,90.0,1808340.11438914,,
2021-06-18,8241,20626,15477287.4354991,190491355.6046931,88597169.37726925,0.001,2,1189426.95903582,7350.0,171383712.5678519,800000.0,161956083.24457222,0.0,91.0,1830862.0896820603,,
2021-06-19,8236,20627,15533535.46651894,190761220.11371863,88702979.06310228,0.001,2,1189426.95903582,7350.0,171717342.30475402,800000.0,162372175.75238663,0.0,86.0,1730790.93119896,,
2021-06-20,8239,20820,15588942.51515566,191190769.04691,88543139.62536362,0.001,2,1189426.95903582,7350.0,172053096.22621265,800000.0,162870021.65382808,0.0,89.0,1792326.87068507,,
2021-06-21,8245,20953,15645796.83580054,191687482.3243132,88580717.87313887,0.001,2,1189426.95903582,7350.0,172399338.3089189,800000.0,163289242.2744051,0.0,92.0,1850822.1194245,,
2021-06-22,8247,21014,15701614.5967639,192094112.6649218,88479269.89295833,0.001,2,1189426.95903582,7350.0,172734428.42270362,800000.0,163701245.2980756,0.0,93.0,1867090.15916707,,
2021-06-23,8250,21118,15757197.66496918,192525998.2376207,88483431.68171977,0.001,2,1189426.95903582,7350.0,173088636.19749665,800000.0,164112306.45817918,0.0,96.0,1928249.23552462,,
2021-06-24,8259,20796,15810785.84473078,193063434.5492856,88274913.3370462,0.001,2,1189426.95903582,7350.0,173442976.7338245,800000.0,164512735.32679927,0.0,101.0,2029647.22281635,,
2021-06-25,8268,20907,15869869.74657742,193638604.8460708,88233835.7668147,0.001,2,1189426.95903582,7350.0,173784837.68588296,800000.0,164951106.80320942,0.0,108.0,2171379.68112683,,
2021-06-26,8267,21096,15926900.08679086,194000136.88341823,88347233.25197864,0.001,2,1189426.95903582,7350.0,174126167.59180236,800000.0,165361933.4113749,0.0,107.0,2153105.5617488,,
2021-06-27,8271,21239,15979334.3604919,194429802.6287833,89177254.77681316,0.001,2,1189426.95903582,7350.0,174472011.38990426,800000.0,165754561.27693936,0.0,110.0,2214677.61313669,,
2021-06-28,8290,21390,16033935.4652029,195158362.0888163,89370877.35584716,0.001,2,1189426.95903582,7350.0,174832335.24962476,800000.0,166159383.01155436,0.0,113.0,2275547.3024226,,
2021-06-29,8299,21196,16088058.42918442,195692473.62819943,87938538.40359408,0.001,2,1189426.95903582,7350.0,175188373.3200661,800000.0,166558512.84602335,0.0,113.0,2276047.11648462,,
2021-06-30,8302,21332,16144566.34253826,196154388.92899883,88051048.43009937,0.001,2,1189426.95903582,7350.0,175560992.5547707,800000.0,166974204.84673136,0.0,114.0,2296279.0697506303,,
2021-07-01,8303,21436,16203478.4387271,196540475.1084917,87871850.1195429,0.001,2,1189426.95903582,7350.0,175905671.8748899,800000.0,167410397.20588735,0.0,113.0,2276959.77888989,,
2021-07-02,8310,21523,16257255.20038038,197036188.11556205,87792942.43548052,0.001,2,1189426.95903582,7350.0,176219669.51310456,800000.0,167807486.86661837,0.0,116.0,2338316.34884484,,
2021-07-03,8312,21582,16311993.63516766,197441119.96561447,87815627.97345711,0.001,2,1189426.95903582,7350.0,176547245.42756632,800000.0,168211075.66963136,0.0,117.0,2360398.6177375102,,
2021-07-04,8316,21721,16367982.24502914,197893219.10222152,87699390.16517459,0.001,2,1189426.95903582,7350.0,176885527.29060757,800000.0,,0.0,119.0,2403835.01637104,,
2021-07-06,8320,21777,16478555.42198646,198705085.5453538,87724445.57258056,0.001,2,1189426.95905582,7350.0,177549818.4174282,800000.00001,,0.0,120.0,2422976.384654569,,
2021-07-07,8321,21690,16533832.39372878,199094970.69206223,87779314.56866814,0.001,2,1189426.95905582,7350.0,177879613.85781497,800000.00001,169847088.48227736,0.0,120.0,2425979.1667113,,
2021-07-10,8310,21975,16698010.01666568,200458187.8512576,87696217.46388496,0.001,2,1189426.95905582,7350.0,178857200.66739696,800000.00001,171064944.2819704,0.0,111.0,2246373.1310941493,,
2021-07-11,8311,22099,16767748.04315037,200941008.2275521,87441188.40877904,0.001,2,1189426.95905582,7350.0,179276797.67761022,800000.00001,171569486.46457642,0.0,112.0,2266335.81920514,,
2021-07-13,8311,22273,16860410.5307415,201550136.3164512,87357884.33082485,0.001,2,1189426.95905582,7350.0,179833007.66789296,800000.00001,172266001.7579384,0.0,111.0,2246560.115799189,,
2021-07-14,8311,22437,16915603.25145816,201916826.7874328,87234344.12577678,0.001,2,1189426.95905582,7350.0,180165809.2133253,800000.00001,,0.0,112.0,2266809.37897304,,
2021-07-15,8311,22308,16970228.53501872,202282631.9893581,87225303.30400746,0.001,2,1189426.95905582,7350.0,180491035.414938,800000.00001,173080817.85241044,0.0,112.0,2270792.89331479,,
2021-07-16,8310,22453,17023113.67796724,202613908.6378476,87217048.57333437,0.001,2,1189426.95905582,7350.0,180808686.272731,800000.00001,173472982.1755498,0.0,110.0,2230267.7742815698,,
2021-07-17,8312,22442,17078438.80068699,203024974.18456945,87565083.00363867,0.001,2,1189426.95905582,7350.0,181138919.9050041,800000.00001,173876579.9619681,0.0,110.0,2233348.64180422,,
2021-07-18,8313,22452,17131494.17478234,203397550.9047362,87606352.82742491,0.001,2,1189426.95905582,7350.0,181458368.30200863,800000.00001,174267745.69677874,0.0,110.0,2233606.6074505,,
2021-07-19,8313,22469,17186989.52864892,203761400.3118916,87307807.89366287,0.001,2,1189426.95905582,7350.0,181794636.53020585,800000.00001,174684344.72813535,0.0,110.0,2235534.0930306194,,
2021-07-20,8326,22497,17241825.40554076,204372925.48768744,87242121.83220953,0.001,2,1189426.95905582,7350.0,182122481.23286623,800000.00001,175083418.22192666,0.0,111.0,2251058.25496764,,
2021-07-21,8334,22474,17294986.97285642,204768791.21302265,86953299.29525742,0.001,2,1189426.95905582,7350.0,182439916.1137525,800000.00001,175480689.31801513,0.0,111.0,2252809.5307488395,,
2021-07-22,8336,22580,17337006.56017835,205084237.328842,86937724.2730523,0.001,2,1189426.95905582,7350.0,182691060.8942151,800000.00001,175876633.08981675,0.0,111.0,2252272.2783473497,,
2021-07-23,8341,22746,17379825.98913589,205478163.7607488,86644870.06757349,0.001,2,1189426.95905582,7350.0,182949024.0850069,800000.00001,176261658.42351273,0.0,115.0,2341338.18200975,,
2021-07-24,8343,22750,17424096.29361849,205809205.120826,86548659.01399688,0.001,2,1189426.95905582,7350.0,183210143.9472476,800000.00001,176658564.5586486,0.0,117.0,2378683.33041024,,
2021-07-25,8343,22789,17509158.5215172,206378050.6526196,86626339.6998721,0.001,2,1189426.95905582,7350.0,183720262.0533656,800000.00001,,0.0,117.0,2383817.52446933,,
2021-07-26,8342,22899,17562654.90626172,206708806.1568221,86793701.92714524,0.001,2,1189426.95905582,7350.0,184037696.93425184,800000.00001,177458023.5284494,0.0,117.0,2382163.19971424,,
2021-07-27,8342,22889,17616262.89681586,207051614.3382969,86776077.88615729,0.001,2,1189426.95905582,7350.0,184358541.0203028,800000.00001,,0.0,118.0,2395997.76508458,,
2021-07-28,8349,22859,17670131.30092578,207546875.3377092,86989852.77406451,0.001,2,1189426.95905582,7350.0,184679385.10635376,800000.00001,,0.0,122.0,2477376.11850138,,
2021-07-29,8358,23064,17723144.06049528,208072174.381051,87281150.31668545,0.001,2,1189426.95905582,7350.0,184991769.3129221,800000.00001,178639133.33956185,0.0,131.0,2652410.89784789,,
2021-07-30,8360,22764,17776975.26266866,208471269.5112104,87193141.72860798,0.001,2,1189426.95905582,7350.0,185313371.0001207,800000.00001,179015967.325155,0.0,133.0,2695433.52864979,,
2021-07-31,8362,22757,17703485.44624784,208859891.2266184,87094117.2280035,0.001,2,1189426.95905582,7350.0,185622093.46780843,800000.00001,179413748.34314874,0.0,133.0,2697072.87570436,,
2021-08-01,8436,22730,17757785.31173175,210700065.6435997,85653886.03286135,0.001,2,1189426.95905582,7350.0,185941908.4057434,800000.00001,179809200.29557335,0.0,135.0,2740381.11154585,,
2021-08-02,8485,22761,17807961.81538721,212008406.4436092,84632836.19456908,0.001,2,1189426.95905582,7350.0,186247995.72199765,800000.00001,180199595.72695225,0.0,136.0,2759797.06288267,,
2021-08-03,8487,22758,17860571.23008393,212397800.0362934,84633846.95820796,0.001,2,1189426.95905582,7350.0,186575813.37510568,800000.00001,180582379.89953053,0.0,136.0,2761498.75713623,,
2021-08-04,8485,22866,17916144.04018429,212719195.71406868,84834102.89123374,0.001,2,1189426.95905582,7350.0,186885501.71861,800000.00001,181001928.7577116,0.0,134.0,2718334.53995806,,
2021-08-05,8482,22950,17968826.62513789,213000737.70323512,84939577.96403137,0.001,2,1189426.95905582,7350.0,187186001.23395896,800000.00001,181381998.9092897,0.0,132.0,2675472.64591728,,
2021-08-06,8483,23043,18025862.84037585,213393474.98622796,85217951.17545867,0.001,2,1189426.95905582,7350.0,187517668.2610239,800000.00001,181811287.0420425,6672689.876556951,127.0,2575557.8551869798,11.0,0.0
