date,DFIdepositsLOCK,DFIwithdrawalsLOCK,DUSDdepositsLOCK,DUSDwithdrawalsLOCK
2022-10-24 23:00,12113.22333444,0.0,0.0,0.0
2022-10-25 00:00,124.44555664,0.0,0.0,0.0
2022-10-25 01:00,0.0,0.0,0.0,0.0
2022-10-25 02:00,0.0,0.0,0.0,0.0
2022-10-25 03:00,0.0,0.0,0.0,0.0
2022-10-25 04:00,0.0,0.0,0.0,0.0
2022-10-25 05:00,0.0,0.0,0.0,0.0
2022-10-25 06:00,0.0,0.0,0.0,0.0
2022-10-25 07:00,0.0,0.0,0.0,0.0
2022-10-25 08:00,0.0,0.0,0.0,0.0
2022-10-25 09:00,130.0,0.0,0.0,0.0
2022-10-25 10:00,0.0,0.0,0.0,0.0
2022-10-25 11:00,190.0,0.0,0.0,0.0
2022-10-25 12:00,135.0,0.0,0.0,0.0
2022-10-25 13:00,0.0,0.0,0.0,0.0
2022-10-25 14:00,0.0,0.0,0.0,0.0
2022-10-25 15:00,0.0,0.0,0.0,0.0
2022-10-25 16:00,0.0,0.0,0.0,0.0
2022-10-25 17:00,0.0,0.0,0.0,0.0
2022-10-25 18:00,0.0,0.0,0.0,0.0
2022-10-25 19:00,0.0,0.0,0.0,0.0
2022-10-25 20:00,0.0,0.0,0.0,0.0
2022-10-25 21:00,0.0,0.0,0.0,0.0
2022-10-25 22:00,0.0,0.0,0.0,0.0
2022-10-25 23:00,0.0,0.0,0.0,0.0
2022-10-26 00:00,0.0,0.0,0.0,0.0
2022-10-26 01:00,0.0,0.0,0.0,0.0
2022-10-26 02:00,0.0,0.0,0.0,0.0
2022-10-26 03:00,0.0,0.0,0.0,0.0
2022-10-26 04:00,0.0,0.0,0.0,0.0
2022-10-26 05:00,0.0,0.0,0.0,0.0
2022-10-26 06:00,0.0,0.0,0.0,0.0
2022-10-26 07:00,0.0,0.0,0.0,0.0
2022-10-26 08:00,0.0,0.0,0.0,0.0
2022-10-26 09:00,0.0,0.0,0.0,0.0
2022-10-26 10:00,0.0,0.0,0.0,0.0
2022-10-26 11:00,0.0,0.0,0.0,0.0
2022-10-26 12:00,0.0,0.0,0.0,0.0
2022-10-26 13:00,0.0,0.0,0.0,0.0
2022-10-26 14:00,0.0,0.0,0.0,0.0
2022-10-26 15:00,0.0,0.0,0.0,0.0
2022-10-26 16:00,0.0,0.0,0.0,0.0
2022-10-26 17:00,0.0,0.0,0.0,0.0
2022-10-26 18:00,0.0,0.0,0.0,0.0
2022-10-26 19:00,0.0,0.0,0.0,0.0
2022-10-26 20:00,0.0,0.0,0.0,0.0
2022-10-26 21:00,0.0,0.0,0.0,0.0
2022-10-26 22:00,0.0,0.0,0.0,0.0
2022-10-26 23:00,0.0,0.0,0.0,0.0
2022-10-27 00:00,0.0,0.0,0.0,0.0
2022-10-27 01:00,0.0,0.0,0.0,0.0
2022-10-27 02:00,0.0,0.0,0.0,0.0
2022-10-27 03:00,0.0,0.0,0.0,0.0
2022-10-27 04:00,0.0,0.0,0.0,0.0
2022-10-27 05:00,0.0,0.0,0.0,0.0
2022-10-27 06:00,0.0,0.0,0.0,0.0
2022-10-27 07:00,0.0,0.0,0.0,0.0
2022-10-27 08:00,0.0,0.0,0.0,0.0
2022-10-27 09:00,0.0,0.0,0.0,0.0
2022-10-27 10:00,0.0,0.0,0.0,0.0
2022-10-27 11:00,0.0,0.0,0.0,0.0
2022-10-27 12:00,39071.28611311,1.0,0.0,0.0
2022-10-27 13:00,20194.64836881,0.0,0.0,0.0
2022-10-27 14:00,0.0,10000.0,0.0,0.0
2022-10-27 15:00,0.0,10000.0,0.0,0.0
2022-10-27 16:00,0.0,0.0,0.0,0.0
2022-10-27 17:00,0.0,0.0,0.0,0.0
2022-10-27 18:00,0.0,0.0,0.0,0.0
2022-10-27 19:00,0.0,0.0,0.0,0.0
2022-10-27 20:00,0.0,0.0,0.0,0.0
2022-10-27 21:00,0.0,27156.39833644,0.0,0.0
2022-10-27 22:00,0.0,0.0,0.0,0.0
2022-10-27 23:00,300.0,0.0,0.0,0.0
2022-10-28 00:00,0.0,0.0,0.0,0.0
2022-10-28 01:00,0.0,0.0,0.0,0.0
2022-10-28 02:00,0.0,0.0,0.0,0.0
2022-10-28 03:00,0.0,0.0,0.0,0.0
2022-10-28 04:00,0.0,0.0,0.0,0.0
2022-10-28 05:00,0.0,0.0,0.0,0.0
2022-10-28 06:00,0.0,0.0,0.0,0.0
2022-10-28 07:00,0.0,5.0,0.0,0.0
2022-10-28 08:00,0.0,0.0,0.0,0.0
2022-10-28 09:00,0.0,0.0,0.0,0.0
2022-10-28 10:00,0.0,0.0,0.0,0.0
2022-10-28 11:00,0.0,0.0,0.0,0.0
2022-10-28 12:00,57171.9649996,0.0,0.0,0.0
2022-10-28 13:00,43154.899997140004,0.0,0.0,0.0
2022-10-28 14:00,0.0,0.0,0.0,0.0
2022-10-28 15:00,1002.0,5385.0,0.0,0.0
2022-10-28 16:00,0.0,0.0,0.0,0.0
2022-10-28 17:00,0.0,0.0,0.0,0.0
2022-10-28 18:00,1002.0,0.0,0.0,0.0
2022-10-28 19:00,11082.0,236.0,0.0,0.0
2022-10-28 20:00,0.0,0.0,0.0,0.0
2022-10-28 21:00,0.0,0.0,0.0,0.0
2022-10-28 22:00,0.0,0.0,0.0,0.0
2022-10-28 23:00,0.0,0.0,0.0,0.0
2022-10-29 00:00,0.0,32.0,0.0,0.0
2022-10-29 01:00,0.0,0.0,0.0,0.0
2022-10-29 02:00,0.0,0.0,0.0,0.0
2022-10-29 03:00,0.0,0.0,0.0,0.0
2022-10-29 04:00,50.0,0.0,0.0,0.0
2022-10-29 05:00,0.0,0.0,0.0,0.0
2022-10-29 06:00,54530.715385460004,0.0,0.0,0.0
2022-10-29 07:00,0.0,0.0,0.0,0.0
2022-10-29 08:00,0.0,0.0,0.0,0.0
2022-10-29 09:00,0.0,0.0,0.0,0.0
2022-10-29 10:00,0.0,0.0,0.0,0.0
2022-10-29 11:00,0.0,0.0,0.0,0.0
2022-10-29 12:00,0.0,0.0,0.0,0.0
2022-10-29 13:00,0.0,0.0,0.0,0.0
2022-10-29 14:00,100.0,0.0,0.0,0.0
2022-10-29 15:00,69.85098106,69.85098106,0.0,0.0
2022-10-29 16:00,1551.5992080800002,0.0,0.0,0.0
2022-10-29 17:00,22.99996068,0.0,0.0,0.0
2022-10-29 18:00,442.73393743,0.0,0.0,0.0
2022-10-29 19:00,0.0,0.0,0.0,0.0
2022-10-29 20:00,139448.90610105998,0.0,0.0,0.0
2022-10-29 21:00,527.98946553,0.0,0.0,0.0
2022-10-29 22:00,321.81926434999997,10.0,0.0,0.0
2022-10-29 23:00,0.0,0.0,0.0,0.0
2022-10-30 00:00,0.0,0.0,0.0,0.0
2022-10-30 01:00,0.0,0.0,0.0,0.0
2022-10-30 02:00,0.0,0.0,0.0,0.0
2022-10-30 03:00,0.0,0.0,0.0,0.0
2022-10-30 04:00,0.0,0.0,0.0,0.0
2022-10-30 05:00,3.0,2.0,0.0,0.0
2022-10-30 06:00,15000.0999979,0.0,0.0,0.0
2022-10-30 07:00,1.69849176,0.0,0.0,0.0
2022-10-30 08:00,20.62175619,1.69849176,0.0,0.0
2022-10-30 09:00,0.8998114,0.0,0.0,0.0
2022-10-30 10:00,1.0,0.0,0.0,0.0
2022-10-30 11:00,0.0,0.0,0.0,0.0
2022-10-30 12:00,0.0,0.0,0.0,0.0
2022-10-30 13:00,0.0,0.0,0.0,0.0
2022-10-30 14:00,0.0,0.0,0.0,0.0
2022-10-30 15:00,0.0,0.0,0.0,0.0
2022-10-30 16:00,0.0,0.0,0.0,0.0
2022-10-30 17:00,0.0,0.0,0.0,0.0
2022-10-30 18:00,203.71816354,0.0,0.0,0.0
2022-10-30 19:00,16281.849381279999,0.0,0.0,0.0
2022-10-30 20:00,34887.29144149,0.0,0.0,0.0
2022-10-30 21:00,20818.568788340002,91.02821806,0.0,0.0
2022-10-30 22:00,6166.45193123,0.0,0.0,0.0
2022-10-30 23:00,6.9234832100000006,0.0,0.0,0.0
2022-10-31 00:00,87.54526757,0.0,0.0,0.0
2022-10-31 01:00,1406.9515703999998,0.0,0.0,0.0
2022-10-31 02:00,8262.83585895,0.0,0.0,0.0
2022-10-31 03:00,0.0,0.0,0.0,0.0
2022-10-31 04:00,2500.0,0.0,0.0,0.0
2022-10-31 05:00,128.0984506,0.0,0.0,0.0
2022-10-31 06:00,10623.64367079,2.368976,0.0,0.0
2022-10-31 07:00,3660.2160135100007,1078.58867361,0.0,0.0
2022-10-31 08:00,589.05841673,0.0,0.0,0.0
2022-10-31 09:00,412.0,1.123456,0.0,0.0
2022-10-31 10:00,506.0,0.0,0.0,0.0
2022-10-31 11:00,4481.86586269,0.0,0.0,0.0
2022-10-31 12:00,4.0,0.0,0.0,0.0
2022-10-31 13:00,2156.26456963,0.0,0.0,0.0
2022-10-31 14:00,1528.99999396,25000.0999958,0.0,0.0
2022-10-31 15:00,30023.091199009996,0.0,0.0,0.0
2022-10-31 16:00,3218.27969647,0.0,0.0,0.0
2022-10-31 17:00,2101.0,0.0,0.0,0.0
2022-10-31 18:00,32392.11892942,119.37502641,0.0,0.0
2022-10-31 19:00,8982.8429773,0.0,0.0,0.0
2022-10-31 20:00,185.77524525,0.0,0.0,0.0
2022-10-31 21:00,0.73327471,167.07470926000002,0.0,0.0
2022-10-31 22:00,114.6588587,5.0,0.0,0.0
2022-10-31 23:00,36.0,0.0,0.0,0.0
2022-11-01 00:00,211.25672706,0.0,0.0,0.0
2022-11-01 01:00,3560.0,5.0,0.0,0.0
2022-11-01 02:00,0.0,0.0,0.0,0.0
2022-11-01 03:00,29.84661162,0.0,0.0,0.0
2022-11-01 04:00,0.0,0.0,0.0,0.0
2022-11-01 05:00,11.0,0.73327471,0.0,0.0
2022-11-01 06:00,431.92406702,0.0,0.0,0.0
2022-11-01 07:00,10.37146919,0.0,0.0,0.0
2022-11-01 08:00,390.16736725,0.0,0.0,0.0
2022-11-01 09:00,1585.81973152,0.0,0.0,0.0
2022-11-01 10:00,172.37599303000002,0.0,0.0,0.0
2022-11-01 11:00,1925.93283288,0.0,0.0,0.0
2022-11-01 12:00,1747.7647704600001,0.0,0.0,0.0
2022-11-01 13:00,303.95832638,0.0,0.0,0.0
2022-11-01 14:00,83.0,0.0,0.0,0.0
2022-11-01 15:00,0.0,0.0,0.0,0.0
2022-11-01 16:00,96.79999589,0.0,0.0,0.0
2022-11-01 17:00,126.0,1.111111111111,0.0,0.0
2022-11-01 18:00,883.9999979,0.0,0.0,0.0
2022-11-01 19:00,258.99999593,0.0,0.0,0.0
2022-11-01 20:00,0.0,0.0,0.0,0.0
2022-11-01 21:00,125.75535684,0.0,0.0,0.0
2022-11-01 22:00,180.14705623999998,0.0,0.0,0.0
2022-11-01 23:00,0.0,0.0,0.0,0.0
2022-11-02 00:00,2.82140484,0.0,0.0,0.0
2022-11-02 01:00,0.0,8313.58928114,0.0,0.0
2022-11-02 02:00,8315.25325074,0.0,0.0,0.0
2022-11-02 03:00,7.8877654,0.0,0.0,0.0
2022-11-02 04:00,1000.0,0.0,0.0,0.0
2022-11-02 05:00,104.82590092000001,2.85414047,0.0,0.0
2022-11-02 06:00,25.154544,0.0,0.0,0.0
2022-11-02 07:00,697.0,0.0,0.0,0.0
2022-11-02 08:00,14.44060838,0.0,0.0,0.0
2022-11-02 09:00,25.24844177,95.0,0.0,0.0
2022-11-02 10:00,6.44436417,0.0,0.0,0.0
2022-11-02 11:00,94.53310611,0.0,0.0,0.0
2022-11-02 12:00,95.23326297,1.0,0.0,0.0
2022-11-02 13:00,2108.06126554,0.0,0.0,0.0
2022-11-02 14:00,5643.62796852,0.0,0.0,0.0
2022-11-02 15:00,0.0,0.0,0.0,0.0
2022-11-02 16:00,0.0,0.0,0.0,0.0
2022-11-02 17:00,100.0,3.13022496,0.0,0.0
2022-11-02 18:00,199.99999593,0.0,0.0,0.0
2022-11-02 19:00,21.05605884,138.71138208,0.0,0.0
2022-11-02 20:00,3085.58165557,0.0,0.0,0.0
2022-11-02 21:00,196.42946124,0.0,0.0,0.0
2022-11-02 22:00,895.0,42447.70754427,0.0,0.0
2022-11-02 23:00,0.0,0.0,0.0,0.0
2022-11-03 00:00,0.0,0.0,0.0,0.0
2022-11-03 01:00,0.0,0.0,0.0,0.0
2022-11-03 02:00,0.0,100.0,0.0,0.0
2022-11-03 03:00,17.17341072,0.0,0.0,0.0
2022-11-03 04:00,47.0,0.0,0.0,0.0
2022-11-03 05:00,119.21231534,0.0,0.0,0.0
2022-11-03 06:00,524.8066767400001,0.0,0.0,0.0
2022-11-03 07:00,15.13422679,0.0,0.0,0.0
2022-11-03 08:00,82.17133675,100.0,0.0,0.0
2022-11-03 09:00,22.2596006,0.0,0.0,0.0
2022-11-03 10:00,6973.941539349999,125.0,0.0,0.0
2022-11-03 11:00,200.62999593,0.0,0.0,0.0
2022-11-03 12:00,0.0,0.0,0.0,0.0
2022-11-03 13:00,14.35391168,0.0,0.0,0.0
2022-11-03 14:00,47.9,9.99999368,0.0,0.0
2022-11-03 15:00,1941.3359716400012,0.0,0.0,0.0
2022-11-03 16:00,550.02945777,0.0,0.0,0.0
2022-11-03 17:00,7465.5478872700005,5.09217708,0.0,0.0
2022-11-03 18:00,61274.928616269994,0.0,0.0,0.0
2022-11-03 19:00,2792.17824269,10.0,0.0,0.0
2022-11-03 20:00,597.32790125,0.0,0.0,0.0
2022-11-03 21:00,11791.2042399,769.0,0.0,0.0
2022-11-03 22:00,25.0,41.0,0.0,0.0
2022-11-03 23:00,4.23332693,0.0,0.0,0.0
2022-11-04 00:00,0.0,0.0,0.0,0.0
2022-11-04 01:00,3615.84813749,1.0,0.0,0.0
2022-11-04 02:00,49.99999593,0.0,0.0,0.0
2022-11-04 03:00,1358.67632633,0.0,0.0,0.0
2022-11-04 04:00,600.00819604,0.0,0.0,0.0
2022-11-04 05:00,10859.72785782,0.0,0.0,0.0
2022-11-04 06:00,63017.66776009,0.0,0.0,0.0
2022-11-04 07:00,2402.04784887,1001.09217708,0.0,0.0
2022-11-04 08:00,8206.32222801,2.0,0.0,0.0
2022-11-04 09:00,10926.76868991,0.0,0.0,0.0
2022-11-04 10:00,132959.16689687,0.0,0.0,0.0
2022-11-04 11:00,70746.51761619,3.77282194,0.0,0.0
2022-11-04 12:00,45928.27387645,0.0,0.0,0.0
2022-11-04 13:00,256.63507161,0.0,0.0,0.0
2022-11-04 14:00,419.65183327,0.0,0.0,0.0
2022-11-04 15:00,3401.8434921599996,0.0,0.0,0.0
2022-11-04 16:00,4047.75961113,0.0,0.0,0.0
2022-11-04 17:00,445.15351899,0.0,0.0,0.0
2022-11-04 18:00,345.90950516,0.0,0.0,0.0
2022-11-04 19:00,428.0779171499999,0.0,0.0,0.0
2022-11-04 20:00,941.8722483900001,8.94023532,0.0,0.0
2022-11-04 21:00,117.10396755000001,0.0,0.0,0.0
2022-11-04 22:00,471.89773814,3.0,0.0,0.0
2022-11-04 23:00,100.86240716,0.0,0.0,0.0
2022-11-05 00:00,200.0,0.0,0.0,0.0
2022-11-05 01:00,310.75971105,0.0,0.0,0.0
2022-11-05 02:00,1009.79999722,0.0,0.0,0.0
2022-11-05 03:00,0.95509181,0.0,0.0,0.0
2022-11-05 04:00,15.54231151,1.0,0.0,0.0
2022-11-05 05:00,31.89034293,1000.01450676,0.0,0.0
2022-11-05 06:00,7301.66545526,66.6060544,0.0,0.0
2022-11-05 07:00,480.61680347000004,4.6977581100000005,0.0,0.0
2022-11-05 08:00,217.07965553,1.86816126,0.0,0.0
2022-11-05 09:00,1502.36725185,0.0,0.0,0.0
2022-11-05 10:00,234.71347673999998,0.0,0.0,0.0
2022-11-05 11:00,25.6756488,57.0250011,0.0,0.0
2022-11-05 12:00,385.54270815000007,0.0,0.0,0.0
2022-11-05 13:00,262.47780315000017,20.0,0.0,0.0
2022-11-05 14:00,3256.26772325,0.0,0.0,0.0
2022-11-05 15:00,355.84695081999996,20.0,0.0,0.0
2022-11-05 16:00,725.7332906600001,68.42001289999999,0.0,0.0
2022-11-05 17:00,1367.50145281,28.00228323,0.0,0.0
2022-11-05 18:00,545.99999578,34.3073896,0.0,0.0
2022-11-05 19:00,5151.46084327,0.0,0.0,0.0
2022-11-05 20:00,25.88442574,0.0,0.0,0.0
2022-11-05 21:00,414.54976072,0.0,0.0,0.0
2022-11-05 22:00,325.48373561999995,0.0,0.0,0.0
2022-11-05 23:00,2018.58904278,0.0,0.0,0.0
2022-11-06 00:00,143.68659734,0.0,0.0,0.0
2022-11-06 01:00,21.57822568,0.0,0.0,0.0
2022-11-06 02:00,2000.0,0.0,0.0,0.0
2022-11-06 03:00,16.34183391,0.0,0.0,0.0
2022-11-06 04:00,78.0,0.0,0.0,0.0
2022-11-06 05:00,150.17013321,81.18094277,0.0,0.0
2022-11-06 06:00,297.22924754999997,0.0,0.0,0.0
2022-11-06 07:00,712.4890696,0.0,0.0,0.0
2022-11-06 08:00,111.95290598,0.0,0.0,0.0
2022-11-06 09:00,182.15086212,37.23533676,0.0,0.0
2022-11-06 10:00,262.35684745000026,0.0,0.0,0.0
2022-11-06 11:00,14606.332306600001,16.0,0.0,0.0
2022-11-06 12:00,199.76408559,22.14166398,0.0,0.0
2022-11-06 13:00,6166.61862369,38.24142116,0.0,0.0
2022-11-06 14:00,140.66535191000003,0.0,0.0,0.0
2022-11-06 15:00,963.4004397199999,0.0,0.0,0.0
2022-11-06 16:00,3270.0255462,0.0,0.0,0.0
2022-11-06 17:00,124.52550878000001,59765.38989687,0.0,0.0
2022-11-06 18:00,974.78873184,600.0,0.0,0.0
2022-11-06 19:00,521.9946045300001,0.0,0.0,0.0
2022-11-06 20:00,17.07898277,0.0,0.0,0.0
2022-11-06 21:00,424.72604055,505.44211885,0.0,0.0
2022-11-06 22:00,147.55617194,0.0,0.0,0.0
2022-11-06 23:00,0.0,0.0,0.0,0.0
2022-11-07 00:00,0.0,0.0,0.0,0.0
2022-11-07 01:00,0.0,0.0,0.0,0.0
2022-11-07 02:00,0.0,0.0,0.0,0.0
2022-11-07 03:00,0.0,0.0,0.0,0.0
2022-11-07 04:00,30052.50990109,0.0,0.0,0.0
2022-11-07 05:00,10.37135441,4881.26702286,0.0,0.0
2022-11-07 06:00,362.03197281,0.0,0.0,0.0
2022-11-07 07:00,1123.98682316,0.0,0.0,0.0
2022-11-07 08:00,13098.182026019998,0.0,0.0,0.0
2022-11-07 09:00,24.99838138,0.0,0.0,0.0
2022-11-07 10:00,589.31713394,0.0,0.0,0.0
2022-11-07 11:00,615.36899567,1.0,0.0,0.0
2022-11-07 12:00,62.219443690000006,0.0,0.0,0.0
2022-11-07 13:00,4322.13055511,0.0,0.0,0.0
2022-11-07 14:00,6107.59355818,0.0,0.0,0.0
2022-11-07 15:00,12049.44342693,68.73954257,0.0,0.0
2022-11-07 16:00,171.00198540999997,7.07819606,0.0,0.0
2022-11-07 17:00,0.0,0.0,0.0,0.0
2022-11-07 18:00,462.38401523,7062.42116834,0.0,0.0
2022-11-07 19:00,1374.3371904299997,50.0,0.0,0.0
2022-11-07 20:00,665.25404532,0.0,0.0,0.0
2022-11-07 21:00,195.27729797,5.0,0.0,0.0
2022-11-07 22:00,190.303625,0.0,0.0,0.0
2022-11-07 23:00,235.41248765,620.40077378,0.0,0.0
2022-11-08 00:00,0.0,0.0,0.0,0.0
2022-11-08 01:00,0.0,0.0,0.0,0.0
2022-11-08 02:00,500.0,0.0,0.0,0.0
2022-11-08 03:00,0.0,0.0,0.0,0.0
2022-11-08 04:00,55.77680925,48.60328183,0.0,0.0
2022-11-08 05:00,40.59073808,23.03225084,0.0,0.0
2022-11-08 06:00,142.27507794000002,0.0,0.0,0.0
2022-11-08 07:00,1077.28725989,0.0,0.0,0.0
2022-11-08 08:00,3782.29648892,0.0,0.0,0.0
2022-11-08 09:00,353.83767048,0.0,0.0,0.0
2022-11-08 10:00,1478.6889218400001,0.0,0.0,0.0
2022-11-08 11:00,780462.53879878,0.0,0.0,0.0
2022-11-08 12:00,43380.17676231,0.0,0.0,0.0
2022-11-08 13:00,1987.58867235,0.0,0.0,0.0
2022-11-08 14:00,19756.11455036,0.0,0.0,0.0
2022-11-08 15:00,362.44945671,0.0,0.0,0.0
2022-11-08 16:00,471.39180092,0.0,0.0,0.0
2022-11-08 17:00,273.31419890999996,116.37862944,0.0,0.0
2022-11-08 18:00,99.38531536,0.0,0.0,0.0
2022-11-08 19:00,2744.7604195100002,906.3937195,0.0,0.0
2022-11-08 20:00,275.97885486,3815.48833267,0.0,0.0
2022-11-08 21:00,36110.07169898,33233.187093119996,0.0,0.0
2022-11-08 22:00,232563.97878962994,229146.76983426,0.0,0.0
2022-11-08 23:00,280.35292261,0.0,0.0,0.0
2022-11-09 00:00,3.69901197,0.0,0.0,0.0
2022-11-09 01:00,4.31261184,0.0,0.0,0.0
2022-11-09 02:00,0.0,0.0,0.0,0.0
2022-11-09 03:00,6762.8721322500005,0.0,0.0,0.0
2022-11-09 04:00,86.10824704999999,0.0,0.0,0.0
2022-11-09 05:00,424.0,0.0,0.0,0.0
2022-11-09 06:00,72.57269414,1178.09864548,0.0,0.0
2022-11-09 07:00,49.8757702,0.0,0.0,0.0
2022-11-09 08:00,532.9418507000001,31.55563123,0.0,0.0
2022-11-09 09:00,7381.44145037,0.0,0.0,0.0
2022-11-09 10:00,100.51831490000001,0.0,0.0,0.0
2022-11-09 11:00,7204.816370619999,296.10668766000003,0.0,0.0
2022-11-09 12:00,14581.899526729998,0.0,0.0,0.0
2022-11-09 13:00,0.0,0.0,0.0,0.0
2022-11-09 14:00,8.01667876,16.03333888,0.0,0.0
2022-11-09 15:00,31570.24015594,3618.66109056,0.0,0.0
2022-11-09 16:00,8306.36552293,200.0,0.0,0.0
2022-11-09 17:00,3681.73242522,2457.53305547,0.0,0.0
2022-11-09 18:00,10771.036217070001,0.0,0.0,0.0
2022-11-09 19:00,32343.981400309996,0.0,0.0,0.0
2022-11-09 20:00,3600.24337633,2732.4293620800004,0.0,0.0
2022-11-09 21:00,94.08779320000001,1655.27536904,0.0,0.0
2022-11-09 22:00,11510.31969743,365.47227109,0.0,0.0
2022-11-09 23:00,1869.95434157,250.0,0.0,0.0
2022-11-10 00:00,82.0,600.78904253,0.0,0.0
2022-11-10 01:00,0.48592638,0.0,0.0,0.0
2022-11-10 02:00,0.0,0.0,0.0,0.0
2022-11-10 03:00,10.18126612,0.0,0.0,0.0
2022-11-10 04:00,1003.29459819,0.0,0.0,0.0
2022-11-10 05:00,439.74858885,0.0,0.0,0.0
2022-11-10 06:00,160.06100599,0.0,0.0,0.0
2022-11-10 07:00,7026.75475247,0.0,0.0,0.0
2022-11-10 08:00,1373.4674609899998,0.0,0.0,0.0
2022-11-10 09:00,10024.14885892,0.0,0.0,0.0
2022-11-10 10:00,392.78839996,20000.0,0.0,0.0
2022-11-10 11:00,73504.52102872,0.0,0.0,0.0
2022-11-10 12:00,13046.884999150001,1002.0,0.0,0.0
2022-11-10 13:00,6518.7377953000005,0.0,0.0,0.0
2022-11-10 14:00,14731.51456644,0.0,0.0,0.0
2022-11-10 15:00,3032.19003628,0.0,0.0,0.0
2022-11-10 16:00,1839.1775805399998,7.10421477,0.0,0.0
2022-11-10 17:00,0.0,0.0,0.0,0.0
2022-11-10 18:00,2186.09950037,0.0,0.0,0.0
2022-11-10 19:00,17637.06180254,789.01805405,0.0,0.0
2022-11-10 20:00,27029.02013852,0.0,0.0,0.0
2022-11-10 21:00,810.05881248,13848.9306906,0.0,0.0
2022-11-10 22:00,53.8769624,0.0,0.0,0.0
2022-11-10 23:00,2.46451927,11724.67728263,0.0,0.0
2022-11-11 00:00,0.0,0.0,0.0,0.0
2022-11-11 01:00,0.0,0.0,0.0,0.0
2022-11-11 02:00,0.0,0.0,0.0,0.0
2022-11-11 03:00,8.65858491,0.0,0.0,0.0
2022-11-11 04:00,28.27815116,0.0,0.0,0.0
2022-11-11 05:00,33.95700703,70.88185196,0.0,0.0
2022-11-11 06:00,0.0,0.0,0.0,0.0
2022-11-11 07:00,182.99817862999998,0.0,0.0,0.0
2022-11-11 08:00,82.86581601,0.0,0.0,0.0
2022-11-11 09:00,2252.4914752,159.79531436,0.0,0.0
2022-11-11 10:00,939.4086714099999,18000.0,0.0,0.0
2022-11-11 11:00,1260.88129719,79.99658121,0.0,0.0
2022-11-11 12:00,906.89261915,0.0,0.0,0.0
2022-11-11 13:00,5254.456662889999,4842.646420380001,0.0,0.0
2022-11-11 14:00,3348.9919284200005,130.40026488,0.0,0.0
2022-11-11 15:00,5059.079631070001,4.16890784,0.0,0.0
2022-11-11 16:00,5467.80133645,673.712,0.0,0.0
2022-11-11 17:00,3676.1089698200008,3000.0,0.0,0.0
2022-11-11 18:00,83.63569384,0.0,0.0,0.0
2022-11-11 19:00,4100.85824193,0.0,0.0,0.0
2022-11-11 20:00,2210.74564201,0.0,0.0,0.0
2022-11-11 21:00,6404.5523823,0.0,0.0,0.0
2022-11-11 22:00,94.93350592,0.0,0.0,0.0
2022-11-11 23:00,13.18253369,0.0,0.0,0.0
2022-11-12 00:00,1042.2331618399999,0.0,0.0,0.0
2022-11-12 01:00,134.8,0.0,0.0,0.0
2022-11-12 02:00,105.38871911,0.0,0.0,0.0
2022-11-12 03:00,8.28803245,0.0,0.0,0.0
2022-11-12 04:00,50.0,0.0,0.0,0.0
2022-11-12 05:00,16.00567532,0.0,0.0,0.0
2022-11-12 06:00,63.19834988,0.0,0.0,0.0
2022-11-12 07:00,73.17906823,0.0,0.0,0.0
2022-11-12 08:00,952.4043296800003,0.0,0.0,0.0
2022-11-12 09:00,1544.8100371,0.0,0.0,0.0
2022-11-12 10:00,5963.800107229999,9269.96969493,0.0,0.0
2022-11-12 11:00,7.77955496,0.0,0.0,0.0
2022-11-12 12:00,124.50698588,0.0,0.0,0.0
2022-11-12 13:00,828.31008875,0.0,0.0,0.0
2022-11-12 14:00,16991.24701229,0.0,0.0,0.0
2022-11-12 15:00,531.93902192,0.0,0.0,0.0
2022-11-12 16:00,136.10153657,0.0,0.0,0.0
2022-11-12 17:00,6197.547939399999,0.0,0.0,0.0
2022-11-12 18:00,830.73916616,0.0,0.0,0.0
2022-11-12 19:00,127.06173689,0.0,0.0,0.0
2022-11-12 20:00,205.08223787,0.0,0.0,0.0
2022-11-12 21:00,132.70289089,2.0,0.0,0.0
2022-11-12 22:00,368.7224485,0.0,0.0,0.0
2022-11-12 23:00,547.8524945,0.0,0.0,0.0
2022-11-13 00:00,3840.98988641,0.0,0.0,0.0
2022-11-13 01:00,162.33712393,0.0,0.0,0.0
2022-11-13 02:00,25.11332333,0.0,0.0,0.0
2022-11-13 03:00,0.0,0.0,0.0,0.0
2022-11-13 04:00,7.35792624,0.0,0.0,0.0
2022-11-13 05:00,279.12586712999996,0.0,0.0,0.0
2022-11-13 06:00,7390.14973513,0.0,0.0,0.0
2022-11-13 07:00,907.27665987,2200.0,0.0,0.0
2022-11-13 08:00,34135.45271962,0.0,0.0,0.0
2022-11-13 09:00,6597.776706540001,2231.0,0.0,0.0
2022-11-13 10:00,8839.85395319,0.0,0.0,0.0
2022-11-13 11:00,8009.4940148000005,1.0,0.0,0.0
2022-11-13 12:00,10184.71406971,0.0,0.0,0.0
2022-11-13 13:00,2685.6146817,0.0,0.0,0.0
2022-11-13 14:00,3760.07736946,2430.36891244,0.0,0.0
2022-11-13 15:00,122.51817537999999,0.0,0.0,0.0
2022-11-13 16:00,480.75169652,0.0,0.0,0.0
2022-11-13 17:00,30510.5983883,0.0,0.0,0.0
2022-11-13 18:00,9773.58154384,0.0,0.0,0.0
2022-11-13 19:00,5468.561657939999,0.0,0.0,0.0
2022-11-13 20:00,8264.511811370001,0.0,0.0,0.0
2022-11-13 21:00,5401.28944584,29.13152002,0.0,0.0
2022-11-13 22:00,3924.7466609000007,0.0,0.0,0.0
2022-11-13 23:00,82.77720065,0.0,0.0,0.0
2022-11-14 00:00,66.45796489,0.0,0.0,0.0
2022-11-14 01:00,25.96787839,0.0,0.0,0.0
2022-11-14 02:00,0.0,0.0,0.0,0.0
2022-11-14 03:00,46.287846300000005,0.0,0.0,0.0
2022-11-14 04:00,1568.4548457,0.0,0.0,0.0
2022-11-14 05:00,1650.94723711,0.0,0.0,0.0
2022-11-14 06:00,948.52478733,42.27153249,0.0,0.0
2022-11-14 07:00,8371.77611945,0.0,0.0,0.0
2022-11-14 08:00,6827.92696259,102.0,0.0,0.0
2022-11-14 09:00,1793.17875714,0.0,0.0,0.0
2022-11-14 10:00,4571.340358629999,0.0,0.0,0.0
2022-11-14 11:00,12625.392062140001,0.0,0.0,0.0
2022-11-14 12:00,21335.99658895,0.0,0.0,0.0
2022-11-14 13:00,4704.82308461,0.0,0.0,0.0
2022-11-14 14:00,571.03377873,0.0,0.0,0.0
2022-11-14 15:00,2572.29990426,1994.12491916,0.0,0.0
2022-11-14 16:00,68333.99626682998,0.0,0.0,0.0
2022-11-14 17:00,157.00573373,0.0,0.0,0.0
2022-11-14 18:00,10943.706980140001,222.08371266,0.0,0.0
2022-11-14 19:00,19262.184573879997,0.0,0.0,0.0
2022-11-14 20:00,10937.76527923,0.0,0.0,0.0
2022-11-14 21:00,21590.20377058,917.0,0.0,0.0
2022-11-14 22:00,10932.26981505,0.0,0.0,0.0
2022-11-14 23:00,47.261453599999996,0.0,0.0,0.0
2022-11-15 00:00,237.20578867,0.0,0.0,0.0
2022-11-15 01:00,39.40650599,0.0,0.0,0.0
2022-11-15 02:00,643.8072594,0.0,0.0,0.0
2022-11-15 03:00,10.08591042,0.0,0.0,0.0
2022-11-15 04:00,10052.76886378,0.0,0.0,0.0
2022-11-15 05:00,10437.29254144,0.0,0.0,0.0
2022-11-15 06:00,3469.81341415,0.0,0.0,0.0
2022-11-15 07:00,5168.970187660001,0.0,0.0,0.0
2022-11-15 08:00,199.91655971,0.0,0.0,0.0
2022-11-15 09:00,431.69091149,83.64975286,0.0,0.0
2022-11-15 10:00,1620.6513103500001,0.0,0.0,0.0
2022-11-15 11:00,12100.248751019999,2860.0,0.0,0.0
2022-11-15 12:00,708.37481562,4.00152805,0.0,0.0
2022-11-15 13:00,30220.861170720007,0.0,0.0,0.0
2022-11-15 14:00,20705.063210109998,100.0,0.0,0.0
2022-11-15 15:00,2989.19026248,100000.0,0.0,0.0
2022-11-15 16:00,176.40275725,0.0,0.0,0.0
2022-11-15 17:00,814.9264766599999,9.80373152,0.0,0.0
2022-11-15 18:00,433.89666299000004,0.0,0.0,0.0
2022-11-15 19:00,1975.3664303,0.0,0.0,0.0
2022-11-15 20:00,5609.18367214,106.37041144,0.0,0.0
2022-11-15 21:00,4546.42177615,0.0,0.0,0.0
2022-11-15 22:00,1849.7454234800002,40.40964282,0.0,0.0
2022-11-15 23:00,118.86763205,0.0,0.0,0.0
2022-11-16 00:00,27.90443853,0.0,0.0,0.0
2022-11-16 01:00,3.18903627,0.0,0.0,0.0
2022-11-16 02:00,7909.84387325,7909.84387325,0.0,0.0
2022-11-16 03:00,9.75177035,0.0,0.0,0.0
2022-11-16 04:00,52.54111529,0.0,0.0,0.0
2022-11-16 05:00,395.4606053,0.0,0.0,0.0
2022-11-16 06:00,134.15849717,0.0,0.0,0.0
2022-11-16 07:00,2702.8323738599997,0.0,0.0,0.0
2022-11-16 08:00,1600.4664860800003,18701.78813639,0.0,0.0
2022-11-16 09:00,356.51268527999997,0.0,0.0,0.0
2022-11-16 10:00,5006.49254239,1000.0,0.0,0.0
2022-11-16 11:00,314.06432257,0.0,0.0,0.0
2022-11-16 12:00,324.60335002,0.0,0.0,0.0
2022-11-16 13:00,3451.1451417,0.0,0.0,0.0
2022-11-16 14:00,7394.2721844,0.0,0.0,0.0
2022-11-16 15:00,14477.826729069999,26.683,0.0,0.0
2022-11-16 16:00,546.12125067,995.92466133,0.0,0.0
2022-11-16 17:00,2697.8023868699997,20000.0,0.0,0.0
2022-11-16 18:00,8125.5619408600005,10.0,0.0,0.0
2022-11-16 19:00,6506.6217953899995,0.0,0.0,0.0
2022-11-16 20:00,2274.36224273,0.0,0.0,0.0
2022-11-16 21:00,468.98197584,20000.0,0.0,0.0
2022-11-16 22:00,329.44722765,20.0,0.0,0.0
2022-11-16 23:00,34.30353477,0.0,0.0,0.0
2022-11-17 00:00,19.9752724,0.0,0.0,0.0
2022-11-17 01:00,12.51059498,0.0,0.0,0.0
2022-11-17 02:00,0.0,0.0,0.0,0.0
2022-11-17 03:00,89.39430502,0.0,0.0,0.0
2022-11-17 04:00,190.36991693,0.0,0.0,0.0
2022-11-17 05:00,400.8144519,0.0,0.0,0.0
2022-11-17 06:00,18632.476982949996,0.0,0.0,0.0
2022-11-17 07:00,215.78207762,0.0,0.0,0.0
2022-11-17 08:00,2203.8109197099993,18548.15923429,0.0,0.0
2022-11-17 09:00,1211.1515994899999,0.0,0.0,0.0
2022-11-17 10:00,3415.0442499700002,0.0,0.0,0.0
2022-11-17 11:00,2588.59798806,0.0,0.0,0.0
2022-11-17 12:00,2110.6002690099995,0.0,0.0,0.0
2022-11-17 13:00,6391.82643015,0.0,0.0,0.0
2022-11-17 14:00,977.9685980200001,0.0,0.0,0.0
2022-11-17 15:00,13958.09158895,0.0,0.0,0.0
2022-11-17 16:00,1433.7119794,0.0,0.0,0.0
2022-11-17 17:00,3230.68653001,0.0,0.0,0.0
2022-11-17 18:00,1551.15299739,20.0,0.0,0.0
2022-11-17 19:00,454.03308796999994,498.64850714,0.0,0.0
2022-11-17 20:00,4018.6251335500006,7.655543209999999,0.0,0.0
2022-11-17 21:00,7694.71775477,0.0,0.0,0.0
2022-11-17 22:00,125.42525442000002,0.0,0.0,0.0
2022-11-17 23:00,230.9999979,0.0,0.0,0.0
2022-11-18 00:00,65.9762329,0.0,0.0,0.0
2022-11-18 01:00,1.9888839,0.0,0.0,0.0
2022-11-18 02:00,73.37531225,0.0,0.0,0.0
2022-11-18 03:00,15.44803372,0.0,0.0,0.0
2022-11-18 04:00,3333.0479494700003,0.0,0.0,0.0
2022-11-18 05:00,2339.9229856899997,20.0,0.0,0.0
2022-11-18 06:00,19856.001648579997,360.0,0.0,0.0
2022-11-18 07:00,1453.81319623,0.0,0.0,0.0
2022-11-18 08:00,2774.9027666,25686.186846769997,0.0,0.0
2022-11-18 09:00,4437.98585655,0.0,0.0,0.0
2022-11-18 10:00,10296.954077760001,0.0,0.0,0.0
2022-11-18 11:00,13590.069815419998,0.0,0.0,0.0
2022-11-18 12:00,545.8828606000001,0.0,0.0,0.0
2022-11-18 13:00,6050.20250596,0.0,0.0,0.0
2022-11-18 14:00,1285.45182659,0.0,0.0,0.0
2022-11-18 15:00,191.33834455,0.0,0.0,0.0
2022-11-18 16:00,1082.87011782,0.0,0.0,0.0
2022-11-18 17:00,5547.99874921,0.0,0.0,0.0
2022-11-18 18:00,1059.19975535,0.0,0.0,0.0
2022-11-18 19:00,5653.01571279,0.0,0.0,0.0
2022-11-18 20:00,10201.680439239999,0.0,0.0,0.0
2022-11-18 21:00,887.72246859,0.0,0.0,0.0
2022-11-18 22:00,736.71266353,0.0,0.0,0.0
2022-11-18 23:00,14.00384552,0.0,0.0,0.0
2022-11-19 00:00,2597.07223468,0.0,0.0,0.0
2022-11-19 01:00,0.0,0.0,0.0,0.0
2022-11-19 02:00,58.68884576,0.0,0.0,0.0
2022-11-19 03:00,13.98936333,0.0,0.0,0.0
2022-11-19 04:00,0.0,0.0,0.0,0.0
2022-11-19 05:00,19766.943236330004,0.0,0.0,0.0
2022-11-19 06:00,1016.15979388,0.0,0.0,0.0
2022-11-19 07:00,1888.51226744,0.0,0.0,0.0
2022-11-19 08:00,865.74741738,102.49059364,0.0,0.0
2022-11-19 09:00,6749.50607015,0.0,0.0,0.0
2022-11-19 10:00,2118.45526644,0.0,0.0,0.0
2022-11-19 11:00,1289.5268260100001,0.0,0.0,0.0
2022-11-19 12:00,216.51985631000002,0.0,0.0,0.0
2022-11-19 13:00,363.78410971000005,823.59383807,0.0,0.0
2022-11-19 14:00,4977.804127229999,0.0,0.0,0.0
2022-11-19 15:00,2740.7817908099996,9.88551713,0.0,0.0
2022-11-19 16:00,3410.64191081,0.0,0.0,0.0
2022-11-19 17:00,6074.89351385,0.0,0.0,0.0
2022-11-19 18:00,79.15908233,2000.88850728,0.0,0.0
2022-11-19 19:00,1933.95837895,0.0,0.0,0.0
2022-11-19 20:00,1475.1629371899999,0.0,0.0,0.0
2022-11-19 21:00,790.1545607,0.0,0.0,0.0
2022-11-19 22:00,206.22964752,0.0,0.0,0.0
2022-11-19 23:00,13.5,879.96692153,0.0,0.0
2022-11-20 00:00,131.75753194,0.0,0.0,0.0
2022-11-20 01:00,51.01856701,0.0,0.0,0.0
2022-11-20 02:00,79.02636517,0.0,0.0,0.0
2022-11-20 03:00,1.5638955,0.0,0.0,0.0
2022-11-20 04:00,99.88959357,0.0,0.0,0.0
2022-11-20 05:00,151.71121602,0.0,0.0,0.0
2022-11-20 06:00,4347.460554910001,0.0,0.0,0.0
2022-11-20 07:00,398.45858877999996,0.0,0.0,0.0
2022-11-20 08:00,4844.168373980001,0.0,0.0,0.0
2022-11-20 09:00,19788.85040486,329.90548603,0.0,0.0
2022-11-20 10:00,201.34001781000003,18.22304978,0.0,0.0
2022-11-20 11:00,2000.0010212999998,0.0,0.0,0.0
2022-11-20 12:00,1617.40768324,0.0,0.0,0.0
2022-11-20 13:00,1066.2599761699998,0.0,0.0,0.0
2022-11-20 14:00,63239.98962124,10.0,0.0,0.0
2022-11-20 15:00,188.70348765,0.0,0.0,0.0
2022-11-20 16:00,4163.30251079,50000.0,0.0,0.0
2022-11-20 17:00,444.52486803,0.0,0.0,0.0
2022-11-20 18:00,662.43122966,0.0,0.0,0.0
2022-11-20 19:00,1582.32622479,0.0,0.0,0.0
2022-11-20 20:00,1871.84330305,0.0,0.0,0.0
2022-11-20 21:00,31906.73671426,17229.04141635,0.0,0.0
2022-11-20 22:00,418.05226787,0.0,0.0,0.0
2022-11-20 23:00,100.0,0.0,0.0,0.0
2022-11-21 00:00,802.7592545499999,19.0,0.0,0.0
2022-11-21 01:00,585.18314189,0.0,0.0,0.0
2022-11-21 02:00,14.20375351,0.0,0.0,0.0
2022-11-21 03:00,2.00476432,0.0,0.0,0.0
2022-11-21 04:00,24.650973699999998,0.0,0.0,0.0
2022-11-21 05:00,375.95959669,0.0,0.0,0.0
2022-11-21 06:00,1475.04767654,0.0,0.0,0.0
2022-11-21 07:00,23967.124771829996,0.0,0.0,0.0
2022-11-21 08:00,415.63920313999995,0.0,0.0,0.0
2022-11-21 09:00,1542.4925153799998,0.0,0.0,0.0
2022-11-21 10:00,1336.26369568,0.0,0.0,0.0
2022-11-21 11:00,5997.344182149999,0.0,0.0,0.0
2022-11-21 12:00,24056.299165179997,0.0,0.0,0.0
2022-11-21 13:00,9433.71830077,0.0,0.0,0.0
2022-11-21 14:00,630.4638959,10023.28558536,0.0,0.0
2022-11-21 15:00,2281.4651085499995,60.13029871,0.0,0.0
2022-11-21 16:00,69081.15677813,137.20751608999998,0.0,0.0
2022-11-21 17:00,18186.15255864,14.0,0.0,0.0
2022-11-21 18:00,1608.91090228,2.95,0.0,0.0
2022-11-21 19:00,11090.511732680003,3.19898399,0.0,0.0
2022-11-21 20:00,6181.3163470399995,2107.0,0.0,0.0
2022-11-21 21:00,5064.84611152,433.71491902,0.0,0.0
2022-11-21 22:00,9655.70670736,0.0,0.0,0.0
2022-11-21 23:00,750.3212615499999,0.0,0.0,0.0
2022-11-22 00:00,482.42905804000003,0.0,0.0,0.0
2022-11-22 01:00,0.0,0.0,0.0,0.0
2022-11-22 02:00,107.0,0.0,0.0,0.0
2022-11-22 03:00,9.69767041,0.0,0.0,0.0
2022-11-22 04:00,157.86056207000001,0.0,0.0,0.0
2022-11-22 05:00,316.98287906,0.0,0.0,0.0
2022-11-22 06:00,1207.83823283,0.0,0.0,0.0
2022-11-22 07:00,10125.997769779999,0.0,0.0,0.0
2022-11-22 08:00,2212.0809199399982,0.0,0.0,0.0
2022-11-22 09:00,2538.61122906,4.5,0.0,0.0
2022-11-22 10:00,4212.9525957,0.0,0.0,0.0
2022-11-22 11:00,224.44303489,0.0,0.0,0.0
2022-11-22 12:00,3492.2279236699997,0.0,0.0,0.0
2022-11-22 13:00,871.1427312300001,2.22320688,0.0,0.0
2022-11-22 14:00,7425.23848707,0.0,0.0,0.0
2022-11-22 15:00,1700.22059516,0.0,0.0,0.0
2022-11-22 16:00,3197.90266985,0.0,0.0,0.0
2022-11-22 17:00,3916.87188179,15.0,0.0,0.0
2022-11-22 18:00,4789.30397691,0.0,7.41441876,0.0
2022-11-22 19:00,1038.16058183,0.0,1.0,0.0
2022-11-22 20:00,2508.44983631,0.0,0.0,0.0
2022-11-22 21:00,145.21434859000001,0.0,0.0,0.0
2022-11-22 22:00,32.638871030000004,0.0,0.0,0.0
2022-11-22 23:00,486.9078656,0.0,0.0,0.0
2022-11-23 00:00,0.0,0.0,0.0,0.0
2022-11-23 01:00,540.65534108,2384.36880658,0.0,0.0
2022-11-23 02:00,1.05864027,0.0,0.0,0.0
2022-11-23 03:00,68.93775338,0.0,0.0,0.0
2022-11-23 04:00,238.11045217,194.49193512,0.0,0.0
2022-11-23 05:00,5363.93769354,0.0,0.0,0.0
2022-11-23 06:00,77014.34037292999,1175.0,0.0,0.0
2022-11-23 07:00,1481.5569120500002,5.0,0.0,0.0
2022-11-23 08:00,10759.144465919982,0.0,0.0,0.0
2022-11-23 09:00,5295.98551259,4.68,0.0,0.0
2022-11-23 10:00,5666.25361085,0.0,0.0,0.0
2022-11-23 11:00,3176.2005086599997,12.01960266,0.0,0.0
2022-11-23 12:00,49.425871289999996,0.0,0.0,0.0
2022-11-23 13:00,5281.139956410001,0.0,0.0,0.0
2022-11-23 14:00,10314.36934379,0.0,0.0,0.0
2022-11-23 15:00,101.9989265,0.0,0.0,0.0
2022-11-23 16:00,8708.70616067,13419.21620488,0.0,0.0
2022-11-23 17:00,2267.6449223099994,0.0,0.0,0.0
2022-11-23 18:00,6946.94419852,0.0,0.0,0.0
2022-11-23 19:00,3469.08135601,0.0,0.0,0.0
2022-11-23 20:00,681.14610229,0.0,1.0,0.0
2022-11-23 21:00,2342.10488633,0.0,3.50000001,0.0
2022-11-23 22:00,545.84242569,0.0,1.0,0.0
2022-11-23 23:00,1888.06733388,0.0,0.0,0.0
2022-11-24 00:00,0.0,0.0,0.0,0.0
2022-11-24 01:00,39.15027645,0.0,0.0,0.0
2022-11-24 02:00,95.64630054,0.0,0.0,0.0
2022-11-24 03:00,72.85917121,0.0,0.0,0.0
2022-11-24 04:00,2446.78698129,231.0,0.0,0.0
2022-11-24 05:00,534.70711212,0.0,0.0,0.0
2022-11-24 06:00,201.59621036,0.0,0.0,0.0
2022-11-24 07:00,11740.06120075,0.0,0.0,0.0
2022-11-24 08:00,8034.216266280001,240.0,0.0,0.0
2022-11-24 09:00,596.41242091,12.32603615,0.0,0.0
2022-11-24 10:00,284.10980204,0.0,0.0,0.0
2022-11-24 11:00,11336.65129451,1.0,0.0,0.0
2022-11-24 12:00,5824.01900168,0.0,0.0,0.0
2022-11-24 13:00,1737.89007364,0.0,0.0,0.0
2022-11-24 14:00,1101.06503335,0.0,0.0,0.0
2022-11-24 15:00,19507.977106749997,1.85306977,0.0,0.0
2022-11-24 16:00,5024.599527410001,0.0,0.0,0.0
2022-11-24 17:00,1249.51409197,2.1,0.0,0.0
2022-11-24 18:00,4946.57940919,0.0,0.0,0.0
2022-11-24 19:00,297.19133124,5.42110699,0.0,0.0
2022-11-24 20:00,1906.9419827599997,0.0,0.0,0.0
2022-11-24 21:00,10307.02926807,1000.0,0.0,0.0
2022-11-24 22:00,16773.16632343,0.0,0.0,0.0
2022-11-24 23:00,77.40994029999999,1.0,1000.0,0.0
2022-11-25 00:00,603.42174267,0.0,0.0,0.0
2022-11-25 01:00,22.163051390000003,0.0,0.0,0.0
2022-11-25 02:00,0.0,0.0,0.0,0.0
2022-11-25 03:00,1463.30926664,0.0,0.0,0.0
2022-11-25 04:00,83.24662271000001,0.0,0.0,0.0
2022-11-25 05:00,4425.662383930001,90.0,0.0,0.0
2022-11-25 06:00,16238.891078890003,0.0,0.0,0.0
2022-11-25 07:00,1837.10975749,0.0,0.0,0.0
2022-11-25 08:00,25153.961780979986,0.0,0.0,0.0
2022-11-25 09:00,12417.148575789999,14491.65537406,0.0,0.0
2022-11-25 10:00,11218.20538135,0.0,0.0,0.0
2022-11-25 11:00,288.10997669000005,2.0,0.0,0.0
2022-11-25 12:00,2282.6402957799996,8.86059288,0.0,0.0
2022-11-25 13:00,7699.40058718,2072.0,0.0,0.0
2022-11-25 14:00,21469.70258004,1.34003548,0.0,0.0
2022-11-25 15:00,1686.6893912199998,0.0,0.0,0.0
2022-11-25 16:00,1752.3904897,1036.0,0.0,0.0
2022-11-25 17:00,49485.335549439995,0.0,0.0,0.0
2022-11-25 18:00,7624.8513543,0.0,39000.0,0.0
2022-11-25 19:00,1103.84535887,1067.16564276,0.0,0.0
2022-11-25 20:00,1368.8629271,0.0,0.0,0.0
2022-11-25 21:00,3920.9558953299993,0.0,0.0,0.0
2022-11-25 22:00,56.83967978,996.0,0.0,0.0
2022-11-25 23:00,30102.86199886,0.0,0.0,0.0
2022-11-26 00:00,257.7432774,0.0,0.0,0.0
2022-11-26 01:00,5.0,0.0,0.0,0.0
2022-11-26 02:00,122.92847789,0.0,0.0,0.0
2022-11-26 03:00,976.1395186999999,0.0,0.0,0.0
2022-11-26 04:00,0.0,0.0,0.0,0.0
2022-11-26 05:00,462.81588024999996,0.0,0.0,0.0
2022-11-26 06:00,204.0569539,0.0,0.0,0.0
2022-11-26 07:00,3436.41184645,0.0,0.0,0.0
2022-11-26 08:00,5076.360455999999,100.0,19000.0,0.0
2022-11-26 09:00,14778.40404657,9.5333169,0.0,0.0
2022-11-26 10:00,51280.92452783001,0.0,0.0,0.0
2022-11-26 11:00,3460.9001817000003,0.0,0.0,0.0
2022-11-26 12:00,9616.84882299,0.0,0.0,0.0
2022-11-26 13:00,774.1350104799999,0.0,0.0,0.0
2022-11-26 14:00,21772.74266984,0.0,0.0,0.0
2022-11-26 15:00,1915.65659591,0.0,69885.00623254,0.0
2022-11-26 16:00,81.65792897,0.0,0.0,0.0
2022-11-26 17:00,23356.896051929998,0.0,0.0,0.0
2022-11-26 18:00,5837.26946539,0.0,0.0,0.0
2022-11-26 19:00,5987.4320671,0.0,0.0,0.0
2022-11-26 20:00,906.6825562600001,185.59716802,0.0,0.0
2022-11-26 21:00,35556.270475879996,0.0,0.0,0.0
2022-11-26 22:00,1580.54188397,20.46762333,0.0,0.0
2022-11-26 23:00,1681.74533837,0.0,0.0,0.0
2022-11-27 00:00,15.008476429999998,0.0,0.0,0.0
2022-11-27 01:00,554.16904558,0.0,0.0,0.0
2022-11-27 02:00,0.0,0.0,0.0,0.0
2022-11-27 03:00,17.59577791,0.0,0.0,0.0
2022-11-27 04:00,13042.89185925,0.0,0.0,0.0
2022-11-27 05:00,93.23174746999999,0.0,0.0,0.0
2022-11-27 06:00,109.80351925,0.0,0.0,0.0
2022-11-27 07:00,3994.8079481,0.0,0.0,0.0
2022-11-27 08:00,10153.50279174,0.0,0.0,0.0
2022-11-27 09:00,2164.61236973,1202.0,0.0,0.0
2022-11-27 10:00,10904.44598184,1202.0,0.0,0.0
2022-11-27 11:00,1043.8751019000001,0.0,0.0,0.0
2022-11-27 12:00,13988.0853603,0.0,0.0,0.0
2022-11-27 13:00,1672.2732836100004,0.0,0.0,0.0
2022-11-27 14:00,188.70362172,5622.26066753,0.0,0.0
2022-11-27 15:00,9923.30502284,72.53593914,0.0,0.0
2022-11-27 16:00,1226.35422959,0.0,0.0,0.0
2022-11-27 17:00,33271.58592495,0.0,0.0,0.0
2022-11-27 18:00,6491.1708217,0.0,0.0,0.0
2022-11-27 19:00,5620.84248627,0.0,0.0,0.0
2022-11-27 20:00,40107.12559492,0.0,0.0,0.0
2022-11-27 21:00,31870.80773275,11.0,0.0,0.0
2022-11-27 22:00,1352.2202899600002,0.0,0.0,0.0
2022-11-27 23:00,24.67732391,0.0,0.0,0.0
2022-11-28 00:00,1401.08351872,0.0,0.0,0.0
2022-11-28 01:00,182.36133127,0.0,0.0,0.0
2022-11-28 02:00,1202.75622783,0.0,0.0,0.0
2022-11-28 03:00,86.4647946,0.0,0.0,0.0
2022-11-28 04:00,6.285453159999999,0.0,0.0,0.0
2022-11-28 05:00,121.16804999000001,37.0,0.0,0.0
2022-11-28 06:00,417.75516256000003,0.0,0.0,0.0
2022-11-28 07:00,8068.755804379998,0.0,0.0,0.0
2022-11-28 08:00,3476.858696070002,0.0,0.0,0.0
2022-11-28 09:00,15293.181550210002,24.77848066,0.0,0.0
2022-11-28 10:00,9327.53819223,4000.0,0.0,0.0
2022-11-28 11:00,695.11202745,11.0,0.0,0.0
2022-11-28 12:00,24129.207603,10.0,0.0,0.0
2022-11-28 13:00,8609.70986623,0.0,0.0,0.0
2022-11-28 14:00,35861.533790479996,0.0,0.0,0.0
2022-11-28 15:00,1773.85200517,0.0,1.0,0.0
2022-11-28 16:00,652.3540906200001,1073.12822374,0.0,0.0
2022-11-28 17:00,9708.51205647,0.0,0.0,0.0
2022-11-28 18:00,23002.71344752,2019.31201957,0.0,0.0
2022-11-28 19:00,40560.140786489996,0.0,0.0,0.0
2022-11-28 20:00,1402.5942579700002,0.0,0.0,0.0
2022-11-28 21:00,25680.020622829998,0.0,101.80049843000002,0.0
2022-11-28 22:00,479.92772580999997,0.0,0.0004,0.0
2022-11-28 23:00,2239.56514317,0.0,3.98391965,0.0
2022-11-29 00:00,3503.28163627,0.0,2.93557817,0.0
2022-11-29 01:00,38.6472618,0.0,1.7488986499999999,0.0
2022-11-29 02:00,0.0,0.0,3.69137678,0.0
2022-11-29 03:00,27.074598780000002,0.0,0.0,0.0
2022-11-29 04:00,64.51299533,0.0,4.79216287,0.0
2022-11-29 05:00,25622.560038900003,2500.0,2.96537177,0.0
2022-11-29 06:00,2677.838603819999,0.0,3.65294435,0.0
2022-11-29 07:00,5157.75239459,0.0,2.21315938,0.0
2022-11-29 08:00,5820.64505714,0.0,2.7510189400000002,0.0
2022-11-29 09:00,265652.28891548,11.20565761,3.71973507,0.0
2022-11-29 10:00,20510.967744740003,2400.0,2.6025652400000006,0.0
2022-11-29 11:00,6637.91913981,3549.11881049,2.38665971,0.0
2022-11-29 12:00,166.38525103,2.02124785,2.86063038,0.0
2022-11-29 13:00,1236.7764279100002,1.83585906,1.89174698,0.0
2022-11-29 14:00,6256.752470539999,0.0,3376.23175646,0.0
2022-11-29 15:00,1325147.92739704,5.0,13117.19772717,0.0
2022-11-29 16:00,8873.524169069999,204.99998804,10555.890719320001,0.0
2022-11-29 17:00,8423.41970896,17596.0,29315.83184338,0.0
2022-11-29 18:00,1222.06146726,25.0,18847.996318969996,0.0
2022-11-29 19:00,29648.25159275,25.0,36637.74455935,0.0
2022-11-29 20:00,17068.1143752,1302.87841382,38964.42941527,0.0
2022-11-29 21:00,355.39688153,1400.0,1819.6874436099988,0.0
2022-11-29 22:00,4296.07578595,0.0,27147.187299589998,0.0
2022-11-29 23:00,9941.21588824,0.0,1657.1179164599998,0.0
2022-11-30 00:00,3200.6830581,0.0,3702.27745258,0.0
2022-11-30 01:00,414.20523671,1.5,5.921061330000001,0.0
2022-11-30 02:00,0.0,0.0,17.83143062,0.0
2022-11-30 03:00,50.552340799999996,0.0,457.19582331,0.0
2022-11-30 04:00,54.39505023,0.0,1219.04786095,0.0
2022-11-30 05:00,574.3663147,10.0,11905.58036334,0.0
2022-11-30 06:00,334.34437468000004,147.97552795000001,9079.48563651,0.0
2022-11-30 07:00,8145.953309110001,82.59383388,14201.81165062,0.0
2022-11-30 08:00,1984.73456724,0.0,1535.61894739,0.0
2022-11-30 09:00,2463.8906067899998,1392.28384776,4409.1946375,0.0
2022-11-30 10:00,5819.56688605,12.49919245,5128.4130445,0.0
2022-11-30 11:00,474.27579045000004,0.0,699.60460905,0.0
2022-11-30 12:00,22393.05091627,18.91178045,118.61281903000001,0.0
2022-11-30 13:00,4180.77178278,0.0,1715.2557941899995,0.0
2022-11-30 14:00,53257.92638883,0.0,1489.45506898,0.0
2022-11-30 15:00,1568.1344263100002,4855.06950773,3125.4956651,0.0
2022-11-30 16:00,2566.33560784,100.0,8.724613269999999,0.0
2022-11-30 17:00,20523.39828222,0.0,26.433507280000004,0.0
2022-11-30 18:00,476.65695374,9.0,75.05509645000008,0.0
2022-11-30 19:00,8502.113329180002,1024.0,7685.40699053,0.0
2022-11-30 20:00,6090.36570898,2187.77145168,5007.84923118,0.0
2022-11-30 21:00,3764.02699114,0.0,38503.81402828,0.0
2022-11-30 22:00,1227.01620413,100.27992136,3939.05028491,0.0
2022-11-30 23:00,1106.10223763,0.0,7.421934719999999,0.0
2022-12-01 00:00,1544.2940741399998,346.924139949998,1.0,0.0
2022-12-01 01:00,14025.92246677,0.0,8.36271261,0.0
2022-12-01 02:00,2125.24608794,0.0,0.0,0.0
2022-12-01 03:00,126.98863781,0.0,0.0,0.0
2022-12-01 04:00,1391.7035348100003,1.0,36061.55994269,0.0
2022-12-01 05:00,816.4205805800001,26.0,76.48650102,0.0
2022-12-01 06:00,12172.81372089,0.0,8286.7013852,0.0
2022-12-01 07:00,6663.0823371,0.0,11989.15419913,0.0
2022-12-01 08:00,22775.21052511,20.060544030000003,217279.42487949,0.0
2022-12-01 09:00,651.7784283499999,0.0,0.0,0.0
2022-12-01 10:00,5963.342090939999,0.0,689.53292717,0.0
2022-12-01 11:00,6574.35822806,0.0,3293.0357615299995,0.0
2022-12-01 12:00,15126.698763639999,110.45132407,870.71261249,0.0
2022-12-01 13:00,1033.9670657599997,0.0,200.72028376999998,0.0
2022-12-01 14:00,5344.573308919999,0.0,3372.79726057,0.0
2022-12-01 15:00,12321.051267840003,0.0,1955.3320936799998,0.0
2022-12-01 16:00,146.41465887,0.0,3908.59708318,0.0
2022-12-01 17:00,7630.23362974,217.0,3326.412010310001,0.0
2022-12-01 18:00,163.06468553,0.0,134.49268896,0.0
2022-12-01 19:00,3191.08696038,0.0,17055.441917710003,0.0
2022-12-01 20:00,5115.422045209999,71500.0,3871.4773520400026,0.0
2022-12-01 21:00,9427.31392524,0.0,1916.63520275,0.0
2022-12-01 22:00,1881.45646516,3011.0,4209.465354310006,0.0
2022-12-01 23:00,199.62012592,10.0,8.123417199999999,0.0
2022-12-02 00:00,6.25454804,0.0,222.50985147999998,0.0
2022-12-02 01:00,94.88553552,0.0,27.358401609999994,0.0
2022-12-02 02:00,75.59299074,0.0,15.78271531999999,0.0
2022-12-02 03:00,3461.90968725,0.0,405.43474449,0.0
2022-12-02 04:00,112.92515877999999,14655.20701796,18.548761629999998,0.0
2022-12-02 05:00,12427.688613089998,0.0,18.409822679999994,0.0
2022-12-02 06:00,4646.712422670001,0.0,3342.91082955,0.0
2022-12-02 07:00,3283.67280038,12.0,7571.31842744,0.0
2022-12-02 08:00,30651.021233639996,10.0,14.975353739999996,0.0
2022-12-02 09:00,24909.058496179998,620.12765223,1487.21285775,0.0
2022-12-02 10:00,1316.6964722999999,0.0,229.12902828,0.0
2022-12-02 11:00,1087.3309287000002,10.00506382,1018.3357629500001,0.0
2022-12-02 12:00,2124.484945769999,14804.28052571,725.3271310699995,0.0
2022-12-02 13:00,9609.920119469998,210.0,2216.8201179700027,0.0
2022-12-02 14:00,3577.83399737,1002.0,16007.779411929992,0.0
2022-12-02 15:00,3894.56124696,0.0,2965.8445915400007,0.0
2022-12-02 16:00,4675.19906955,0.0,16.295862199999995,0.0
2022-12-02 17:00,13098.676617309999,0.0,25.82904804,0.0
2022-12-02 18:00,2217.22234283,0.0,17.216262989999997,0.0
2022-12-02 19:00,5852.537971910001,0.27881937,20.13286754,0.0
2022-12-02 20:00,26526.24291124,5.11792687,17.52877414,0.0
2022-12-02 21:00,8956.6090662,0.0,462.34958465,0.0
2022-12-02 22:00,1959.34277448,0.0,8551.88825984,0.0
2022-12-02 23:00,2139.39055835,135.12620806,13.871980509999995,0.0
2022-12-03 00:00,555.98208458,1.56972768,190.53549723999998,0.0
2022-12-03 01:00,540.88940716,0.0,3833.501402470004,0.0
2022-12-03 02:00,0.0,0.0,14.803257939999993,0.0
2022-12-03 03:00,69.46759813999999,0.0,14.332429539999987,0.0
2022-12-03 04:00,116.34536162,0.0,206.23636358,0.0
2022-12-03 05:00,46.98281401,0.0,11.473801119999996,0.0
2022-12-03 06:00,13947.338342919998,2.45349295,498.07096328,0.0
2022-12-03 07:00,2058.24511137,139.26990803,19249.325532720013,0.0
2022-12-03 08:00,6303.625492510001,383.359,2230.67837253,0.0
2022-12-03 09:00,4989.2108424299995,22.28759714,4471.91643696,0.0
2022-12-03 10:00,1116.7802301800002,0.0,11.669480280000002,0.0
2022-12-03 11:00,7680.003988189999,2.0,484.72690708,0.0
2022-12-03 12:00,1280.07833855,0.0,1713.46957079,0.0
2022-12-03 13:00,1458.5391044600003,0.0,13652.897752250004,0.0
2022-12-03 14:00,3856.55984779,191.37804374,10.330516309999998,0.0
2022-12-03 15:00,3884.93954062,0.0,1614.5827371199996,0.0
2022-12-03 16:00,54337.820255880004,11.0,20083.021034650003,0.0
2022-12-03 17:00,41639.32323143,0.0,16.986688429999994,0.0
2022-12-03 18:00,1163.5656045,0.0,13.158762749999996,0.0
2022-12-03 19:00,6757.339971140001,1000.0,3454.5717392500032,0.0
2022-12-03 20:00,327.92297142,402.06654921,54.91004450999999,0.0
2022-12-03 21:00,277.62268882999996,0.0,70.0014078300001,0.0
2022-12-03 22:00,197.24683988,0.0,10.185924059999989,0.0
2022-12-03 23:00,6363.61713402,0.0,2935.03422969,0.0
2022-12-04 00:00,2050.52274503,0.0,4406.42658447,0.0
2022-12-04 01:00,278901.4643816,0.0,5177.29986613,0.0
2022-12-04 02:00,213.68963430000002,0.0,19.993330910000008,0.0
2022-12-04 03:00,1.36420592,0.0,11.350476429999985,0.0
2022-12-04 04:00,38.38123224,0.0,17.279129490000003,0.0
2022-12-04 05:00,2972.6281573899996,0.0,19.082540939999987,0.0
2022-12-04 06:00,22782.60232414,55.2246004,277.48213226999974,0.0
2022-12-04 07:00,8498.018256759999,0.0,16.630640899999985,0.0
2022-12-04 08:00,36175.09083059,0.0,109.15360196,0.0
2022-12-04 09:00,5387.947819979999,22.06033733,9.41223876,0.0
2022-12-04 10:00,2831.01901225,0.0,90.27536597999999,0.0
2022-12-04 11:00,0.0,0.0,0.0,0.0
2022-12-04 12:00,470.23681249000003,8.0,1000.0,0.0
2022-12-04 13:00,5997.374355829999,8244.41708568,0.0,0.0
2022-12-04 14:00,6813.65144584,20.0,3.26419657,0.0
2022-12-04 15:00,3686.7854273400003,0.0,1882.61805898,0.0
2022-12-04 16:00,47845.24152229999,4.0,763.27818083,0.0
2022-12-04 17:00,8171.9115224100005,0.0,269.99736572,0.0
2022-12-04 18:00,3582.9549286200004,3605.34585423,19.132585040000006,0.0
2022-12-04 19:00,10596.92169071,0.0,1801.607440799999,0.0
2022-12-04 20:00,453.84335867999994,0.0,434.6817519499997,0.0
2022-12-04 21:00,57409.25022533,20.0,67.32399065000007,0.0
2022-12-04 22:00,2295.97990225,1.0,165.1474503,0.0
2022-12-04 23:00,223.66105673,0.0,16.283538609999997,0.0
2022-12-05 00:00,3956.56317705,0.0,306.51534581999965,0.0
2022-12-05 01:00,25041.71873802,45.0,20.605694549999996,0.0
2022-12-05 02:00,35.5990439,5.41596877,16.05162315,0.0
2022-12-05 03:00,2.02631353,0.0,16.057812930000008,0.0
2022-12-05 04:00,115.33696516999998,0.0,4740.49009373,0.0
2022-12-05 05:00,468.38088993,0.0,7451.14646496,0.0
2022-12-05 06:00,1742.37345369,0.0,553.00249963,0.0
2022-12-05 07:00,12950.703113569996,2.6342077,254.62638898000003,0.0
2022-12-05 08:00,7208.386260559998,11.0,14.854225879999992,0.0
2022-12-05 09:00,3949.7180650200003,10.97148903,28.327953350000012,0.0
2022-12-05 10:00,643.47394502,2.62260875,59.432570360000014,0.0
2022-12-05 11:00,4149.787365870001,0.0,17.33463942,0.0
2022-12-05 12:00,10892.355704349999,0.0,6632.23943843,0.0
2022-12-05 13:00,594.3107367800001,0.0,44389.691073309885,0.0
2022-12-05 14:00,8052.99851147,0.0,52.373064290000016,0.0
2022-12-05 15:00,74652.17083288,0.0,6950.02774399,0.0
2022-12-05 16:00,5795.631670720003,100.85928786,214.1721088000001,0.0
2022-12-05 17:00,4372.99340183,0.0,3960.1122012299998,0.0
2022-12-05 18:00,35524.32572218,2000.0,522.85639968,0.0
2022-12-05 19:00,35476.27972813,0.0,615.4655187,0.0
2022-12-05 20:00,13135.02123494,0.0,371.77213341999976,0.0
2022-12-05 21:00,1206.01078698,0.0,200.27133288,0.0
2022-12-05 22:00,4082.5536426999997,1.84624882,188.05480371,0.0
2022-12-05 23:00,227.92349439999998,0.0,28.8001211,0.0
2022-12-06 00:00,0.0,0.0,0.0,0.0
2022-12-06 01:00,0.0,0.0,0.0,0.0
2022-12-06 02:00,0.0,0.0,0.0,0.0
2022-12-06 03:00,0.0,0.0,0.0,0.0
2022-12-06 04:00,0.0,0.0,0.0,0.0
2022-12-06 05:00,0.0,0.0,0.0,0.0
2022-12-06 06:00,0.0,0.0,0.0,0.0
2022-12-06 07:00,20571.18491851,0.0,108.5069450200001,0.0
2022-12-06 08:00,10906.787322809992,0.0,552.5633525399998,0.0
2022-12-06 09:00,21253.86335819,9.24789798,135.0303676399999,0.0
2022-12-06 10:00,2394.17570085,3552.3909952999998,26.89206559000001,0.0
2022-12-06 11:00,7503.693415,10.0,16.79826606999999,0.0
2022-12-06 12:00,4909.78671892,0.0,27.500153169999983,0.0
2022-12-06 13:00,458.1436447499999,0.0,1848.4430118699997,0.0
2022-12-06 14:00,18383.08733157,2.0,39.600280090000055,0.0
2022-12-06 15:00,23271.07838468,26527.0,19.73040057999999,0.0
2022-12-06 16:00,9235.229906559998,0.0,108.8028078200001,0.0
2022-12-06 17:00,15961.238568750001,0.0,2753.7045436300027,0.0
2022-12-06 18:00,10570.74644008,41.69024453,253.51485320000006,0.0
2022-12-06 19:00,36364.57852164999,0.0,13784.393060589993,0.0
2022-12-06 20:00,8187.657632390002,598.0,467.2421874499995,0.0
2022-12-06 21:00,10646.736255500002,445.0,18640.755408899997,0.0
2022-12-06 22:00,5219.477355890001,0.0,1501.4964683899987,0.0
2022-12-06 23:00,25.25545011,0.0,19.16531735,0.0
2022-12-07 00:00,286.73204072,2.0,16.250178539999997,0.0
2022-12-07 01:00,66.30162405,0.0,19.18624459999998,0.0
2022-12-07 02:00,0.0,0.0,10.222272989999995,0.0
2022-12-07 03:00,2110.04000813,0.0,17.499772679999985,0.0
2022-12-07 04:00,270.41455489,108.83417031,17.35923851999999,0.0
2022-12-07 05:00,13475.58380977,0.0,16.937827279999997,0.0
2022-12-07 06:00,36773.34214394,0.0,123.60374784000004,0.0
2022-12-07 07:00,42152.539365729994,0.0,7.699538029999992,0.0
2022-12-07 08:00,57515.91754966,3002.54615847,15581.14343099,0.0
2022-12-07 09:00,13074.69606198,0.0,23.97970612999999,0.0
2022-12-07 10:00,40341.239276509994,2595.26993231,8.674587939999995,0.0
2022-12-07 11:00,7019.2855746800005,9.0,17.87038754999999,0.0
2022-12-07 12:00,6585.19235429,23242.14789107,2429.7764823600032,0.0
2022-12-07 13:00,3543.09530911,705.45783112,38.18634744000004,0.0
2022-12-07 14:00,17581.053836760002,151.63776114,344.9208125900002,0.0
2022-12-07 15:00,12825.802980019998,0.0,539.8437014099999,0.0
2022-12-07 16:00,114114.16866091,0.0,1375.1419499200001,0.0
2022-12-07 17:00,4891.212492840001,0.0,835.9021098899999,0.0
2022-12-07 18:00,6700.027140340002,9.37164034,18964.528467190044,0.0
2022-12-07 19:00,7814.722690900001,21.95867685,840.0053302599998,0.0
2022-12-07 20:00,5812.2584552299995,0.0,260.0257000000008,0.0
2022-12-07 21:00,1917.5428102600004,0.0,57.19845231000001,0.0
2022-12-07 22:00,4322.18233088,0.0,523.2181240899984,0.0
2022-12-07 23:00,2213.6696701299998,14690.75073135,552.5378708699991,0.0
2022-12-08 00:00,1546.06843429,0.0,4494.19849799,0.0
2022-12-08 01:00,291.94991364,0.0,21.58114153999999,0.0
2022-12-08 02:00,129.57333847,0.0,18.221770129999996,0.0
2022-12-08 03:00,291.59003236,0.0,11.66118132000001,0.0
2022-12-08 04:00,1270.39369735,0.0,21.30678406999998,0.0
2022-12-08 05:00,5330.23517294,0.0,17.75027312,0.0
2022-12-08 06:00,4056.0667364,0.0,752.4503554900001,0.0
2022-12-08 07:00,23412.770984259998,7233.84841743,384.40185996,0.0
2022-12-08 08:00,7493.632109830002,2541.72095096,735.5772772899991,0.0
2022-12-08 09:00,7703.44192827,18.162065820000002,521.7031583799995,0.0
2022-12-08 10:00,2070.6632520499998,0.0,302.4866186399997,0.0
2022-12-08 11:00,3826.4219473400003,0.0,11618.98202451,0.0
2022-12-08 12:00,11671.34469895,0.0,12.776610709999998,0.0
2022-12-08 13:00,3765.06642114,0.0,18.13728643,0.0
2022-12-08 14:00,2746.2289774200003,0.0,220.97743915,0.0
2022-12-08 15:00,89.11926188,0.0,18.560903009999986,0.0
2022-12-08 16:00,1436.97600406,0.0,324.191818,0.0
2022-12-08 17:00,103539.12869669001,40027.0,21.346968020000002,0.0
2022-12-08 18:00,22683.25537463,0.0,194.82187197000013,0.0
2022-12-08 19:00,3809.8953089999995,0.0,4.3704896100000035,0.0
2022-12-08 20:00,1550.13399467,0.0,16167.16468211,0.0
2022-12-08 21:00,2004.81882599,2.0,20.02599999999998,0.0
2022-12-08 22:00,15907.305364529999,0.0,1500.0091,0.0
2022-12-08 23:00,541.93037964,0.0,0.0,0.0
2022-12-09 00:00,0.0,0.0,841.75664879,0.0
2022-12-09 01:00,1676.63660361,0.0,0.0,0.0
2022-12-09 02:00,144.28317678,0.0,0.0,0.0
2022-12-09 03:00,0.0,0.0,0.0,0.0
2022-12-09 04:00,90.61511861,0.0,0.0,0.0
2022-12-09 05:00,1334.9196058799998,0.0,0.0,0.0
2022-12-09 06:00,113976.58928532997,0.0,1250.0,0.0
2022-12-09 07:00,3327.55289257,0.0,150.0,0.0
2022-12-09 08:00,418.4036232900001,0.0,32.7324352999999,0.0
2022-12-09 09:00,3202.9705029,20010.0,49.483423009999996,0.0
2022-12-09 10:00,11164.20489553,0.0,155.84399022,0.0
2022-12-09 11:00,114.31209214,7463.1474742,100.0,0.0
2022-12-09 12:00,24606.16013156,0.0,0.0,0.0
2022-12-09 13:00,104729.23368058,1.0,26.50636201,0.0
2022-12-09 14:00,1475.32769345,24002.20476163,4475.01466264,0.0
2022-12-09 15:00,14808.44765361,450.0,22515.497662820002,0.0
2022-12-09 16:00,12193.998081820002,0.0,1162.50023424,0.0
2022-12-09 17:00,7096.31813503,0.0,0.0,0.0
2022-12-09 18:00,44163.94607725998,25429.1355563,184003.05584480002,0.0
2022-12-09 19:00,7591.920780019999,111.15471014,503.8593248399999,0.0
2022-12-09 20:00,9210.71606838,2036.25280797,71.30665984000005,0.0
2022-12-09 21:00,2395.65885803,637.0,4458.604326729999,0.0
2022-12-09 22:00,1025.62604579,0.0,1776.1450751699977,0.0
2022-12-09 23:00,26235.085677719995,0.0,32.519339470000006,0.0
2022-12-10 00:00,1584.34874021,0.0,117.29685022999999,0.0
2022-12-10 01:00,287.93442673,0.0,15.434202309999995,0.0
2022-12-10 02:00,25.00430813,0.0,19.953314189999997,0.0
2022-12-10 03:00,445.75375928,0.0,14.496985269999994,0.0
2022-12-10 04:00,62.565662110000005,11.0,20.112328180000002,0.0
2022-12-10 05:00,745.42463988,0.0,9.83189498,0.0
2022-12-10 06:00,5171.247692819999,0.0,78.57181683000016,0.0
2022-12-10 07:00,2647.510671809999,200.0,114.51399501000002,0.0
2022-12-10 08:00,5874.810074220003,1005.86138543,34570.04584731,0.0
2022-12-10 09:00,4347.48525197,18.14240868,0.0,0.0
2022-12-10 10:00,1691.4700129300002,392.0,1530.3224787,0.0
2022-12-10 11:00,29481.85108869,0.0,4267.30428229,0.0
2022-12-10 12:00,8901.02113574,0.0,13.37319394,0.0
2022-12-10 13:00,36068.36342418999,0.0,0.0,0.0
2022-12-10 14:00,27918.225882149996,0.0,605.0550166500001,0.0
2022-12-10 15:00,17371.041671569998,127.42705427,53.52319891,0.0
2022-12-10 16:00,10696.303170379999,0.0,12.10541633,0.0
2022-12-10 17:00,55462.95494702999,0.0,0.0,0.0
2022-12-10 18:00,6917.719153460001,0.0,0.0,0.0
2022-12-10 19:00,8356.32678768,0.0,0.0,0.0
2022-12-10 20:00,2118.8587213799997,6.0,40.0,0.0
2022-12-10 21:00,1850.6776224,0.0,15.03536114,0.0
2022-12-10 22:00,39856.94895048,2.0,332.09136574,0.0
2022-12-10 23:00,6310.587075779999,0.0,0.0,0.0
2022-12-11 00:00,867.5923034799999,0.0,87.93068256,0.0
2022-12-11 01:00,8.88445685,0.0,49.28496958,0.0
2022-12-11 02:00,0.0,0.0,0.0,0.0
2022-12-11 03:00,13.217902350000001,0.0,0.0,0.0
2022-12-11 04:00,1561.11713819,0.0,0.0,0.0
2022-12-11 05:00,117.78604908,0.0,0.0,0.0
2022-12-11 06:00,12925.415492089998,0.0,0.0,0.0
2022-12-11 07:00,24887.10867075,0.0,0.0,0.0
2022-12-11 08:00,32486.70495938001,3022.8171454900003,3975.65373475,0.0
2022-12-11 09:00,4103.758117310001,0.0,0.0,0.0
2022-12-11 10:00,26487.065494660004,6327.37847362,200.01920753,0.0
2022-12-11 11:00,26555.624947160002,86.60368843,87.04690877,0.0
2022-12-11 12:00,4152.29180569,0.0,1554.32440287,0.0
2022-12-11 13:00,3681.3577758799997,8.0,61.542416610000004,0.0
2022-12-11 14:00,4675.32679151,0.0,0.0,0.0
2022-12-11 15:00,12985.056191040003,0.0,1361.4722163999995,0.0
2022-12-11 16:00,13743.66565933,2687.58193388,1.03723622,0.0
2022-12-11 17:00,5773.9239561,0.0,0.0,0.0
2022-12-11 18:00,9650.307713249998,0.0,0.0,0.0
2022-12-11 19:00,24884.8710474,2366.9161529,0.0,0.0
2022-12-11 20:00,6684.51259204,54.69988526,0.0,0.0
2022-12-11 21:00,913.6086700399999,30.0,0.0,0.0
2022-12-11 22:00,200.17569399,0.0,0.0,0.0
2022-12-11 23:00,1211.42786661,1220.0,2427.19616155,0.0
2022-12-12 00:00,146.07320339,0.0,0.0,0.0
2022-12-12 01:00,10.12858475,0.0,0.0,0.0
2022-12-12 02:00,71.04618938,0.0,0.0,0.0
2022-12-12 03:00,119.72787014,0.0,0.0,0.0
2022-12-12 04:00,5902.58085316,0.0,91441.84039597,0.0
2022-12-12 05:00,4608.169423639999,0.0,0.0,0.0
2022-12-12 06:00,3692.6811248900003,0.0,0.0,0.0
2022-12-12 07:00,2287.86258979,0.0,1000.0,0.0
2022-12-12 08:00,20528.370434229997,0.0,885.97267242,0.0
2022-12-12 09:00,1511.7180388999996,3246.03459372,565.6144447900001,0.0
2022-12-12 10:00,1740.64886884,3000.0,70.0,0.0
2022-12-12 11:00,241.50892514,2066.6318007,2832.9762310300002,100001.0
2022-12-12 12:00,155913.40942954,0.0,1.00222887,0.0
2022-12-12 13:00,4703.22181552,1650.0,0.0,0.0
2022-12-12 14:00,27760.232899120005,9367.18184908,50.64551188,0.0
2022-12-12 15:00,4159.03073753,3730.2024011599997,11.15740598,0.0
2022-12-12 16:00,1733.4554495000002,2154.32387388,19243.0,0.0
2022-12-12 17:00,10984.05070858,0.0,1000.0,0.0
2022-12-12 18:00,4288.59752844,3025.69402692,6760.0,0.0
2022-12-12 19:00,3863.70903957,0.0,4.19096805,0.0
2022-12-12 20:00,14286.972409690003,3.03107264,351.45979873,0.0
2022-12-12 21:00,900.2832958700001,1.0,4.10644441,0.0
2022-12-12 22:00,4775.08722165,0.0,4902.94952918,0.0
2022-12-12 23:00,2062.60057091,0.0,0.0,0.0
2022-12-13 00:00,10.05937461,0.0,0.0,0.0
2022-12-13 01:00,5.24071139,0.0,0.0,0.0
2022-12-13 02:00,354.59012739,0.0,0.0,0.0
2022-12-13 03:00,198.59434700999998,0.0,0.0,0.0
2022-12-13 04:00,1417.1271562,0.0,904.03611901,0.0
2022-12-13 05:00,5499.60817169,51.0,0.0,0.0
2022-12-13 06:00,6394.8855342,5226.254805,0.0,29654.2428214
2022-12-13 07:00,5868.546086800002,2247.75253413,0.0,0.0
2022-12-13 08:00,9717.276220809988,319.13613868,0.0,0.0
2022-12-13 09:00,20245.22251341,8.03519821,1775.6630770599988,0.0
2022-12-13 10:00,11896.08272217,1100.85487842,3.36449011,0.0
2022-12-13 11:00,14412.43782406,0.0,115.70167037,0.0
2022-12-13 12:00,3975.30105911,0.0,9.87033254,0.0
2022-12-13 13:00,6143.774341729999,0.0,3465.44246647,0.0
2022-12-13 14:00,12710.055008830002,1720.94983592,2003.04877898,0.0
2022-12-13 15:00,7629.97138082,0.0,50.14209848,0.0
2022-12-13 16:00,13231.69992951,1456.68308237,0.0,0.0
2022-12-13 17:00,30347.267330739996,554.51226431,207.88644182,0.0
2022-12-13 18:00,5481.33532206,26.5161541,847.76815601,0.0
2022-12-13 19:00,1019.9726158599999,4.4502188,11.39521644,0.0
2022-12-13 20:00,1238.60490328,0.0,6.466410870000001,0.0
2022-12-13 21:00,2511.11181436,20.0,0.0,0.0
2022-12-13 22:00,1354.5469541999998,0.0,0.0,0.0
2022-12-13 23:00,1120.4987154899998,0.0,0.0,0.0
2022-12-14 00:00,64.80153856,0.0,116.59320772000001,0.0
2022-12-14 01:00,40.0,0.0,0.0,0.0
2022-12-14 02:00,48.625291520000005,0.0,0.0,0.0
2022-12-14 03:00,2611.36945381,0.0,3.56914546,0.0
2022-12-14 04:00,706.39505224,0.0,0.0,0.0
2022-12-14 05:00,779.24194904,0.0,34.0,0.0
2022-12-14 06:00,17181.90476555,0.0,7024.04549564,0.0
2022-12-14 07:00,3148.90907887,6000.0,0.0,0.0
2022-12-14 08:00,35522.080294040024,1.70224555,3466.93464924,0.0
2022-12-14 09:00,35477.04707855999,35149.98983285,555.0999976800001,0.0
2022-12-14 10:00,6953.762625769999,0.0,464.30099635,0.0
2022-12-14 11:00,74.70033237000001,0.0,0.0,0.0
2022-12-14 12:00,316.41968907,0.0,0.0,0.0
2022-12-14 13:00,383.39591599,0.0,5186.01596797,0.0
2022-12-14 14:00,633.75576424,2.28747393,2000.0,0.0
2022-12-14 15:00,995.07893823,0.0,0.0,0.0
2022-12-14 16:00,3340.8268184000003,0.0,0.0,0.0
2022-12-14 17:00,33629.60562506999,0.0,1160.22805467,0.0
2022-12-14 18:00,4303.52424594,32.70557874,0.0,0.0
2022-12-14 19:00,4327.79170033,0.0,753.12847472,0.0
2022-12-14 20:00,2334.42764666,0.0,16015.59053697,0.0
2022-12-14 21:00,14019.23972449,0.0,70.4627058,0.0
2022-12-14 22:00,3202.8150597199997,0.0,252.98602943999998,0.0
2022-12-14 23:00,1406.2818515000001,0.0,0.0,0.0
2022-12-15 00:00,32.8764418,0.0,0.0,0.0
2022-12-15 01:00,128.22326126000002,0.0,0.0,0.0
2022-12-15 02:00,1386.22150094,0.0,0.0,0.0
2022-12-15 03:00,1362.3259418500002,0.0,0.0,0.0
2022-12-15 04:00,5910.91435303,8.0,0.0,0.0
2022-12-15 05:00,9041.737221809997,0.0,0.0,0.0
2022-12-15 06:00,4109.86048872,0.0,1.71025736,0.0
2022-12-15 07:00,15081.4196575,5378.8555809,9086.15531869,0.0
2022-12-15 08:00,8384.63930035001,0.0,264.46856662,0.0
2022-12-15 09:00,9136.92890424,11.88041455,968.7868286199994,0.0
2022-12-15 10:00,355.48483502999994,0.0,44147.22210443,0.0
2022-12-15 11:00,3776.0051058100003,1.32451111,1888.55288492,0.0
2022-12-15 12:00,1420.03630404,9906.87330515,0.0,0.0
2022-12-15 13:00,1088.97733773,108.0,600.0,0.0
2022-12-15 14:00,3515.1003153,25082.61851915,0.0,0.0
2022-12-15 15:00,1934.33955969,0.0,0.0,0.0
2022-12-15 16:00,1348.3130697800002,0.0,0.0,0.0
2022-12-15 17:00,2333.71744871,0.0,0.0,0.0
2022-12-15 18:00,6934.204469120001,0.0,0.0,0.0
2022-12-15 19:00,27649.72986484,0.0,282.56390977,0.0
2022-12-15 20:00,3311.935477249999,0.0,22.01165839999999,0.0
2022-12-15 21:00,21646.479150579995,0.0,52.35087485,0.0
2022-12-15 22:00,632.94535851,0.0,0.0,0.0
2022-12-15 23:00,2909.13447377,0.0,5.34199025,0.0
2022-12-16 00:00,47.32164324,0.0,0.0,0.0
2022-12-16 01:00,3.53707489,0.0,0.0,0.0
2022-12-16 02:00,32.96298488,0.0,0.0,0.0
2022-12-16 03:00,56.39406855,0.0,30.44988269,0.0
2022-12-16 04:00,953.39404773,0.0,0.0,0.0
2022-12-16 05:00,307.09324035,0.0,0.0,0.0
2022-12-16 06:00,4418.738765869999,0.0,29.0502484,0.0
2022-12-16 07:00,1766.9822602899997,100.0,7.5732108,0.0
2022-12-16 08:00,10430.522743560003,0.0,1005.45926218,0.0
2022-12-16 09:00,18166.072377750002,0.0,512.6541569900002,0.0
2022-12-16 10:00,1908.7137687400002,11.621234529999999,25.45282513,0.0
2022-12-16 11:00,291.99779404000003,0.0,2.48197307,0.0
2022-12-16 12:00,1477.2053502899998,0.0,27.0151918,8.5643139
2022-12-16 13:00,366.43424129,260.0,0.0,1.248583
2022-12-16 14:00,1974.77524597,0.0,41802.0,0.0
2022-12-16 15:00,2237.7695973,0.0,0.0,2000.0
2022-12-16 16:00,10296.66035371,0.0,6521.06220962,845.5287633600001
2022-12-16 17:00,11591.927640349999,0.0,28033.4096924,558.6535498
2022-12-16 18:00,3182.5886632399997,0.0,1546.7336764,4461.19793319
2022-12-16 19:00,5585.531959270001,752.0,19195.42368122,1196.26348125
2022-12-16 20:00,13252.48035411,0.0,17.62292484,4500.0
2022-12-16 21:00,469.6614088500001,2.0,1.05692715,333.03033662
2022-12-16 22:00,4595.80061297,0.0,35.55662331,1.89241922
2022-12-16 23:00,132.61531401000002,2.65761789,28.85311511,383.2247351
2022-12-17 00:00,3271.31615926,27.0,0.0,0.0
2022-12-17 01:00,333.94026951,300.0,0.0,0.0
2022-12-17 02:00,0.0,0.0,0.0,0.0
2022-12-17 03:00,10.0,320.0,0.0,0.0
2022-12-17 04:00,43917.254847439996,0.0,0.0,0.0
2022-12-17 05:00,1842.3326957200002,0.0,1.00283189,0.0
2022-12-17 06:00,58195.330021099995,0.0,1961.06325584,0.0
2022-12-17 07:00,2900.7224533200006,10.0,75.33791199,0.0
2022-12-17 08:00,67762.18608543005,1.73569354,1.80467942,0.0
2022-12-17 09:00,17612.64651954,222.73669268,11676.003093419999,0.0
2022-12-17 10:00,3557.45472629,1127.4473808,40.078868719999996,2028.0
2022-12-17 11:00,456.15435195,0.0,1766.72968005,37791.3200926
2022-12-17 12:00,1498.99628649,2712.54281668,3175.5882053,0.0
2022-12-17 13:00,27054.703733529997,0.0,500.0,0.0
2022-12-17 14:00,486.39137815,0.0,1.87987144,0.0
2022-12-17 15:00,2104.5666282999996,6.99995584,2160.55565431,29.12056793
2022-12-17 16:00,3319.25030508,0.0,27286.0944737,0.0
2022-12-17 17:00,21527.907281739997,0.0,3456.44477048,0.0
2022-12-17 18:00,759.39936762,0.0,10000.0,2445.75785871
2022-12-17 19:00,230.41161263000004,0.0,312.47754376,0.0
2022-12-17 20:00,1675.50434259,0.0,25273.746881670002,0.0
2022-12-17 21:00,7264.23343492,0.0,294.31395719,0.0
2022-12-17 22:00,6522.380592750001,0.0,10.0,0.0
2022-12-17 23:00,674.3676062399999,0.0,0.0,196.29543113
2022-12-18 00:00,385.79564145999996,405.05907108,0.0,0.0
2022-12-18 01:00,207.04478789,0.0,0.0,0.0
2022-12-18 02:00,2053.73696709,0.0,0.0,0.0
2022-12-18 03:00,225.95987807,0.0,0.0,0.0
2022-12-18 04:00,2405.26746656,0.0,0.0,0.0
2022-12-18 05:00,893.01816568,0.0,419.02724273,0.0
2022-12-18 06:00,7138.65179758,30000.0,0.0,0.0
2022-12-18 07:00,2498.09870915,0.0,7044.74791035,503.02275005
2022-12-18 08:00,11447.97263807,20.0,1.21477454,0.0
2022-12-18 09:00,7356.367604350002,7333.105512849999,493.5927301800005,0.0
2022-12-18 10:00,14990.3026824,1.85038051,52.00015577999999,0.0
2022-12-18 11:00,34119.10387126,0.0,667.16434241,7024.4317305800005
2022-12-18 12:00,1055.89272338,3009.58287375,109.79527706,37.1738902
2022-12-18 13:00,21124.39172388,20020.0,15683.54654866,0.0
2022-12-18 14:00,11191.32525503,0.0,13266.34845756,0.0
2022-12-18 15:00,6261.332613219999,0.0,0.0,0.0
2022-12-18 16:00,5869.328231109998,0.0,5.0,0.0
2022-12-18 17:00,2230.26118561,0.0,117.49627413,7697.49854764
2022-12-18 18:00,4538.3585746399995,0.0,19829.8265445,0.0
2022-12-18 19:00,5654.144334060001,1315.0,14077.36536537,0.0
2022-12-18 20:00,5468.37479128,150.0,8092.63249802,0.0
2022-12-18 21:00,20490.029505880004,818.20126814,0.0,0.0
2022-12-18 22:00,963.5991261799998,0.0,1642.8821396,0.0
2022-12-18 23:00,27518.985343500004,1122.9135619200001,19395.53124915,0.0
2022-12-19 00:00,307.90467336,0.0,0.0,0.0
2022-12-19 01:00,0.0,0.0,0.0,0.0
2022-12-19 02:00,23.3763211,0.0,0.0,0.0
2022-12-19 03:00,8273.86058865,0.0,1051.34940909,0.0
2022-12-19 04:00,1471.81517351,23.06813036,0.0,0.0
2022-12-19 05:00,677.27872852,0.0,0.0,0.0
2022-12-19 06:00,3837.7316782099997,0.0,1.64543349,0.0
2022-12-19 07:00,16511.66264988,0.0,1249.43759121,0.0
2022-12-19 08:00,10204.796186710006,6374.63674148,1079.04075015,0.0
2022-12-19 09:00,34736.76864748,11.779973120000001,2526.2487729399986,10.07014267
2022-12-19 10:00,3396.74386892,0.0,13.02360523,0.0
2022-12-19 11:00,1993.67014679,70.23658076,900.0,0.0
2022-12-19 12:00,7524.68026278,0.0,3.5,384.36
2022-12-19 13:00,53663.58272273,0.0,0.0,0.0
2022-12-19 14:00,39983.05474367,0.0,2882.83640532,0.0
2022-12-19 15:00,17892.449766399997,0.0,2954.9397531800005,0.0
2022-12-19 16:00,7819.20829568,1600.0,1247.55913587,0.0
2022-12-19 17:00,4710.60656486,7610.35982187,17.27620888,1032.97427639
2022-12-19 18:00,1762.4499227400001,2500.0,16565.5070135,9.437475169999999
2022-12-19 19:00,6919.129910340001,2600.0,437.02798607,0.0
2022-12-19 20:00,7268.587062160001,12959.67241678,20573.11395609,0.0
2022-12-19 21:00,3958.5609005300003,7444.35738593,19.26110399,0.0
2022-12-19 22:00,103.66303958,0.0,0.0,0.0
2022-12-19 23:00,12272.434176430002,0.0,0.0,0.0
2022-12-20 00:00,236.40110026,0.0,0.0,0.0
2022-12-20 01:00,33.66818599,0.0,5.0,0.0
2022-12-20 02:00,180.25752019,0.0,8728.65340459,0.0
2022-12-20 03:00,60.5732501,0.0,6.78552268,0.0
2022-12-20 04:00,166.17781168,0.0,0.0,0.0
2022-12-20 05:00,2639.1068139999998,0.0,225.0,0.0
2022-12-20 06:00,2574.31849686,50.0,167.64115045,0.0
2022-12-20 07:00,4265.98428672,0.0,4701.0,1.0
2022-12-20 08:00,42238.505363360004,10.0,9.07869,0.0
2022-12-20 09:00,2957.29444137,0.0,7572.4602672599995,0.0
2022-12-20 10:00,706615.89754049,0.0,0.0,0.0
2022-12-20 11:00,1378.09751126,7500.0,35602.70559610996,0.0
2022-12-20 12:00,2119.89406369,6.07863181,56.07091534,0.0
2022-12-20 13:00,23002.33860735,0.0,17.57442644,1000.0
2022-12-20 14:00,53556.435364180004,48096.75385874,311.68338968,0.0
2022-12-20 15:00,3651.8803409499997,0.0,158.0,0.0
2022-12-20 16:00,7087.339086960001,132.80587342,595.8807012999999,0.0
2022-12-20 17:00,13581.52615501,2.0,17.69493885,0.0
2022-12-20 18:00,8083.421743679999,0.0,0.0,0.0
2022-12-20 19:00,4457.04822721,6076.5055226,0.0,0.0
2022-12-20 20:00,943.78901717,0.0,4994.65798239,0.0
2022-12-20 21:00,3093.6112753099997,0.0,72.53360749000001,0.0
2022-12-20 22:00,458.06072336,0.0,1492.73227623,0.0
2022-12-20 23:00,6139.32292916,0.0,0.0,0.0
2022-12-21 00:00,104.53980471,122.0,17.66971365,1498.11663577
2022-12-21 01:00,6.45199784,0.0,11.62059918,0.0
2022-12-21 02:00,8.9486666,0.0,19.37323911,0.0
2022-12-21 03:00,123.63476359,0.0,0.0,0.0
2022-12-21 04:00,4744.57688019,0.0,0.0,0.0
2022-12-21 05:00,4746.297946140001,12.58374048,35.78890986,0.0
2022-12-21 06:00,2019.8141778600002,17.0,43.040414510000005,0.0
2022-12-21 07:00,47367.52564770001,5081.39990193,453.0,0.0
2022-12-21 08:00,29866.69792173,0.0,544.71481829,0.0
2022-12-21 09:00,4554.485311959999,2000.0,67098.7033917,0.0
2022-12-21 10:00,3531.2040110099997,0.0,336.4090616600001,0.0
2022-12-21 11:00,7412.75478304,0.0,2261.99343173,0.0
2022-12-21 12:00,2008.6244971699996,2.95478893,6.32264178,0.0
2022-12-21 13:00,6850.07462152,0.0,15.88963705,0.0
2022-12-21 14:00,21693.139804599996,1.77678098,6600.86388659,200.0
2022-12-21 15:00,4841.52309638,1.22149444,3.08131534,0.0
2022-12-21 16:00,16125.460928399996,0.0,844.77076287,0.0
2022-12-21 17:00,4724.62380788,0.0,10254.72635074,0.0
2022-12-21 18:00,10682.95757035,0.0,240.51882581,0.0
2022-12-21 19:00,2784.12030992,0.0,0.0,0.0
2022-12-21 20:00,4919.58067266,10000.0,1.27734673,0.0
2022-12-21 21:00,19687.19946786,0.0,248.28204239,0.0
2022-12-21 22:00,318.41929201,0.0,78.10001229,48.0
2022-12-21 23:00,273.02119567,0.0,182.75913939,186.0
2022-12-22 00:00,422.09361868,0.0,8.0,10.0
2022-12-22 01:00,1548.48954533,0.0,704.86774301,0.0
2022-12-22 02:00,816.05777372,0.0,0.0,0.0
2022-12-22 03:00,383.44563064,0.0,0.0,0.0
2022-12-22 04:00,734.2652772700001,0.0,0.0,0.0
2022-12-22 05:00,23283.07113217,0.0,28.19113809,0.0
2022-12-22 06:00,19570.478220569996,6.6404178,499.59013130000005,0.0
2022-12-22 07:00,8333.33527075,7000.0,8366.62195653,0.0
2022-12-22 08:00,18369.07190043001,1.65601208,463.38259591,0.0
2022-12-22 09:00,3614.2007772800007,0.0,4142.0,6000.0
2022-12-22 10:00,26409.09607346999,9.782272149999999,1557.02033525,1000.0
2022-12-22 11:00,3862.62226465,0.0,1.96922631,0.0
2022-12-22 12:00,4682.88648456,5012.29628488,0.0,0.0
2022-12-22 13:00,8523.700751459999,0.0,191.79868262,0.0
2022-12-22 14:00,1322.39382889,0.0,16.21592088,0.0
2022-12-22 15:00,4699.098096020001,4075.9300978,1525.77809056,1.2454
2022-12-22 16:00,20834.27814149,0.0,0.0,0.0
2022-12-22 17:00,12687.42575606,1632.80368937,0.009999999999999995,0.0
2022-12-22 18:00,10793.727906439999,0.0,0.007000000000000005,4.85431919
2022-12-22 19:00,13617.675098100002,2088.6823978,3536.7209175600215,2251.0
2022-12-22 20:00,10897.15367659,0.0,0.0,0.0
2022-12-22 21:00,14315.058497110003,0.0,9.0,1584.98473577
2022-12-22 22:00,1621.2856198499999,1.63575417,66.08303721,1.0
2022-12-22 23:00,305.05655265,0.0,937.3401976,0.0
2022-12-23 00:00,102.47425775,0.0,0.0,0.0
2022-12-23 01:00,315.59635335,500.0,0.0,0.0
2022-12-23 02:00,51.11626357,0.0,0.0,0.0
2022-12-23 03:00,210.92544726,0.0,0.0,0.0
2022-12-23 04:00,2962.90972448,0.0,0.0,0.0
2022-12-23 05:00,5748.88682287,233.69787557,7.72083882,0.0
2022-12-23 06:00,776.57015239,0.0,31.21455642,0.0
2022-12-23 07:00,1272.6614098500002,100.0,1931.77138496,0.0
2022-12-23 08:00,36551.10363259,0.0,107.71807905,0.0
2022-12-23 09:00,85000.38762114996,0.0,13078.085716900001,0.0
2022-12-23 10:00,5359.47603389,0.0,0.0,0.0
2022-12-23 11:00,2173.9301046200003,8.38424787,1327.8534381600002,61.97623134
2022-12-23 12:00,1742.19599456,102.01742834,6.9842976,0.0
2022-12-23 13:00,3381.6661733700003,2561.55473762,38.95095744,0.0
2022-12-23 14:00,1570.00937929,2404.58935347,0.0,16584.45749505
2022-12-23 15:00,2616.9383615399997,451.47051642,14749.07472258,1.09670938
2022-12-23 16:00,4902.22890079,0.0,15227.340964660005,1532.76248816
2022-12-23 17:00,199.37254434,0.0,12.44940876,0.0
2022-12-23 18:00,1811.70857721,500.23330782,1003.8819960600002,191.84055073
2022-12-23 19:00,5893.24669734,0.0,2807.6793849,0.0
2022-12-23 20:00,8520.5333697,0.0,0.0,0.0
2022-12-23 21:00,30433.14812747,0.0,1115.19691294,1601.0
2022-12-23 22:00,3750.1749291499996,1.33651934,6.89120539,0.0
2022-12-23 23:00,1079.8723693299999,0.0,0.033899999999999944,0.0
2022-12-24 00:00,1.98003124,0.0,0.0,0.0
2022-12-24 01:00,77.07013624000001,0.0,0.0,0.0
2022-12-24 02:00,10.50776782,0.0,0.0,0.0
2022-12-24 03:00,0.0,0.0,0.0,0.0
2022-12-24 04:00,193.27963706000003,0.0,0.0,0.0
2022-12-24 05:00,3642.7093522900004,0.0,9.0,0.0
2022-12-24 06:00,2389.479603,0.0,2.00915423,0.0
2022-12-24 07:00,40483.59037474999,148.63322889,8.87018624,10.0
2022-12-24 08:00,5911.920517129991,2.70343527,0.0,0.0
2022-12-24 09:00,23594.687860809998,0.0,1349.49254108,0.0
2022-12-24 10:00,69713.46653720002,0.0,0.0,100.0001
2022-12-24 11:00,1647.6360331699998,0.0,0.0,127.16225534
2022-12-24 12:00,2915.04758452,0.0,3100.61509987,4.0
2022-12-24 13:00,71437.16176409998,85.0,0.0,0.0
2022-12-24 14:00,9308.178686829999,0.0,2.92783825,0.0
2022-12-24 15:00,2989.1298831000004,0.0,0.0,0.0
2022-12-24 16:00,729.13308632,0.0,0.0,0.0
2022-12-24 17:00,1244.8078985700001,918.0,0.0,0.0
2022-12-24 18:00,8888.56730605,0.0,16289.31241224,0.0
2022-12-24 19:00,1291.96016886,0.0,0.0,0.0
2022-12-24 20:00,398.68677629,162.0,0.0,0.0
2022-12-24 21:00,8857.20779105,0.0,16192.07225788,0.0
2022-12-24 22:00,703.6821883800001,0.0,68.62112565,0.0
2022-12-24 23:00,8871.867156510001,150.0,0.0,0.0
2022-12-25 00:00,1379.6342586399999,0.0,1.28791222,0.0
2022-12-25 01:00,63.28927283,0.0,0.0,0.0
2022-12-25 02:00,448.66602881,0.0,0.0,0.0
2022-12-25 03:00,2747.90391227,0.0,920.05155822,0.0
2022-12-25 04:00,110.07785396,0.0,0.0,0.0
2022-12-25 05:00,2553.7673865,0.0,0.0,0.0
2022-12-25 06:00,552.7077871299999,0.0,47.76674395,0.0
2022-12-25 07:00,1689.1823788600002,0.0,740.4351871800001,0.0
2022-12-25 08:00,9156.302598850009,0.0,22.98180652,0.0
2022-12-25 09:00,15259.896723950003,3299.0,0.0,0.0
2022-12-25 10:00,1398.6090386700002,3.43579834,0.0,206.32345693
2022-12-25 11:00,4865.48495804,12.30387302,0.0,18.0
2022-12-25 12:00,918.9858861199999,0.0,0.0,0.0
2022-12-25 13:00,2792.2373017500004,0.0,891.1663209,0.0
2022-12-25 14:00,1897.65576715,0.0,0.0,0.0
2022-12-25 15:00,2640.23207026,0.0,501.6324037199996,0.0
2022-12-25 16:00,2685.474821810001,0.0,0.0,0.0
2022-12-25 17:00,3573.56729103,235.0,51.55346514,0.0
2022-12-25 18:00,886.9782957,0.0,6.41325133,0.0
2022-12-25 19:00,184.47092192,13.0,100.0,150.0
2022-12-25 20:00,18994.084327509998,0.0,2431.06482998,0.0
2022-12-25 21:00,619.51391977,2360.25,0.0,0.0
2022-12-25 22:00,2400.6275697,589.0,20.21697296,0.0
2022-12-25 23:00,145.47733846,0.0,97.81951493,0.0
2022-12-26 00:00,6875.197530970001,0.0,0.0,0.0
2022-12-26 01:00,32.12290049,0.0,0.0,0.0
2022-12-26 02:00,7.00210448,0.0,0.0,0.0
2022-12-26 03:00,32.488476500000004,0.0,0.0,0.0
2022-12-26 04:00,204.00914845,0.0,0.0,0.0
2022-12-26 05:00,2799.58341192,0.0,0.0,0.0
2022-12-26 06:00,1257.76740189,0.0,30.0,0.0
2022-12-26 07:00,13954.07784209,0.0,476.98,0.0
2022-12-26 08:00,31847.69812619,3.4856246,1019.60212186,0.0
2022-12-26 09:00,377.65437939000003,3.5158042800000002,50.0,1097.43028637
2022-12-26 10:00,5832.941752929999,0.0,4983.201160930001,0.0
2022-12-26 11:00,38.04082036,35998.21002682,172.08851145,147.59076543
2022-12-26 12:00,387.03725044999993,0.0,50000.40010945,7000.0
2022-12-26 13:00,19837.567109090003,1600.0,0.0,0.0
2022-12-26 14:00,31494.06255402,11133.89860755,162.43955422,538.09430967
2022-12-26 15:00,11286.056240950002,0.0,206.87860363000001,0.0
2022-12-26 16:00,3847.6011880999995,100.0,20147.533651690017,0.0
2022-12-26 17:00,45611.76432397,83534.0,29.35330027,0.0
2022-12-26 18:00,4897.01577008,24.02069699,197.59077502,1500.0
2022-12-26 19:00,22054.55698582,0.0,6.77699532,0.0
2022-12-26 20:00,20302.135504609996,0.0,0.0,0.0
2022-12-26 21:00,1815.63992799,0.0,0.0,0.0
2022-12-26 22:00,1419.35239781,0.0,707.2111424899999,0.0
2022-12-26 23:00,348.38534925000005,0.0,0.0,0.0
2022-12-27 00:00,210.00599147,0.0,382.2754010699998,0.0
2022-12-27 01:00,4.00276093,0.0,24.569662589999997,0.0
2022-12-27 02:00,1415.14302617,0.0,0.0,0.0
2022-12-27 03:00,2.01249828,0.0,0.0,0.0
2022-12-27 04:00,1001.91642077,0.0,0.0,0.0
2022-12-27 05:00,6077.3789710500005,0.0,0.0,0.0
2022-12-27 06:00,216.69990386999996,0.0,1116.00920765,0.0
2022-12-27 07:00,708.36227769,0.0,19.27276542,0.0
2022-12-27 08:00,6282.916138270002,0.0,0.0,0.0
2022-12-27 09:00,15497.07950235,0.0,0.0,0.0
2022-12-27 10:00,4211.20176338,0.0,0.0,0.0
2022-12-27 11:00,6157.6842939,0.0,0.0,0.0
2022-12-27 12:00,18630.34704944,163.1,0.0,0.0
2022-12-27 13:00,13160.74124368,0.0,6188.95189305,0.0
2022-12-27 14:00,1318.53567111,0.0,179.10999016,0.0
2022-12-27 15:00,5353.73027448,0.0,24482.85107383,1500.0
2022-12-27 16:00,2266.3709958,0.0,0.0,2505.14962175
2022-12-27 17:00,19545.09516754,1.57712476,480.0,0.0
2022-12-27 18:00,60010.61835036,0.0,57.24330219,30.34698061
2022-12-27 19:00,152743.28750440993,0.0,1567.7469007700001,0.0
2022-12-27 20:00,8038.06245237,0.0,17.63457594,0.0
