,visitTimestamp
0,2021-05-17 19:59:13.709659
0,2021-05-17 19:59:13.751788
0,2021-05-17 19:59:13.754064
0,2021-05-17 19:59:14.610320
0,2021-05-17 20:00:52.492422
0,2021-05-17 20:07:28.260669
0,2021-05-17 20:17:36.819631
0,2021-05-17 20:19:58.983251
0,2021-05-17 20:24:33.149375
0,2021-05-17 20:25:05.787511
0,2021-05-17 20:37:06.016062
0,2021-05-17 20:37:36.643323
0,2021-05-17 20:48:12.265767
0,2021-05-17 20:50:11.461014
0,2021-05-17 21:08:26.764697
0,2021-05-17 21:11:35.547681
0,2021-05-17 21:24:42.552769
0,2021-05-17 21:26:54.033727
0,2021-05-17 21:27:52.419294
0,2021-05-17 21:27:57.781263
0,2021-05-17 21:35:52.785230
0,2021-05-17 21:39:58.219314
0,2021-05-17 21:45:21.095894
0,2021-05-17 21:49:30.884182
0,2021-05-17 21:51:24.461422
0,2021-05-17 21:57:14.560040
0,2021-05-17 21:57:55.666728
0,2021-05-17 21:59:00.505743
0,2021-05-17 21:59:23.501002
0,2021-05-17 21:59:24.180965
0,2021-05-17 21:59:28.082721
0,2021-05-17 22:00:56.384956
0,2021-05-17 22:08:31.452510
0,2021-05-17 22:14:34.635929
0,2021-05-17 22:15:57.420327
0,2021-05-17 22:34:20.643186
0,2021-05-17 22:47:55.266496
0,2021-05-17 22:54:04.381454
0,2021-05-17 22:58:51.452981
0,2021-05-17 23:11:54.612515
0,2021-05-17 23:27:26.829692
0,2021-05-17 23:38:07.459915
0,2021-05-17 23:57:16.842663
0,2021-05-18 00:02:50.902293
0,2021-05-18 00:02:54.494418
0,2021-05-18 00:27:33.496278
0,2021-05-18 00:27:44.031025
0,2021-05-18 00:29:13.675934
0,2021-05-18 00:47:39.397251
0,2021-05-18 00:57:23.315239
0,2021-05-18 01:05:41.124732
0,2021-05-18 01:08:27.950292
0,2021-05-18 01:08:58.051546
0,2021-05-18 01:13:46.519250
0,2021-05-18 01:56:09.784133
0,2021-05-18 02:11:34.345638
0,2021-05-18 02:11:58.059428
0,2021-05-18 02:12:57.707043
0,2021-05-18 02:20:22.268389
0,2021-05-18 02:25:23.455040
0,2021-05-18 02:27:31.733249
0,2021-05-18 02:28:07.911452
0,2021-05-18 02:29:09.449565
0,2021-05-18 02:29:42.749536
0,2021-05-18 02:29:46.272361
0,2021-05-18 02:30:35.131730
0,2021-05-18 02:32:45.043817
0,2021-05-18 02:40:00.215093
0,2021-05-18 02:40:22.219880
0,2021-05-18 02:46:43.045996
0,2021-05-18 02:50:25.892618
0,2021-05-18 03:16:46.193976
0,2021-05-18 03:23:41.556395
0,2021-05-18 03:37:46.789378
0,2021-05-18 03:38:25.578556
0,2021-05-18 03:40:27.657362
0,2021-05-18 03:48:57.855621
0,2021-05-18 03:50:30.208643
0,2021-05-18 03:55:20.281402
0,2021-05-18 04:13:18.186731
0,2021-05-18 04:14:49.666489
0,2021-05-18 04:23:55.581428
0,2021-05-18 04:29:40.634121
0,2021-05-18 04:34:28.999655
0,2021-05-18 04:35:11.409281
0,2021-05-18 04:36:37.778923
0,2021-05-18 04:36:56.309190
0,2021-05-18 04:39:14.034899
0,2021-05-18 04:39:22.566236
0,2021-05-18 04:41:44.188102
0,2021-05-18 04:42:02.549928
0,2021-05-18 04:42:56.495284
0,2021-05-18 04:50:11.949556
0,2021-05-18 04:53:03.602898
0,2021-05-18 04:53:21.746096
0,2021-05-18 04:56:13.218091
0,2021-05-18 05:03:06.883212
0,2021-05-18 05:03:13.976783
0,2021-05-18 05:03:51.756273
0,2021-05-18 05:06:34.674105
0,2021-05-18 05:06:36.108490
0,2021-05-18 05:12:35.907137
0,2021-05-18 05:18:38.605417
0,2021-05-18 05:20:24.746827
0,2021-05-18 05:24:07.785395
0,2021-05-18 05:25:02.758737
0,2021-05-18 05:26:27.859141
0,2021-05-18 05:39:02.446598
0,2021-05-18 05:41:59.381241
0,2021-05-18 05:51:46.874447
0,2021-05-18 05:57:37.471572
0,2021-05-18 06:09:43.491113
0,2021-05-18 06:21:33.313662
0,2021-05-18 06:23:19.097206
0,2021-05-18 06:24:05.718881
0,2021-05-18 06:24:18.612463
0,2021-05-18 06:26:57.666258
0,2021-05-18 06:32:07.281063
0,2021-05-18 06:34:05.925900
0,2021-05-18 06:37:33.349702
0,2021-05-18 06:42:09.248829
0,2021-05-18 06:43:44.425262
0,2021-05-18 06:46:25.291313
0,2021-05-18 06:46:34.317767
0,2021-05-18 06:47:13.532158
0,2021-05-18 06:51:44.690857
0,2021-05-18 06:54:15.151690
0,2021-05-18 06:56:49.741242
0,2021-05-18 06:59:07.979971
0,2021-05-18 06:59:44.134491
0,2021-05-18 07:03:41.483579
0,2021-05-18 07:08:30.013636
0,2021-05-18 07:09:09.045096
0,2021-05-18 07:10:13.412614
0,2021-05-18 07:13:27.402422
0,2021-05-18 07:13:42.439875
0,2021-05-18 07:13:54.749310
0,2021-05-18 07:16:46.511925
0,2021-05-18 07:22:05.458923
0,2021-05-18 07:28:49.022300
0,2021-05-18 07:31:44.626042
0,2021-05-18 07:32:45.930605
0,2021-05-18 07:35:53.750031
0,2021-05-18 07:36:06.949889
0,2021-05-18 07:37:55.639643
0,2021-05-18 07:37:56.812915
0,2021-05-18 07:40:20.351767
0,2021-05-18 07:50:15.733323
0,2021-05-18 07:52:19.800137
0,2021-05-18 08:01:34.215908
0,2021-05-18 08:03:33.501457
0,2021-05-18 08:05:18.858650
0,2021-05-18 08:11:47.281617
0,2021-05-18 08:14:19.275265
0,2021-05-18 08:17:56.677680
0,2021-05-18 08:19:13.864921
0,2021-05-18 08:21:16.177148
0,2021-05-18 08:30:20.327865
0,2021-05-18 08:31:13.275902
0,2021-05-18 08:37:57.087723
0,2021-05-18 08:40:06.528129
0,2021-05-18 08:42:05.902351
0,2021-05-18 08:42:06.754868
0,2021-05-18 08:44:07.390382
0,2021-05-18 08:47:16.953975
0,2021-05-18 08:50:46.398619
0,2021-05-18 08:54:33.665274
0,2021-05-18 08:54:45.597123
0,2021-05-18 08:55:59.105162
0,2021-05-18 08:57:56.268601
0,2021-05-18 09:00:10.485947
0,2021-05-18 09:02:34.528788
0,2021-05-18 09:05:31.600370
0,2021-05-18 09:06:04.903524
0,2021-05-18 09:08:33.000933
0,2021-05-18 09:23:21.343101
0,2021-05-18 09:29:45.074436
0,2021-05-18 09:39:19.321756
0,2021-05-18 09:39:21.205733
0,2021-05-18 09:39:53.060347
0,2021-05-18 09:40:47.505711
0,2021-05-18 09:42:32.649093
0,2021-05-18 09:43:17.302282
0,2021-05-18 09:43:34.532391
0,2021-05-18 09:43:36.776396
0,2021-05-18 09:44:46.351120
0,2021-05-18 09:48:27.715502
0,2021-05-18 09:49:53.334743
0,2021-05-18 09:51:36.825335
0,2021-05-18 09:52:08.734494
0,2021-05-18 09:56:13.528138
0,2021-05-18 10:00:00.465315
0,2021-05-18 10:04:13.357808
0,2021-05-18 10:04:15.003638
0,2021-05-18 10:13:31.385237
0,2021-05-18 10:18:31.777248
0,2021-05-18 10:18:35.708475
0,2021-05-18 10:24:47.654593
0,2021-05-18 10:31:31.307895
0,2021-05-18 10:32:13.290423
0,2021-05-18 10:42:23.996977
0,2021-05-18 10:42:27.254624
0,2021-05-18 10:42:38.782148
0,2021-05-18 10:43:33.604865
0,2021-05-18 10:45:12.838063
0,2021-05-18 10:48:58.480025
0,2021-05-18 10:50:22.116006
0,2021-05-18 10:50:53.530400
0,2021-05-18 10:50:53.984924
0,2021-05-18 10:51:24.186188
0,2021-05-18 10:54:21.902768
0,2021-05-18 10:55:03.017802
0,2021-05-18 10:55:23.304859
0,2021-05-18 10:56:51.161854
0,2021-05-18 10:58:24.481253
0,2021-05-18 10:59:22.170661
0,2021-05-18 11:14:25.485141
0,2021-05-18 11:17:53.950301
0,2021-05-18 11:21:18.826607
0,2021-05-18 11:22:06.171693
0,2021-05-18 11:22:51.231545
0,2021-05-18 11:26:38.231081
0,2021-05-18 11:26:50.185525
0,2021-05-18 11:30:17.395718
0,2021-05-18 11:32:47.190903
0,2021-05-18 11:41:45.124782
0,2021-05-18 11:45:27.274900
0,2021-05-18 11:46:27.661435
0,2021-05-18 11:49:10.576904
0,2021-05-18 11:50:14.300123
0,2021-05-18 11:50:58.246671
0,2021-05-18 11:55:50.195777
0,2021-05-18 11:58:26.206082
0,2021-05-18 11:59:09.272097
0,2021-05-18 12:07:19.076206
0,2021-05-18 12:12:03.124231
0,2021-05-18 12:14:18.064841
0,2021-05-18 12:18:51.041545
0,2021-05-18 12:21:14.527065
0,2021-05-18 12:25:46.583968
0,2021-05-18 12:39:39.045743
0,2021-05-18 12:46:01.858759
0,2021-05-18 12:50:50.815789
0,2021-05-18 12:53:10.770627
0,2021-05-18 12:53:21.841879
0,2021-05-18 12:57:39.604937
0,2021-05-18 12:58:47.822747
0,2021-05-18 13:02:32.543440
0,2021-05-18 13:06:04.337728
0,2021-05-18 13:12:26.911672
0,2021-05-18 13:12:35.571318
0,2021-05-18 13:13:53.503504
0,2021-05-18 13:14:35.512471
0,2021-05-18 13:17:24.423734
0,2021-05-18 13:33:45.056668
0,2021-05-18 13:34:11.062053
0,2021-05-18 13:34:15.776561
0,2021-05-18 13:36:21.905634
0,2021-05-18 13:41:14.210660
0,2021-05-18 13:43:50.769566
0,2021-05-18 13:56:08.135575
0,2021-05-18 13:58:42.118497
0,2021-05-18 14:00:05.192309
0,2021-05-18 14:00:23.312386
0,2021-05-18 14:02:36.395804
0,2021-05-18 14:11:14.641117
0,2021-05-18 14:11:26.157304
0,2021-05-18 14:17:52.102108
0,2021-05-18 14:19:46.540891
0,2021-05-18 14:31:47.184495
0,2021-05-18 14:32:52.956746
0,2021-05-18 14:33:33.970468
0,2021-05-18 14:48:07.704060
0,2021-05-18 14:48:07.748346
0,2021-05-18 14:48:24.309165
0,2021-05-18 14:49:26.994465
0,2021-05-18 14:50:22.662806
0,2021-05-18 14:50:24.282875
0,2021-05-18 14:54:37.882757
0,2021-05-18 14:56:31.801074
0,2021-05-18 15:00:37.661707
0,2021-05-18 15:08:55.867812
0,2021-05-18 15:09:49.464070
0,2021-05-18 15:15:33.889756
0,2021-05-18 15:18:03.511438
0,2021-05-18 15:22:27.842435
0,2021-05-18 15:23:32.743476
0,2021-05-18 15:24:29.371344
0,2021-05-18 15:27:37.203535
0,2021-05-18 15:28:40.596370
0,2021-05-18 15:35:21.157972
0,2021-05-18 15:37:09.838056
0,2021-05-18 15:38:14.123143
0,2021-05-18 15:38:55.639510
0,2021-05-18 15:41:55.100415
0,2021-05-18 15:55:21.525195
0,2021-05-18 15:58:32.983908
0,2021-05-18 16:00:55.166930
0,2021-05-18 16:03:37.413357
0,2021-05-18 16:07:00.340306
0,2021-05-18 16:20:44.449938
0,2021-05-18 16:24:21.757997
0,2021-05-18 16:37:10.734681
0,2021-05-18 16:41:00.155793
0,2021-05-18 16:43:22.517430
0,2021-05-18 16:48:01.755380
0,2021-05-18 16:49:38.902351
0,2021-05-18 16:51:10.749969
0,2021-05-18 16:54:45.920073
0,2021-05-18 17:01:03.000051
0,2021-05-18 17:02:03.582083
0,2021-05-18 17:02:14.560913
0,2021-05-18 17:07:13.360683
0,2021-05-18 17:12:09.236267
0,2021-05-18 17:19:18.438024
0,2021-05-18 17:21:37.216883
0,2021-05-18 17:24:01.711310
0,2021-05-18 17:38:02.101859
0,2021-05-18 17:38:09.867925
0,2021-05-18 17:39:59.028934
0,2021-05-18 17:40:21.092739
0,2021-05-18 17:43:00.932438
0,2021-05-18 17:44:19.390687
0,2021-05-18 17:54:31.693646
0,2021-05-18 17:54:37.949552
0,2021-05-18 18:00:25.295202
0,2021-05-18 18:01:21.717236
0,2021-05-18 18:12:48.197777
0,2021-05-18 18:12:51.101879
0,2021-05-18 18:23:49.628371
0,2021-05-18 18:24:15.219802
0,2021-05-18 18:25:57.597593
0,2021-05-18 18:31:56.005014
0,2021-05-18 18:38:13.604364
0,2021-05-18 18:44:38.208579
0,2021-05-18 18:52:52.916666
0,2021-05-18 18:53:08.882900
0,2021-05-18 18:53:27.950553
0,2021-05-18 18:56:02.499713
0,2021-05-18 18:56:33.633359
0,2021-05-18 18:59:21.374800
0,2021-05-18 19:10:03.788443
0,2021-05-18 19:16:13.739832
0,2021-05-18 19:16:30.690323
0,2021-05-18 19:20:07.519959
0,2021-05-18 19:22:31.129905
0,2021-05-18 19:23:34.305398
0,2021-05-18 19:29:24.537687
0,2021-05-18 19:29:50.079861
0,2021-05-18 19:30:11.129069
0,2021-05-18 19:41:43.468063
0,2021-05-18 19:46:00.833270
0,2021-05-18 19:47:05.150195
0,2021-05-18 19:47:53.448682
0,2021-05-18 19:49:55.795649
0,2021-05-18 19:50:28.026711
0,2021-05-18 19:52:11.301472
0,2021-05-18 19:53:39.226897
0,2021-05-18 19:58:27.697488
0,2021-05-18 20:05:16.663861
0,2021-05-18 20:24:27.708051
0,2021-05-18 20:26:21.882351
0,2021-05-18 20:31:12.955872
0,2021-05-18 20:41:21.396760
0,2021-05-18 20:48:05.766007
0,2021-05-18 20:56:38.465996
0,2021-05-18 21:02:59.043832
0,2021-05-18 21:07:15.426124
0,2021-05-18 21:18:53.468079
0,2021-05-18 21:21:17.361691
0,2021-05-18 21:21:49.942352
0,2021-05-18 21:24:54.695680
0,2021-05-18 21:30:35.237526
0,2021-05-18 21:39:30.052804
0,2021-05-18 21:46:21.581222
0,2021-05-18 21:49:07.450725
0,2021-05-18 21:50:23.666780
0,2021-05-18 21:50:31.598860
0,2021-05-18 21:51:14.840008
0,2021-05-18 22:05:19.250221
0,2021-05-18 22:11:53.344573
0,2021-05-18 22:23:34.667161
0,2021-05-18 22:33:42.516029
0,2021-05-18 22:48:30.347673
0,2021-05-18 23:07:20.702529
0,2021-05-18 23:09:13.155948
0,2021-05-18 23:09:55.960645
0,2021-05-18 23:52:40.785457
0,2021-05-19 00:31:57.306255
0,2021-05-19 00:40:54.828530
0,2021-05-19 01:05:04.031088
0,2021-05-19 01:17:04.934422
0,2021-05-19 01:36:04.836491
0,2021-05-19 01:42:40.854301
0,2021-05-19 02:04:40.189013
0,2021-05-19 02:51:11.465107
0,2021-05-19 02:51:15.675889
0,2021-05-19 02:52:30.993163
0,2021-05-19 03:00:01.012520
0,2021-05-19 03:06:14.409279
0,2021-05-19 03:11:19.684614
0,2021-05-19 03:27:47.040612
0,2021-05-19 03:32:45.603604
0,2021-05-19 03:37:45.734775
0,2021-05-19 03:42:12.156231
0,2021-05-19 03:50:11.930368
0,2021-05-19 03:50:34.893229
0,2021-05-19 03:50:44.073712
0,2021-05-19 03:52:03.761167
0,2021-05-19 03:58:39.062182
0,2021-05-19 03:58:55.882309
0,2021-05-19 04:02:14.353194
0,2021-05-19 04:07:11.531102
0,2021-05-19 04:20:24.466910
0,2021-05-19 04:21:15.283952
0,2021-05-19 04:21:49.482347
0,2021-05-19 04:42:40.992782
0,2021-05-19 04:43:52.680342
0,2021-05-19 04:44:44.195132
0,2021-05-19 04:44:55.777878
0,2021-05-19 04:45:03.884786
0,2021-05-19 04:46:53.262505
0,2021-05-19 04:47:33.876417
0,2021-05-19 04:47:49.152272
0,2021-05-19 04:49:30.271292
0,2021-05-19 04:49:33.044751
0,2021-05-19 04:54:29.260411
0,2021-05-19 04:57:15.697597
0,2021-05-19 04:57:31.237562
0,2021-05-19 05:15:26.778764
0,2021-05-19 05:19:22.029967
0,2021-05-19 05:21:47.580483
0,2021-05-19 05:24:15.870037
0,2021-05-19 05:34:46.784463
0,2021-05-19 05:34:50.691768
0,2021-05-19 05:43:42.016722
0,2021-05-19 05:46:34.543694
0,2021-05-19 05:49:55.761088
0,2021-05-19 05:54:00.140640
0,2021-05-19 05:55:32.089135
0,2021-05-19 05:55:56.694272
0,2021-05-19 06:02:05.161129
0,2021-05-19 06:03:38.423259
0,2021-05-19 06:09:24.543122
0,2021-05-19 06:13:38.135289
0,2021-05-19 06:14:56.770740
0,2021-05-19 06:20:45.104084
0,2021-05-19 06:23:44.835834
0,2021-05-19 06:24:46.374451
0,2021-05-19 06:27:16.704386
0,2021-05-19 06:38:23.895711
0,2021-05-19 06:42:38.160176
0,2021-05-19 06:43:43.890155
0,2021-05-19 06:51:11.140311
0,2021-05-19 06:57:37.849919
0,2021-05-19 07:02:45.405671
0,2021-05-19 07:06:58.938532
0,2021-05-19 07:08:24.730632
0,2021-05-19 07:08:40.984218
0,2021-05-19 07:08:51.698943
0,2021-05-19 07:09:06.975177
0,2021-05-19 07:10:23.364568
0,2021-05-19 07:17:15.101127
0,2021-05-19 07:17:28.680468
0,2021-05-19 07:18:11.904472
0,2021-05-19 07:22:32.873441
0,2021-05-19 07:25:19.459880
0,2021-05-19 07:30:23.610619
0,2021-05-19 07:30:36.277557
0,2021-05-19 07:32:42.125092
0,2021-05-19 07:36:56.855450
0,2021-05-19 07:39:05.129987
0,2021-05-19 07:39:21.534226
0,2021-05-19 07:39:56.678093
0,2021-05-19 07:44:14.706494
0,2021-05-19 07:45:27.294691
0,2021-05-19 07:46:15.498285
0,2021-05-19 07:49:56.211215
0,2021-05-19 07:51:51.154022
0,2021-05-19 07:53:43.019583
0,2021-05-19 07:59:33.938551
0,2021-05-19 08:16:12.220671
0,2021-05-19 08:18:42.908131
0,2021-05-19 08:22:36.594338
0,2021-05-19 08:24:02.923192
0,2021-05-19 08:28:43.710007
0,2021-05-19 08:31:32.569882
0,2021-05-19 08:32:41.379646
0,2021-05-19 08:38:29.571550
0,2021-05-19 08:39:06.384269
0,2021-05-19 08:40:07.481814
0,2021-05-19 08:40:27.412289
0,2021-05-19 08:41:19.817025
0,2021-05-19 08:44:53.667815
0,2021-05-19 08:49:27.910722
0,2021-05-19 08:52:12.727188
0,2021-05-19 08:58:09.512376
0,2021-05-19 09:00:57.089355
0,2021-05-19 09:02:20.699309
0,2021-05-19 09:04:43.484067
0,2021-05-19 09:05:41.378835
0,2021-05-19 09:05:58.900649
0,2021-05-19 09:07:57.564416
0,2021-05-19 09:08:02.454350
0,2021-05-19 09:19:09.399654
0,2021-05-19 09:33:57.233632
0,2021-05-19 09:37:09.080168
0,2021-05-19 09:41:07.408036
0,2021-05-19 09:41:48.263552
0,2021-05-19 09:42:03.304022
0,2021-05-19 09:48:25.652974
0,2021-05-19 09:52:55.719545
0,2021-05-19 09:53:08.563111
0,2021-05-19 09:55:17.726728
0,2021-05-19 09:57:14.816314
0,2021-05-19 09:57:41.760546
0,2021-05-19 10:01:21.911918
0,2021-05-19 10:01:56.062216
0,2021-05-19 10:05:10.255928
0,2021-05-19 10:07:23.677167
0,2021-05-19 10:12:29.028463
0,2021-05-19 10:14:28.965848
0,2021-05-19 10:15:23.192950
0,2021-05-19 10:20:01.782448
0,2021-05-19 10:21:04.804069
0,2021-05-19 10:22:11.352483
0,2021-05-19 10:22:40.580428
0,2021-05-19 10:23:52.418014
0,2021-05-19 10:28:53.979164
0,2021-05-19 10:29:42.779789
0,2021-05-19 10:31:13.675381
0,2021-05-19 10:31:16.491
0,2021-05-19 10:31:25.989183
0,2021-05-19 10:31:57.562731
0,2021-05-19 10:32:13.685372
0,2021-05-19 10:33:42.382903
0,2021-05-19 10:43:00.043332
0,2021-05-19 10:45:27.020556
0,2021-05-19 10:53:41.338778
0,2021-05-19 10:55:14.827506
0,2021-05-19 10:58:01.723204
0,2021-05-19 10:59:38.091759
0,2021-05-19 11:03:22.077797
0,2021-05-19 11:03:34.561610
0,2021-05-19 11:04:01.464562
0,2021-05-19 11:04:11.971102
0,2021-05-19 11:04:23.215316
0,2021-05-19 11:05:52.043373
0,2021-05-19 11:07:01.842940
0,2021-05-19 11:09:45.954751
0,2021-05-19 11:10:54.223598
0,2021-05-19 11:11:00.088974
0,2021-05-19 11:11:21.375722
0,2021-05-19 11:12:18.561433
0,2021-05-19 11:12:19.087128
0,2021-05-19 11:13:19.391034
0,2021-05-19 11:14:01.350814
0,2021-05-19 11:15:28.439332
0,2021-05-19 11:17:04.855271
0,2021-05-19 11:17:40.576143
0,2021-05-19 11:17:42.906876
0,2021-05-19 11:19:13.174238
0,2021-05-19 11:21:08.676980
0,2021-05-19 11:22:45.447348
0,2021-05-19 11:26:57.101542
0,2021-05-19 11:32:20.846703
0,2021-05-19 11:33:46.678921
0,2021-05-19 11:36:21.032160
0,2021-05-19 11:38:07.378989
0,2021-05-19 11:38:26.661325
0,2021-05-19 11:42:58.766019
0,2021-05-19 11:44:19.656719
0,2021-05-19 11:50:20.117830
0,2021-05-19 11:56:12.223067
0,2021-05-19 11:56:33.448345
0,2021-05-19 12:01:10.756377
0,2021-05-19 12:01:37.475880
0,2021-05-19 12:02:26.838706
0,2021-05-19 12:02:46.080113
0,2021-05-19 12:03:14.813284
0,2021-05-19 12:03:58.355176
0,2021-05-19 12:06:57.971440
0,2021-05-19 12:07:56.735088
0,2021-05-19 12:12:29.375461
0,2021-05-19 12:12:46.270262
0,2021-05-19 12:16:49.151649
0,2021-05-19 12:21:27.277209
0,2021-05-19 12:24:06.570609
0,2021-05-19 12:24:11.418356
0,2021-05-19 12:24:43.303388
0,2021-05-19 12:31:58.433015
0,2021-05-19 12:36:35.723892
0,2021-05-19 12:38:43.305593
0,2021-05-19 12:39:38.083892
0,2021-05-19 12:40:19.873669
0,2021-05-19 12:42:16.727088
0,2021-05-19 12:50:53.228700
0,2021-05-19 12:51:24.423618
0,2021-05-19 12:59:06.916929
0,2021-05-19 13:01:56.176976
0,2021-05-19 13:02:52.850989
0,2021-05-19 13:02:53.128760
0,2021-05-19 13:04:04.857350
0,2021-05-19 13:06:35.811447
0,2021-05-19 13:06:48.413647
0,2021-05-19 13:07:57.000053
0,2021-05-19 13:08:28.952635
0,2021-05-19 13:08:50.842795
0,2021-05-19 13:12:19.482426
0,2021-05-19 13:21:09.902581
0,2021-05-19 13:21:31.058762
0,2021-05-19 13:22:56.367224
0,2021-05-19 13:23:36.523490
0,2021-05-19 13:25:01.688447
0,2021-05-19 13:26:11.237898
0,2021-05-19 13:26:50.871215
0,2021-05-19 13:27:26.999505
0,2021-05-19 13:29:56.233832
0,2021-05-19 13:30:37.547478
0,2021-05-19 13:31:11.421027
0,2021-05-19 13:31:21.987627
0,2021-05-19 13:32:34.119223
0,2021-05-19 13:34:57.721173
0,2021-05-19 13:35:13.099983
0,2021-05-19 13:36:10.651173
0,2021-05-19 13:37:18.884664
0,2021-05-19 13:42:10.849535
0,2021-05-19 13:43:42.486451
0,2021-05-19 13:45:15.245288
0,2021-05-19 13:47:29.814904
0,2021-05-19 13:53:33.688723
0,2021-05-19 13:55:07.367208
0,2021-05-19 13:56:29.743917
0,2021-05-19 13:57:03.519403
0,2021-05-19 14:02:02.823630
0,2021-05-19 14:03:02.991676
0,2021-05-19 14:03:05.477577
0,2021-05-19 14:03:17.950760
0,2021-05-19 14:03:20.177854
0,2021-05-19 14:03:21.411124
0,2021-05-19 14:03:24.376742
0,2021-05-19 14:05:59.735983
0,2021-05-19 14:08:48.828558
0,2021-05-19 14:13:25.799707
0,2021-05-19 14:14:28.018053
0,2021-05-19 14:14:30.653808
0,2021-05-19 14:15:58.702871
0,2021-05-19 14:17:05.759535
0,2021-05-19 14:17:15.179104
0,2021-05-19 14:19:27.454612
0,2021-05-19 14:19:47.848696
0,2021-05-19 14:25:11.059167
0,2021-05-19 14:28:02.680500
0,2021-05-19 14:28:23.579427
0,2021-05-19 14:29:09.266927
0,2021-05-19 14:30:13.079369
0,2021-05-19 14:31:41.988048
0,2021-05-19 14:33:07.422859
0,2021-05-19 14:39:06.949928
0,2021-05-19 14:40:41.631065
0,2021-05-19 14:43:01.973008
0,2021-05-19 14:44:00.213536
0,2021-05-19 14:44:34.771085
0,2021-05-19 14:48:40.918457
0,2021-05-19 14:49:45.312686
0,2021-05-19 14:50:36.441888
0,2021-05-19 14:51:08.766444
0,2021-05-19 14:54:20.706101
0,2021-05-19 14:54:45.884249
0,2021-05-19 14:55:11.250043
0,2021-05-19 14:57:59.279467
0,2021-05-19 14:58:24.106836
0,2021-05-19 14:59:09.288431
0,2021-05-19 15:00:33.317464
0,2021-05-19 15:01:25.155852
0,2021-05-19 15:03:44.577103
0,2021-05-19 15:05:25.985506
0,2021-05-19 15:10:17.912944
0,2021-05-19 15:11:27.572230
0,2021-05-19 15:12:11.482184
0,2021-05-19 15:14:07.937965
0,2021-05-19 15:19:36.699664
0,2021-05-19 15:22:18.103281
0,2021-05-19 15:23:51.191055
0,2021-05-19 15:24:31.635786
0,2021-05-19 15:24:48.782917
0,2021-05-19 15:27:25.926078
0,2021-05-19 15:28:33.250397
0,2021-05-19 15:28:37.198087
0,2021-05-19 15:32:25.910062
0,2021-05-19 15:35:27.025554
0,2021-05-19 15:37:00.277495
0,2021-05-19 15:38:24.211862
0,2021-05-19 15:38:24.297212
0,2021-05-19 15:38:30.544559
0,2021-05-19 15:38:42.649854
0,2021-05-19 15:39:56.477005
0,2021-05-19 15:39:56.895448
0,2021-05-19 15:40:24.235055
0,2021-05-19 15:40:25.819466
0,2021-05-19 15:42:37.993837
0,2021-05-19 15:43:55.401648
0,2021-05-19 15:53:45.486157
0,2021-05-19 15:54:34.768633
0,2021-05-19 15:55:28.730020
0,2021-05-19 15:57:32.551781
0,2021-05-19 16:01:14.979696
0,2021-05-19 16:02:41.864344
0,2021-05-19 16:02:46.403750
0,2021-05-19 16:10:06.808409
0,2021-05-19 16:15:00.203047
0,2021-05-19 16:19:29.945420
0,2021-05-19 16:20:41.235563
0,2021-05-19 16:29:08.433401
0,2021-05-19 16:29:27.872944
0,2021-05-19 16:33:37.516575
0,2021-05-19 16:35:09.524975
0,2021-05-19 16:35:20.099152
0,2021-05-19 16:35:40.021398
0,2021-05-19 16:36:36.409980
0,2021-05-19 16:36:55.020155
0,2021-05-19 16:37:28.585106
0,2021-05-19 16:38:27.072047
0,2021-05-19 16:39:43.664869
0,2021-05-19 16:40:51.868467
0,2021-05-19 16:41:25.051568
0,2021-05-19 16:42:37.628914
0,2021-05-19 16:45:29.199476
0,2021-05-19 16:46:47.401348
0,2021-05-19 16:47:49.538250
0,2021-05-19 16:49:09.549631
0,2021-05-19 16:50:40.841488
0,2021-05-19 16:50:48.135685
0,2021-05-19 16:55:39.359177
0,2021-05-19 16:57:39.662652
0,2021-05-19 16:58:15.590684
0,2021-05-19 16:59:58.133775
0,2021-05-19 17:02:23.705347
0,2021-05-19 17:05:50.586544
0,2021-05-19 17:06:58.317675
0,2021-05-19 17:09:49.599577
0,2021-05-19 17:10:02.717314
0,2021-05-19 17:16:44.154124
0,2021-05-19 17:23:57.359996
0,2021-05-19 17:26:03.987570
0,2021-05-19 17:27:42.273093
0,2021-05-19 17:27:57.630274
0,2021-05-19 17:28:33.233538
0,2021-05-19 17:38:46.732039
0,2021-05-19 17:39:44.146135
0,2021-05-19 17:40:12.237783
0,2021-05-19 17:40:19.567730
0,2021-05-19 17:41:00.466490
0,2021-05-19 17:41:13.596257
0,2021-05-19 17:46:51.566084
0,2021-05-19 17:47:28.092268
0,2021-05-19 17:52:57.687159
0,2021-05-19 17:53:26.614842
0,2021-05-19 17:55:52.508931
0,2021-05-19 17:58:03.495465
0,2021-05-19 17:58:22.673516
0,2021-05-19 17:58:58.583051
0,2021-05-19 18:03:49.586154
0,2021-05-19 18:03:52.376605
0,2021-05-19 18:05:06.968194
0,2021-05-19 18:09:27.644945
0,2021-05-19 18:15:19.684119
0,2021-05-19 18:15:38.004959
0,2021-05-19 18:16:23.766310
0,2021-05-19 18:19:51.538589
0,2021-05-19 18:25:10.168511
0,2021-05-19 18:25:11.058794
0,2021-05-19 18:28:06.871974
0,2021-05-19 18:30:03.223107
0,2021-05-19 18:30:12.925290
0,2021-05-19 18:32:51.516130
0,2021-05-19 18:34:53.152097
0,2021-05-19 18:42:20.623
0,2021-05-19 18:43:08.058348
0,2021-05-19 18:43:59.003050
0,2021-05-19 18:47:55.573328
0,2021-05-19 18:49:47.184679
0,2021-05-19 18:50:08.949794
0,2021-05-19 18:51:47.753920
0,2021-05-19 18:52:19.645491
0,2021-05-19 18:53:01.512
0,2021-05-19 18:53:52.362419
0,2021-05-19 18:54:50.346018
0,2021-05-19 18:57:02.300934
0,2021-05-19 18:58:23.830984
0,2021-05-19 19:00:05.765298
0,2021-05-19 19:00:51.349919
0,2021-05-19 19:01:40.412940
0,2021-05-19 19:02:33.949981
0,2021-05-19 19:07:23.937868
0,2021-05-19 19:08:31.119318
0,2021-05-19 19:10:14.517916
0,2021-05-19 19:12:32.430907
0,2021-05-19 19:13:37.393585
0,2021-05-19 19:13:46.903874
0,2021-05-19 19:18:22.371185
0,2021-05-19 19:21:16.736608
0,2021-05-19 19:21:18.187204
0,2021-05-19 19:25:34.312718
0,2021-05-19 19:28:35.125962
0,2021-05-19 19:29:13.377235
0,2021-05-19 19:29:33.733400
0,2021-05-19 19:33:26.896602
0,2021-05-19 19:38:03.699809
0,2021-05-19 19:39:29.219941
0,2021-05-19 19:45:17.128852
0,2021-05-19 19:46:20.447145
0,2021-05-19 19:48:23.217483
0,2021-05-19 19:53:27.373784
0,2021-05-19 19:55:47.405866
0,2021-05-19 19:55:58.080031
0,2021-05-19 19:57:33.041609
0,2021-05-19 19:58:31.602072
0,2021-05-19 20:00:45.829138
0,2021-05-19 20:01:40.692277
0,2021-05-19 20:03:17.371282
0,2021-05-19 20:05:17.543863
0,2021-05-19 20:06:00.040924
0,2021-05-19 20:07:41.407319
0,2021-05-19 20:07:57.536420
0,2021-05-19 20:10:15.415173
0,2021-05-19 20:10:35.438960
0,2021-05-19 20:10:40.248983
0,2021-05-19 20:11:39.958100
0,2021-05-19 20:18:23.242539
0,2021-05-19 20:19:34.596041
0,2021-05-19 20:21:02.427042
0,2021-05-19 20:28:26.669128
0,2021-05-19 20:44:41.994340
0,2021-05-19 20:45:18.211964
0,2021-05-19 20:52:28.988837
0,2021-05-19 20:52:55.299994
0,2021-05-19 20:58:20.701895
0,2021-05-19 21:01:30.047688
0,2021-05-19 21:02:47.568838
0,2021-05-19 21:04:52.759797
0,2021-05-19 21:04:59.832803
0,2021-05-19 21:06:38.842484
0,2021-05-19 21:10:03.147549
0,2021-05-19 21:10:21.733323
0,2021-05-19 21:15:27.559073
0,2021-05-19 21:16:24.099455
0,2021-05-19 21:19:41.702442
0,2021-05-19 21:23:39.937162
0,2021-05-19 21:26:42.433568
0,2021-05-19 21:28:31.523772
0,2021-05-19 21:28:44.894633
0,2021-05-19 21:29:09.970256
0,2021-05-19 21:29:12.805682
0,2021-05-19 21:32:50.721884
0,2021-05-19 21:51:57.491662
0,2021-05-19 21:53:46.865499
0,2021-05-19 21:55:11.880172
0,2021-05-19 21:55:51.499051
0,2021-05-19 21:55:56.669808
0,2021-05-19 21:59:30.878136
0,2021-05-19 22:00:45.321454
0,2021-05-19 22:05:09.630837
0,2021-05-19 22:05:48.643379
0,2021-05-19 22:08:58.336765
0,2021-05-19 22:11:53.416973
0,2021-05-19 22:12:44.564491
0,2021-05-19 22:25:21.298234
0,2021-05-19 22:28:28.326251
0,2021-05-19 22:51:01.521177
0,2021-05-19 22:52:02.408138
0,2021-05-19 22:59:54.787996
0,2021-05-19 23:04:47.991580
0,2021-05-19 23:05:42.321932
0,2021-05-19 23:14:09.467491
0,2021-05-19 23:26:19.031278
0,2021-05-19 23:29:17.161160
0,2021-05-19 23:43:06.196078
0,2021-05-19 23:51:31.803258
0,2021-05-20 00:04:14.790018
0,2021-05-20 00:46:54.951309
0,2021-05-20 00:47:56.718799
0,2021-05-20 01:23:08.299476
0,2021-05-20 01:48:39.604881
0,2021-05-20 01:53:29.255761
0,2021-05-20 02:13:03.407592
0,2021-05-20 02:49:59.907195
0,2021-05-20 03:08:21.324523
0,2021-05-20 03:10:29.855324
0,2021-05-20 03:17:08.450283
0,2021-05-20 03:21:41.054026
0,2021-05-20 03:24:38.108448
0,2021-05-20 03:39:18.779962
0,2021-05-20 03:42:18.429922
0,2021-05-20 03:42:57.262630
0,2021-05-20 03:51:24.352399
0,2021-05-20 03:54:28.784787
0,2021-05-20 03:54:40.507829
0,2021-05-20 03:55:31.913683
0,2021-05-20 04:01:42.629052
0,2021-05-20 04:17:17.139968
0,2021-05-20 04:20:44.538628
0,2021-05-20 04:22:41.596331
0,2021-05-20 04:24:10.671032
0,2021-05-20 04:24:55.654133
0,2021-05-20 04:27:57.341182
0,2021-05-20 04:33:46.801467
0,2021-05-20 04:39:58.038732
0,2021-05-20 04:51:23.769783
0,2021-05-20 05:01:17.191401
0,2021-05-20 05:07:23.534498
0,2021-05-20 05:10:50.135744
0,2021-05-20 05:12:49.956466
0,2021-05-20 05:19:47.961217
0,2021-05-20 05:20:53.285057
0,2021-05-20 05:24:09.694551
0,2021-05-20 05:28:13.702689
0,2021-05-20 05:39:10.915998
0,2021-05-20 05:41:25.128136
0,2021-05-20 05:44:12.864011
0,2021-05-20 05:44:38.370801
0,2021-05-20 05:47:40.236954
0,2021-05-20 05:49:22.758277
0,2021-05-20 05:52:24.185593
0,2021-05-20 05:55:57.813499
0,2021-05-20 05:59:58.895846
0,2021-05-20 06:03:36.959794
0,2021-05-20 06:05:04.354297
0,2021-05-20 06:13:54.227285
0,2021-05-20 06:18:29.861343
0,2021-05-20 06:21:20.935397
0,2021-05-20 06:24:23.468475
0,2021-05-20 06:26:14.204670
0,2021-05-20 06:27:45.468497
0,2021-05-20 06:30:24.820467
0,2021-05-20 06:41:15.808030
0,2021-05-20 06:48:15.460771
0,2021-05-20 06:55:29.111650
0,2021-05-20 07:01:06.063713
0,2021-05-20 07:01:33.027374
0,2021-05-20 07:03:30.916725
0,2021-05-20 07:05:33.184819
0,2021-05-20 07:10:13.284121
0,2021-05-20 07:10:38.477791
0,2021-05-20 07:11:31.036083
0,2021-05-20 07:12:05.472413
0,2021-05-20 07:12:43.272916
0,2021-05-20 07:13:41.666119
0,2021-05-20 07:14:52.802776
0,2021-05-20 07:15:07.503305
0,2021-05-20 07:15:21.343598
0,2021-05-20 07:15:29.566869
0,2021-05-20 07:20:13.367831
0,2021-05-20 07:22:17.247965
0,2021-05-20 07:22:25.470886
0,2021-05-20 07:23:06.998647
0,2021-05-20 07:24:39.964051
0,2021-05-20 07:24:44.264770
0,2021-05-20 07:26:46.709866
0,2021-05-20 07:26:58.666084
0,2021-05-20 07:35:45.310112
0,2021-05-20 07:38:26.593452
0,2021-05-20 07:39:32.293717
0,2021-05-20 07:41:04.303542
0,2021-05-20 07:41:23.925946
0,2021-05-20 07:43:00.809386
0,2021-05-20 07:43:02.196369
0,2021-05-20 07:43:38.945604
0,2021-05-20 07:50:36.729119
0,2021-05-20 07:55:44.603184
0,2021-05-20 07:59:03.351990
0,2021-05-20 08:00:40.445384
0,2021-05-20 08:01:52.319532
0,2021-05-20 08:02:44.888620
0,2021-05-20 08:04:38.802859
0,2021-05-20 08:07:18.226889
0,2021-05-20 08:09:54.795922
0,2021-05-20 08:10:49.844540
0,2021-05-20 08:11:50.583648
0,2021-05-20 08:12:51.041061
0,2021-05-20 08:16:11.773505
0,2021-05-20 08:18:27.173542
0,2021-05-20 08:19:33.896833
0,2021-05-20 08:23:25.568480
0,2021-05-20 08:25:48.146072
0,2021-05-20 08:25:55.813671
0,2021-05-20 08:29:04.974842
0,2021-05-20 08:29:11.650221
0,2021-05-20 08:30:21.241551
0,2021-05-20 08:40:01.476351
0,2021-05-20 08:41:22.336414
0,2021-05-20 08:41:50.302488
0,2021-05-20 08:56:48.206683
0,2021-05-20 08:57:38.263748
0,2021-05-20 08:58:18.624732
0,2021-05-20 09:04:47.350976
0,2021-05-20 09:05:55.395791
0,2021-05-20 09:12:52.049358
0,2021-05-20 09:13:12.950193
0,2021-05-20 09:19:22.709250
0,2021-05-20 09:21:37.216116
0,2021-05-20 09:32:43.134833
0,2021-05-20 09:37:48.473476
0,2021-05-20 09:39:35.904432
0,2021-05-20 09:42:11.338532
0,2021-05-20 09:42:17.977625
0,2021-05-20 09:42:52.872962
0,2021-05-20 09:43:16.734877
0,2021-05-20 09:46:17.899101
0,2021-05-20 09:48:11.787338
0,2021-05-20 09:49:50.757275
0,2021-05-20 09:50:15.556718
0,2021-05-20 09:51:07.311917
0,2021-05-20 09:51:55.671096
0,2021-05-20 09:53:16.271499
0,2021-05-20 09:55:43.004479
0,2021-05-20 09:58:42.096967
0,2021-05-20 10:07:52.510361
0,2021-05-20 10:20:41.772546
0,2021-05-20 10:22:04.204594
0,2021-05-20 10:22:10.073010
0,2021-05-20 10:30:01.321729
0,2021-05-20 10:38:24.032074
0,2021-05-20 10:51:19.596700
0,2021-05-20 10:52:44.408838
0,2021-05-20 10:52:52.700742
0,2021-05-20 10:53:12.721176
0,2021-05-20 10:55:10.940107
0,2021-05-20 10:58:47.475343
0,2021-05-20 11:00:36.710029
0,2021-05-20 11:03:35.827765
0,2021-05-20 11:03:36.866869
0,2021-05-20 11:10:48.271673
0,2021-05-20 11:11:44.982134
0,2021-05-20 11:15:46.392109
0,2021-05-20 11:31:12.592022
0,2021-05-20 11:32:18.777642
0,2021-05-20 11:32:44.198958
0,2021-05-20 11:33:48.414943
0,2021-05-20 11:33:48.536471
0,2021-05-20 11:37:49.330114
0,2021-05-20 11:38:00.175158
0,2021-05-20 11:43:37.639663
0,2021-05-20 11:45:54.909790
0,2021-05-20 11:54:16.862933
0,2021-05-20 11:55:32.662618
0,2021-05-20 11:56:03.488410
0,2021-05-20 11:59:24.253290
0,2021-05-20 12:01:08.727299
0,2021-05-20 12:03:00.881154
0,2021-05-20 12:17:55.682061
0,2021-05-20 12:26:16.860302
0,2021-05-20 12:28:15.581367
0,2021-05-20 12:33:50.007872
0,2021-05-20 12:36:27.134892
0,2021-05-20 12:36:28.534346
0,2021-05-20 12:36:47.429429
0,2021-05-20 12:45:41.090226
0,2021-05-20 12:49:40.419151
0,2021-05-20 12:51:30.953943
0,2021-05-20 12:58:57.974209
0,2021-05-20 13:07:24.848578
0,2021-05-20 13:12:01.003042
0,2021-05-20 13:22:13.981218
0,2021-05-20 13:27:26.384175
0,2021-05-20 13:36:18.090796
0,2021-05-20 13:37:24.392720
0,2021-05-20 13:43:10.616668
0,2021-05-20 13:47:41.204711
0,2021-05-20 13:49:19.190583
0,2021-05-20 13:55:33.563987
0,2021-05-20 13:57:05.647493
0,2021-05-20 13:59:09.265613
0,2021-05-20 13:59:36.148576
0,2021-05-20 14:02:01.493322
0,2021-05-20 14:03:45.855609
0,2021-05-20 14:03:46.481796
0,2021-05-20 14:03:52.426732
0,2021-05-20 14:04:50.573641
0,2021-05-20 14:05:02.345905
0,2021-05-20 14:06:09.486705
0,2021-05-20 14:07:48.075399
0,2021-05-20 14:14:09.467641
0,2021-05-20 14:15:13.348780
0,2021-05-20 14:20:52.469683
0,2021-05-20 14:22:42.234133
0,2021-05-20 14:23:57.661814
0,2021-05-20 14:25:21.548053
0,2021-05-20 14:25:25.339839
0,2021-05-20 14:28:05.159611
0,2021-05-20 14:28:34.248374
0,2021-05-20 14:31:37.112993
0,2021-05-20 14:32:20.171230
0,2021-05-20 14:39:25.439311
0,2021-05-20 14:40:19.852731
0,2021-05-20 14:52:31.260756
0,2021-05-20 14:54:09.012694
0,2021-05-20 15:02:36.264505
0,2021-05-20 15:10:17.743125
0,2021-05-20 15:10:24.040247
0,2021-05-20 15:10:36.660511
0,2021-05-20 15:10:53.542947
0,2021-05-20 15:20:38.169321
0,2021-05-20 15:20:48.172012
0,2021-05-20 15:21:09.130686
0,2021-05-20 15:21:37.013766
0,2021-05-20 15:21:57.323111
0,2021-05-20 15:22:23.801220
0,2021-05-20 15:23:39.095628
0,2021-05-20 15:25:55.932665
0,2021-05-20 15:30:46.412456
0,2021-05-20 15:31:20.132249
0,2021-05-20 15:31:21.769716
0,2021-05-20 15:33:08.134338
0,2021-05-20 15:33:13.559256
0,2021-05-20 15:33:14.012889
0,2021-05-20 15:33:18.443074
0,2021-05-20 15:44:07.428336
0,2021-05-20 15:49:45.380114
0,2021-05-20 15:55:50.271787
0,2021-05-20 16:04:44.549631
0,2021-05-20 16:04:47.411127
0,2021-05-20 16:09:50.227735
0,2021-05-20 16:12:33.608582
0,2021-05-20 16:14:28.541924
0,2021-05-20 16:18:13.690
0,2021-05-20 16:22:50.854868
0,2021-05-20 16:25:04.168861
0,2021-05-20 16:27:30.292775
0,2021-05-20 16:29:09.757275
0,2021-05-20 16:29:46.323790
0,2021-05-20 16:31:53.534827
0,2021-05-20 16:32:09.553994
0,2021-05-20 16:33:44.325500
0,2021-05-20 16:35:28.344654
0,2021-05-20 16:35:30.040736
0,2021-05-20 16:39:33.706113
0,2021-05-20 16:40:08.790345
0,2021-05-20 16:43:39.542610
0,2021-05-20 16:44:04.301836
0,2021-05-20 16:48:40.263353
0,2021-05-20 16:48:40.538767
0,2021-05-20 16:51:18.774469
0,2021-05-20 16:58:10.300462
0,2021-05-20 16:58:17.588520
0,2021-05-20 17:00:31.981627
0,2021-05-20 17:03:09.243423
0,2021-05-20 17:09:59.357368
0,2021-05-20 17:10:17.539356
0,2021-05-20 17:10:17.709760
0,2021-05-20 17:10:43.099734
0,2021-05-20 17:12:09.984070
0,2021-05-20 17:12:39.404819
0,2021-05-20 17:12:39.642484
0,2021-05-20 17:13:04.734086
0,2021-05-20 17:13:08.204885
0,2021-05-20 17:22:26.963232
0,2021-05-20 17:28:10.233528
0,2021-05-20 17:31:07.632058
0,2021-05-20 17:31:14.375449
0,2021-05-20 17:34:08.131163
0,2021-05-20 17:37:00.683450
0,2021-05-20 17:40:55.855706
0,2021-05-20 17:48:52.534999
0,2021-05-20 17:51:53.535985
0,2021-05-20 17:57:50.874839
0,2021-05-20 17:58:29.722870
0,2021-05-20 17:59:13.469098
0,2021-05-20 17:59:44.746133
0,2021-05-20 18:00:50.761433
0,2021-05-20 18:03:09.328202
0,2021-05-20 18:04:31.943894
0,2021-05-20 18:06:00.532093
0,2021-05-20 18:06:05.337572
0,2021-05-20 18:09:22.004194
0,2021-05-20 18:11:19.518052
0,2021-05-20 18:12:14.018723
0,2021-05-20 18:25:46.373970
0,2021-05-20 18:27:05.187935
0,2021-05-20 18:27:19.706428
0,2021-05-20 18:34:21.435896
0,2021-05-20 18:35:35.038337
0,2021-05-20 18:39:52.810742
0,2021-05-20 18:42:07.050049
0,2021-05-20 18:42:36.338552
0,2021-05-20 18:42:36.476662
0,2021-05-20 18:44:15.735071
0,2021-05-20 18:46:02.475584
0,2021-05-20 18:47:52.937224
0,2021-05-20 18:49:12.417101
0,2021-05-20 19:02:08.416853
0,2021-05-20 19:04:44.755958
0,2021-05-20 19:06:22.179974
0,2021-05-20 19:07:27.300803
0,2021-05-20 19:21:02.241204
0,2021-05-20 19:29:45.866679
0,2021-05-20 19:29:58.021420
0,2021-05-20 19:30:04.022883
0,2021-05-20 19:30:06.075977
0,2021-05-20 19:36:39.884258
0,2021-05-20 19:40:32.033093
0,2021-05-20 19:41:52.572075
0,2021-05-20 19:43:28.069820
0,2021-05-20 19:51:42.426670
0,2021-05-20 19:52:34.657725
0,2021-05-20 19:59:54.505420
0,2021-05-20 20:00:24.281823
0,2021-05-20 20:02:33.008433
0,2021-05-20 20:05:42.957117
0,2021-05-20 20:11:05.483382
0,2021-05-20 20:12:12.345057
0,2021-05-20 20:12:38.128218
0,2021-05-20 20:15:06.947167
0,2021-05-20 20:17:15.192172
0,2021-05-20 20:17:36.055864
0,2021-05-20 20:17:53.073327
0,2021-05-20 20:36:39.410049
0,2021-05-20 20:36:46.189369
0,2021-05-20 20:48:02.084544
0,2021-05-20 20:53:42.226967
0,2021-05-20 20:54:45.572467
0,2021-05-20 20:54:50.907794
0,2021-05-20 20:56:24.276679
0,2021-05-20 21:00:14.542722
0,2021-05-20 21:03:05.855665
0,2021-05-20 21:08:27.289729
0,2021-05-20 21:08:39.032752
0,2021-05-20 21:09:10.039352
0,2021-05-20 21:11:12.399738
0,2021-05-20 21:19:10.808218
0,2021-05-20 21:23:03.471167
0,2021-05-20 21:31:04.345491
0,2021-05-20 21:31:42.850057
0,2021-05-20 21:34:31.809616
0,2021-05-20 21:37:35.003773
0,2021-05-20 21:39:15.418896
0,2021-05-20 21:47:40.591543
0,2021-05-20 21:47:47.412471
0,2021-05-20 22:05:02.906098
0,2021-05-20 22:05:15.921231
0,2021-05-20 22:15:29.846668
0,2021-05-20 22:18:04.810920
0,2021-05-20 22:19:54.822591
0,2021-05-20 22:23:02.012176
0,2021-05-20 22:23:33.112082
0,2021-05-20 22:25:27.293494
0,2021-05-20 22:30:00.681984
0,2021-05-20 22:36:25.378345
0,2021-05-20 22:37:54.213259
0,2021-05-20 22:45:14.937993
0,2021-05-20 22:46:03.502984
0,2021-05-20 23:03:29.177595
0,2021-05-20 23:03:45.607281
0,2021-05-20 23:09:29.564569
0,2021-05-20 23:11:10.198186
0,2021-05-20 23:21:06.812070
0,2021-05-20 23:31:03.026568
0,2021-05-20 23:32:49.260273
0,2021-05-20 23:37:52.346424
0,2021-05-20 23:38:21.882325
0,2021-05-20 23:55:58.073109
0,2021-05-20 23:56:03.553447
0,2021-05-20 23:57:50.513478
0,2021-05-21 00:17:58.630504
0,2021-05-21 00:38:22.617931
0,2021-05-21 00:43:00.649348
0,2021-05-21 01:10:48.342876
0,2021-05-21 01:14:31.229541
0,2021-05-21 01:22:47.087003
0,2021-05-21 01:29:57.257360
0,2021-05-21 01:57:47.594320
0,2021-05-21 02:02:41.100375
0,2021-05-21 02:42:00.618326
0,2021-05-21 02:59:45.469807
0,2021-05-21 03:37:25.041403
0,2021-05-21 03:45:19.673598
0,2021-05-21 03:47:41.540256
0,2021-05-21 03:51:51.943351
0,2021-05-21 04:10:25.324071
0,2021-05-21 04:19:37.680543
0,2021-05-21 04:21:11.670419
0,2021-05-21 04:33:38.902414
0,2021-05-21 04:46:18.432853
0,2021-05-21 04:50:31.438118
0,2021-05-21 04:53:02.870347
0,2021-05-21 04:55:01.716047
0,2021-05-21 04:56:07.705559
0,2021-05-21 04:56:48.045873
0,2021-05-21 04:57:35.125222
0,2021-05-21 05:01:40.593317
0,2021-05-21 05:03:17.440064
0,2021-05-21 05:15:33.665591
0,2021-05-21 05:27:59.155399
0,2021-05-21 05:34:24.119990
0,2021-05-21 05:41:28.801440
0,2021-05-21 05:42:31.755185
0,2021-05-21 05:47:38.119322
0,2021-05-21 05:49:22.787656
0,2021-05-21 06:01:44.694744
0,2021-05-21 06:02:19.627777
0,2021-05-21 06:05:37.219241
0,2021-05-21 06:10:39.395794
0,2021-05-21 06:16:36.588537
0,2021-05-21 06:16:49.874282
0,2021-05-21 06:17:19.229099
0,2021-05-21 06:34:33.785359
0,2021-05-21 06:37:07.563364
0,2021-05-21 06:38:22.452190
0,2021-05-21 06:38:27.214472
0,2021-05-21 06:45:24.417909
0,2021-05-21 06:51:16.502775
0,2021-05-21 06:55:15.497403
0,2021-05-21 06:58:19.460551
0,2021-05-21 07:04:46.363482
0,2021-05-21 07:06:13.907883
0,2021-05-21 07:14:18.927629
0,2021-05-21 07:17:25.770240
0,2021-05-21 07:18:22.868873
0,2021-05-21 07:18:50.046096
0,2021-05-21 07:21:28.132318
0,2021-05-21 07:23:19.412288
0,2021-05-21 07:29:47.693363
0,2021-05-21 07:33:21.121072
0,2021-05-21 07:33:36.427349
0,2021-05-21 07:42:43.548007
0,2021-05-21 07:44:30.439401
0,2021-05-21 07:46:29.480510
0,2021-05-21 07:48:41.963816
0,2021-05-21 07:49:19.227911
0,2021-05-21 07:51:05.149714
0,2021-05-21 07:51:05.359499
0,2021-05-21 07:51:05.375048
0,2021-05-21 07:55:28.544124
0,2021-05-21 07:57:07.132935
0,2021-05-21 08:03:25.975311
0,2021-05-21 08:04:13.571703
0,2021-05-21 08:05:04.082988
0,2021-05-21 08:16:42.259912
0,2021-05-21 08:25:15.731688
0,2021-05-21 08:33:39.656033
0,2021-05-21 08:33:53.712878
0,2021-05-21 08:34:11.396046
0,2021-05-21 08:34:15.813652
0,2021-05-21 08:34:18.701632
0,2021-05-21 08:40:57.151277
0,2021-05-21 08:41:55.897679
0,2021-05-21 08:43:03.969633
0,2021-05-21 08:43:20.767094
0,2021-05-21 08:45:18.630652
0,2021-05-21 08:45:35.322075
0,2021-05-21 08:51:25.190299
0,2021-05-21 08:52:56.946399
0,2021-05-21 08:54:39.930529
0,2021-05-21 08:55:40.178918
0,2021-05-21 08:56:17.061148
0,2021-05-21 08:56:28.633378
0,2021-05-21 08:58:22.326175
0,2021-05-21 08:59:55.984416
0,2021-05-21 09:04:48.366185
0,2021-05-21 09:05:52.470940
0,2021-05-21 09:15:58.477346
0,2021-05-21 09:16:13.070995
0,2021-05-21 09:17:59.503925
0,2021-05-21 09:20:18.802804
0,2021-05-21 09:24:19.614578
0,2021-05-21 09:27:17.249434
0,2021-05-21 09:31:26.876090
0,2021-05-21 09:31:41.550740
0,2021-05-21 09:37:55.839360
0,2021-05-21 09:40:53.760160
0,2021-05-21 09:41:20.405475
0,2021-05-21 09:42:02.944499
0,2021-05-21 09:46:04.487845
0,2021-05-21 09:49:57.932838
0,2021-05-21 09:51:31.049178
0,2021-05-21 09:53:59.002472
0,2021-05-21 09:54:15.683181
0,2021-05-21 10:16:14.170641
0,2021-05-21 10:18:24.943898
0,2021-05-21 10:19:22.572568
0,2021-05-21 10:23:02.291034
0,2021-05-21 10:23:46.093429
0,2021-05-21 10:24:34.889640
0,2021-05-21 10:31:49.975322
0,2021-05-21 10:39:21.718052
0,2021-05-21 10:44:06.079337
0,2021-05-21 10:45:47.582318
0,2021-05-21 10:51:16.412356
0,2021-05-21 10:52:03.912282
0,2021-05-21 10:53:47.536968
0,2021-05-21 11:01:40.721820
0,2021-05-21 11:02:05.308044
0,2021-05-21 11:05:51.779197
0,2021-05-21 11:11:20.747482
0,2021-05-21 11:19:00.572938
0,2021-05-21 11:23:20.126519
0,2021-05-21 11:26:44.312864
0,2021-05-21 11:28:04.887017
0,2021-05-21 11:28:45.499389
0,2021-05-21 11:29:52.797549
0,2021-05-21 11:33:04.791001
0,2021-05-21 11:40:19.999402
0,2021-05-21 11:55:01.591263
0,2021-05-21 12:00:13.560993
0,2021-05-21 12:02:44.777699
0,2021-05-21 12:08:04.034414
0,2021-05-21 12:08:07.791391
0,2021-05-21 12:14:03.890984
0,2021-05-21 12:19:53.293218
0,2021-05-21 12:28:37.783511
0,2021-05-21 12:31:31.335693
0,2021-05-21 12:38:03.960061
0,2021-05-21 12:41:44.461213
0,2021-05-21 12:47:16.242953
0,2021-05-21 12:52:45.769689
0,2021-05-21 12:53:31.516558
0,2021-05-21 12:53:34.120801
0,2021-05-21 13:09:43.439268
0,2021-05-21 13:11:39.435512
0,2021-05-21 13:13:09.119817
0,2021-05-21 13:13:12.590160
0,2021-05-21 13:16:55.908481
0,2021-05-21 13:17:04.169281
0,2021-05-21 13:20:21.789123
0,2021-05-21 13:22:47.348257
0,2021-05-21 13:25:34.936177
0,2021-05-21 13:28:31.856129
0,2021-05-21 13:30:39.564160
0,2021-05-21 13:32:33.055091
0,2021-05-21 13:32:36.348545
0,2021-05-21 13:38:46.211818
0,2021-05-21 13:41:51.729621
0,2021-05-21 13:43:15.467994
0,2021-05-21 13:44:53.079447
0,2021-05-21 13:54:47.689234
0,2021-05-21 13:55:37.218715
0,2021-05-21 14:08:08.278417
0,2021-05-21 14:21:09.767403
0,2021-05-21 14:26:22.238535
0,2021-05-21 14:27:28.664556
0,2021-05-21 14:27:44.693553
0,2021-05-21 14:29:38.993317
0,2021-05-21 14:33:16.549486
0,2021-05-21 14:40:46.822910
0,2021-05-21 14:41:31.558987
0,2021-05-21 14:41:44.717460
0,2021-05-21 14:47:35.698443
0,2021-05-21 14:49:40.399623
0,2021-05-21 14:49:43.167203
0,2021-05-21 14:49:43.353681
0,2021-05-21 14:50:21.036706
0,2021-05-21 14:50:41.583097
0,2021-05-21 14:53:01.259549
0,2021-05-21 14:53:25.114386
0,2021-05-21 15:07:37.442997
0,2021-05-21 15:10:34.650524
0,2021-05-21 15:22:55.535100
0,2021-05-21 15:25:21.349178
0,2021-05-21 15:35:46.289152
0,2021-05-21 15:35:46.331896
0,2021-05-21 15:36:55.765290
0,2021-05-21 15:37:19.371881
0,2021-05-21 15:37:19.457154
0,2021-05-21 15:37:19.994194
0,2021-05-21 15:37:27.606708
0,2021-05-21 15:40:53.255466
0,2021-05-21 15:44:21.903423
0,2021-05-21 15:47:29.512389
0,2021-05-21 15:52:06.566530
0,2021-05-21 15:55:34.882900
0,2021-05-21 15:56:46.826309
0,2021-05-21 15:57:53.590349
0,2021-05-21 15:59:21.890984
0,2021-05-21 16:02:25.381388
0,2021-05-21 16:19:14.828135
0,2021-05-21 16:23:37.746051
0,2021-05-21 16:24:04.629167
0,2021-05-21 16:25:21.838631
0,2021-05-21 16:25:44.939646
0,2021-05-21 16:28:55.966146
0,2021-05-21 16:29:45.674918
0,2021-05-21 16:31:01.803339
0,2021-05-21 16:32:35.499150
0,2021-05-21 16:35:10.115974
0,2021-05-21 16:48:39.539006
0,2021-05-21 16:55:58.660576
0,2021-05-21 16:56:43.160389
0,2021-05-21 17:10:20.431914
0,2021-05-21 17:14:01.556249
0,2021-05-21 17:32:17.539257
0,2021-05-21 17:38:52.852117
0,2021-05-21 17:39:21.047332
0,2021-05-21 17:39:37.053854
0,2021-05-21 17:40:18.452986
0,2021-05-21 17:49:37.451141
0,2021-05-21 17:58:19.451350
0,2021-05-21 18:00:28.733936
0,2021-05-21 18:00:38.460118
0,2021-05-21 18:06:55.130317
0,2021-05-21 18:26:01.656891
0,2021-05-21 18:30:06.522388
0,2021-05-21 18:34:50.320621
0,2021-05-21 18:37:16.985454
0,2021-05-21 18:42:03.505940
0,2021-05-21 18:44:18.401201
0,2021-05-21 18:45:22.060086
0,2021-05-21 18:45:48.814495
0,2021-05-21 18:46:15.387369
0,2021-05-21 18:55:48.249986
0,2021-05-21 18:57:24.947312
0,2021-05-21 18:57:28.316435
0,2021-05-21 18:57:31.656079
0,2021-05-21 18:59:52.158555
0,2021-05-21 19:11:41.618694
0,2021-05-21 19:12:17.316919
0,2021-05-21 19:16:19.991429
0,2021-05-21 19:26:25.246604
0,2021-05-21 19:30:45.100849
0,2021-05-21 19:39:26.989832
0,2021-05-21 19:40:16.673373
0,2021-05-21 19:44:04.844951
0,2021-05-21 19:48:56.514289
0,2021-05-21 19:54:30.447695
0,2021-05-21 19:55:43.175442
0,2021-05-21 19:56:36.227646
0,2021-05-21 20:00:00.972766
0,2021-05-21 20:03:34.753892
0,2021-05-21 20:12:49.580643
0,2021-05-21 20:19:32.044163
0,2021-05-21 20:20:03.689439
0,2021-05-21 20:30:09.341361
0,2021-05-21 20:52:19.792988
0,2021-05-21 20:53:13.362868
0,2021-05-21 20:53:40.949937
0,2021-05-21 20:54:03.637831
0,2021-05-21 20:58:06.752332
0,2021-05-21 20:58:33.277690
0,2021-05-21 20:58:39.567086
0,2021-05-21 20:59:27.986193
0,2021-05-21 21:07:40.589223
0,2021-05-21 21:10:05.374765
0,2021-05-21 21:27:43.878038
0,2021-05-21 21:47:28.861028
0,2021-05-21 21:48:12.295862
0,2021-05-21 21:58:20.287946
0,2021-05-21 22:09:11.999916
0,2021-05-21 22:09:37.063264
0,2021-05-21 22:25:33.882173
0,2021-05-21 22:31:44.561014
0,2021-05-21 22:34:31.029074
0,2021-05-21 22:49:00.709974
0,2021-05-21 22:53:49.580474
0,2021-05-22 00:04:39.959032
0,2021-05-22 00:09:16.179661
0,2021-05-22 00:20:36.019124
0,2021-05-22 00:31:04.522048
0,2021-05-22 00:40:36.439024
0,2021-05-22 01:06:48.142782
0,2021-05-22 01:26:55.700655
0,2021-05-22 01:47:07.636295
0,2021-05-22 02:48:49.223684
0,2021-05-22 02:54:33.348909
0,2021-05-22 03:01:22.563637
0,2021-05-22 03:07:05.045743
0,2021-05-22 03:12:59.863072
0,2021-05-22 03:13:17.794879
0,2021-05-22 03:30:00.546157
0,2021-05-22 03:48:01.141668
0,2021-05-22 03:48:34.068994
0,2021-05-22 03:48:40.148093
0,2021-05-22 03:48:55.433091
0,2021-05-22 03:52:20.893186
0,2021-05-22 04:39:39.342029
0,2021-05-22 04:45:48.716665
0,2021-05-22 05:33:32.036682
0,2021-05-22 05:44:57.986325
0,2021-05-22 05:45:54.976886
0,2021-05-22 05:48:37.946063
0,2021-05-22 05:56:04.572159
0,2021-05-22 05:59:30.080093
0,2021-05-22 06:08:58.839552
0,2021-05-22 06:09:46.827003
0,2021-05-22 06:10:23.040678
0,2021-05-22 06:25:28.049237
0,2021-05-22 06:28:11.183092
0,2021-05-22 06:39:31.467617
0,2021-05-22 06:39:49.485834
0,2021-05-22 06:47:07.004311
0,2021-05-22 06:49:04.877665
0,2021-05-22 06:53:49.947759
0,2021-05-22 06:54:02.225876
0,2021-05-22 06:54:06.195488
0,2021-05-22 06:54:17.041197
0,2021-05-22 06:56:58.307402
0,2021-05-22 06:57:36.289298
0,2021-05-22 07:03:58.861945
0,2021-05-22 07:07:56.306743
0,2021-05-22 07:10:51.604967
0,2021-05-22 07:20:17.367271
0,2021-05-22 07:22:43.840272
0,2021-05-22 07:29:09.391613
0,2021-05-22 07:29:21.738915
0,2021-05-22 07:31:40.231733
0,2021-05-22 07:34:28.484761
0,2021-05-22 07:35:08.638333
0,2021-05-22 07:35:28.049452
0,2021-05-22 07:41:22.235797
0,2021-05-22 07:41:46.390381
0,2021-05-22 07:43:29.407654
0,2021-05-22 07:44:24.807929
0,2021-05-22 07:47:43.509693
0,2021-05-22 07:47:45.691086
0,2021-05-22 07:47:53.231401
0,2021-05-22 07:56:00.957353
0,2021-05-22 07:56:43.250745
0,2021-05-22 07:57:49.958899
0,2021-05-22 07:58:49.241551
0,2021-05-22 07:58:49.412044
0,2021-05-22 08:03:16.753922
0,2021-05-22 08:04:27.902396
0,2021-05-22 08:06:31.084151
0,2021-05-22 08:06:32.661730
0,2021-05-22 08:08:13.550549
0,2021-05-22 08:08:30.428018
0,2021-05-22 08:09:26.114470
0,2021-05-22 08:09:26.964968
0,2021-05-22 08:15:53.737891
0,2021-05-22 08:16:41.869378
0,2021-05-22 08:19:14.485782
0,2021-05-22 08:21:31.434532
0,2021-05-22 08:25:03.379552
0,2021-05-22 08:26:05.639563
0,2021-05-22 08:27:26.057871
0,2021-05-22 08:28:58.456185
0,2021-05-22 08:29:05.858334
0,2021-05-22 08:34:56.964221
0,2021-05-22 08:36:25.520343
0,2021-05-22 08:38:25.543233
0,2021-05-22 08:38:42.006111
0,2021-05-22 08:40:54.277979
0,2021-05-22 08:47:31.622665
0,2021-05-22 08:55:42.678358
0,2021-05-22 08:55:52.796906
0,2021-05-22 08:57:14.197279
0,2021-05-22 08:57:15.542047
0,2021-05-22 08:57:16.456432
0,2021-05-22 08:58:11.138588
0,2021-05-22 09:01:34.004680
0,2021-05-22 09:02:21.785969
0,2021-05-22 09:02:24.846633
0,2021-05-22 09:07:06.540441
0,2021-05-22 09:14:03.797750
0,2021-05-22 09:14:13.800885
0,2021-05-22 09:15:08.747075
0,2021-05-22 09:17:53.615068
0,2021-05-22 09:24:01.421599
0,2021-05-22 09:27:04.641110
0,2021-05-22 09:34:00.168023
0,2021-05-22 09:35:00.037421
0,2021-05-22 09:36:33.446895
0,2021-05-22 09:41:23.994707
0,2021-05-22 09:43:12.290341
0,2021-05-22 09:48:16.381982
0,2021-05-22 09:53:18.437366
0,2021-05-22 09:54:44.228922
0,2021-05-22 09:59:25.603301
0,2021-05-22 09:59:39.404144
0,2021-05-22 10:06:09.479871
0,2021-05-22 10:06:56.646652
0,2021-05-22 10:07:06.889194
0,2021-05-22 10:08:26.497082
0,2021-05-22 10:16:16.356285
0,2021-05-22 10:25:20.203246
0,2021-05-22 10:26:26.995450
0,2021-05-22 10:28:12.181829
0,2021-05-22 10:31:45.948395
0,2021-05-22 10:34:00.589274
0,2021-05-22 10:43:05.978965
0,2021-05-22 10:47:20.385328
0,2021-05-22 10:53:47.450478
0,2021-05-22 11:08:11.587238
0,2021-05-22 11:08:15.506422
0,2021-05-22 11:13:50.618067
0,2021-05-22 11:18:35.136093
0,2021-05-22 11:24:01.152291
0,2021-05-22 11:39:09.030498
0,2021-05-22 11:40:07.930937
0,2021-05-22 11:40:44.345512
0,2021-05-22 11:43:07.799300
0,2021-05-22 11:45:54.910178
0,2021-05-22 11:47:23.991347
0,2021-05-22 11:49:16.021039
0,2021-05-22 11:53:34.221171
0,2021-05-22 11:54:52.739250
0,2021-05-22 11:55:22.965594
0,2021-05-22 11:56:23.752993
0,2021-05-22 12:01:41.398957
0,2021-05-22 12:04:19.295557
0,2021-05-22 12:08:29.810812
0,2021-05-22 12:09:32.324398
0,2021-05-22 12:21:30.456814
0,2021-05-22 12:23:52.245809
0,2021-05-22 12:27:41.385173
0,2021-05-22 12:28:45.115734
0,2021-05-22 12:32:15.153124
0,2021-05-22 12:35:09.943973
0,2021-05-22 12:35:20.952803
0,2021-05-22 12:36:54.728190
0,2021-05-22 12:37:14.510657
0,2021-05-22 12:37:39.958109
0,2021-05-22 12:37:43.413939
0,2021-05-22 12:37:46.853423
0,2021-05-22 12:41:17.759139
0,2021-05-22 12:50:11.499212
0,2021-05-22 12:51:13.262010
0,2021-05-22 12:56:58.556034
0,2021-05-22 12:57:23.314988
0,2021-05-22 13:00:29.994375
0,2021-05-22 13:02:05.724228
0,2021-05-22 13:06:58.726618
0,2021-05-22 13:07:02.436429
0,2021-05-22 13:07:36.655812
0,2021-05-22 13:14:28.213922
0,2021-05-22 13:14:44.215515
0,2021-05-22 13:25:33.778636
0,2021-05-22 13:27:21.659310
0,2021-05-22 13:35:22.199
0,2021-05-22 13:38:26.310551
0,2021-05-22 13:46:28.430401
0,2021-05-22 14:05:42.187240
0,2021-05-22 14:12:06.938983
0,2021-05-22 14:17:36.470914
0,2021-05-22 14:20:43.870187
0,2021-05-22 14:21:38.247010
0,2021-05-22 14:25:04.304093
0,2021-05-22 14:25:32.582015
0,2021-05-22 14:32:40.081640
0,2021-05-22 14:34:01.614259
0,2021-05-22 14:37:53.461136
0,2021-05-22 14:54:45.088400
0,2021-05-22 14:59:38.019634
0,2021-05-22 14:59:38.508971
0,2021-05-22 15:01:41.717334
0,2021-05-22 15:05:55.012425
0,2021-05-22 15:18:00.596802
0,2021-05-22 15:19:28.390366
0,2021-05-22 15:21:11.537987
0,2021-05-22 15:37:56.414423
0,2021-05-22 15:45:10.362683
0,2021-05-22 15:45:16.511174
0,2021-05-22 15:50:14.564934
0,2021-05-22 15:53:51.042317
0,2021-05-22 15:54:06.757319
0,2021-05-22 16:01:34.664199
0,2021-05-22 16:07:21.088378
0,2021-05-22 16:11:43.560690
0,2021-05-22 16:11:45.073252
0,2021-05-22 16:13:52.271400
0,2021-05-22 16:22:44.986373
0,2021-05-22 16:25:13.371997
0,2021-05-22 16:26:06.138889
0,2021-05-22 16:33:54.847542
0,2021-05-22 16:34:54.792949
0,2021-05-22 16:37:16.269638
0,2021-05-22 16:40:07.486532
0,2021-05-22 16:41:27.741646
0,2021-05-22 16:44:19.883938
0,2021-05-22 16:48:35.980296
0,2021-05-22 16:51:35.379360
0,2021-05-22 16:54:26.530045
0,2021-05-22 16:55:02.910670
0,2021-05-22 16:55:05.790761
0,2021-05-22 16:57:38.846047
0,2021-05-22 17:04:57.785618
0,2021-05-22 17:05:16.330776
0,2021-05-22 17:05:53.120925
0,2021-05-22 17:09:32.874687
0,2021-05-22 17:11:45.859085
0,2021-05-22 17:17:34.116006
0,2021-05-22 17:18:26.674417
0,2021-05-22 17:22:59.560878
0,2021-05-22 17:24:12.897
0,2021-05-22 17:28:54.929495
0,2021-05-22 17:31:40.908894
0,2021-05-22 17:36:42.880252
0,2021-05-22 17:43:05.313040
0,2021-05-22 17:43:57.882031
0,2021-05-22 17:44:11.639103
0,2021-05-22 17:46:37.303298
0,2021-05-22 17:59:54.855299
0,2021-05-22 18:00:24.666264
0,2021-05-22 18:04:48.889058
0,2021-05-22 18:09:58.295883
0,2021-05-22 18:23:17.205053
0,2021-05-22 18:24:19.421752
0,2021-05-22 18:28:37.037597
0,2021-05-22 18:33:34.625540
0,2021-05-22 18:41:11.981402
0,2021-05-22 18:48:36.175997
0,2021-05-22 18:53:14.775985
0,2021-05-22 18:53:41.201656
0,2021-05-22 18:53:44.257793
0,2021-05-22 18:55:10.325942
0,2021-05-22 18:55:10.377714
0,2021-05-22 18:55:10.401445
0,2021-05-22 18:55:46.224264
0,2021-05-22 18:56:48.760458
0,2021-05-22 18:59:55.622651
0,2021-05-22 19:05:56.082562
0,2021-05-22 19:12:27.145901
0,2021-05-22 19:12:31.212740
0,2021-05-22 19:18:08.452554
0,2021-05-22 19:25:20.448227
0,2021-05-22 19:29:57.470254
0,2021-05-22 19:35:27.363568
0,2021-05-22 19:39:26.354279
0,2021-05-22 19:47:49.049797
0,2021-05-22 19:49:21.790547
0,2021-05-22 19:49:28.918641
0,2021-05-22 19:51:51.079848
0,2021-05-22 19:52:08.270469
0,2021-05-22 19:53:38.759304
0,2021-05-22 20:00:55.693333
0,2021-05-22 20:05:04.144961
0,2021-05-22 20:05:30.459254
0,2021-05-22 20:07:44.427533
0,2021-05-22 20:07:53.566964
0,2021-05-22 20:08:04.924845
0,2021-05-22 20:15:47.494891
0,2021-05-22 20:29:16.339499
0,2021-05-22 20:36:18.348406
0,2021-05-22 20:37:32.329174
0,2021-05-22 20:40:32.855175
0,2021-05-22 20:44:00.577306
0,2021-05-22 20:44:11.457681
0,2021-05-22 20:47:04.290249
0,2021-05-22 20:49:33.665454
0,2021-05-22 20:51:04.037205
0,2021-05-22 20:55:09.750956
0,2021-05-22 20:58:12.223213
0,2021-05-22 21:01:51.144529
0,2021-05-22 21:02:49.367766
0,2021-05-22 21:04:34.308452
0,2021-05-22 21:05:10.445715
0,2021-05-22 21:11:52.427290
0,2021-05-22 21:11:54.624220
0,2021-05-22 21:12:51.660350
0,2021-05-22 21:13:42.392388
0,2021-05-22 21:14:30.828838
0,2021-05-22 21:15:03.350700
0,2021-05-22 21:17:41.994443
0,2021-05-22 21:17:56.976890
0,2021-05-22 21:20:01.593080
0,2021-05-22 21:31:44.333897
0,2021-05-22 21:32:04.063439
0,2021-05-22 21:37:06.214973
0,2021-05-22 21:52:15.706124
0,2021-05-22 21:53:26.237254
0,2021-05-22 22:01:26.948263
0,2021-05-22 22:04:13.499045
0,2021-05-22 22:07:56.137106
0,2021-05-22 22:39:19.706666
0,2021-05-22 22:40:58.146185
0,2021-05-22 22:43:52.109313
0,2021-05-22 22:57:47.871613
0,2021-05-22 23:10:44.161766
0,2021-05-22 23:18:26.118914
0,2021-05-22 23:22:24.945992
0,2021-05-22 23:29:34.552819
0,2021-05-22 23:29:50.650598
0,2021-05-22 23:31:30.552370
0,2021-05-22 23:43:19.044118
0,2021-05-22 23:48:35.122332
0,2021-05-23 01:03:51.788746
0,2021-05-23 01:19:35.294661
0,2021-05-23 01:23:57.711421
0,2021-05-23 01:42:03.986688
0,2021-05-23 01:57:46.887800
0,2021-05-23 02:11:30.904103
0,2021-05-23 02:22:16.893004
0,2021-05-23 02:34:35.905227
0,2021-05-23 02:49:36.219427
0,2021-05-23 02:50:36.872082
0,2021-05-23 02:54:37.520917
0,2021-05-23 03:02:22.851219
0,2021-05-23 03:02:31.331841
0,2021-05-23 03:06:16.734751
0,2021-05-23 03:12:12.540169
0,2021-05-23 03:14:56.045450
0,2021-05-23 03:16:34.331124
0,2021-05-23 03:16:41.582056
0,2021-05-23 03:16:52.369385
0,2021-05-23 03:17:13.602776
0,2021-05-23 03:18:04.024844
0,2021-05-23 03:18:13.567925
0,2021-05-23 03:24:49.954197
0,2021-05-23 03:32:08.590724
0,2021-05-23 03:50:59.657659
0,2021-05-23 03:53:58.735860
0,2021-05-23 04:05:51.080341
0,2021-05-23 04:14:04.357033
0,2021-05-23 04:32:57.331418
0,2021-05-23 05:24:13.593193
0,2021-05-23 05:31:39.854766
0,2021-05-23 05:35:13.126905
0,2021-05-23 05:37:00.334032
0,2021-05-23 05:37:03.583599
0,2021-05-23 06:00:10.238075
0,2021-05-23 06:05:59.888955
0,2021-05-23 06:12:28.642840
0,2021-05-23 06:19:13.052045
0,2021-05-23 06:26:08.196859
0,2021-05-23 06:29:17.635404
0,2021-05-23 06:39:18.779470
0,2021-05-23 06:39:53.874264
0,2021-05-23 06:40:00.557846
0,2021-05-23 06:41:32.700695
0,2021-05-23 06:45:41.176655
0,2021-05-23 06:46:14.728366
0,2021-05-23 06:47:55.865464
0,2021-05-23 06:48:18.782750
0,2021-05-23 06:50:04.967106
0,2021-05-23 06:52:35.941350
0,2021-05-23 07:05:43.024589
0,2021-05-23 07:06:48.737059
0,2021-05-23 07:11:16.279525
0,2021-05-23 07:20:31.671325
0,2021-05-23 07:21:02.051913
0,2021-05-23 07:21:35.172158
0,2021-05-23 07:23:42.241243
0,2021-05-23 07:23:56.539023
0,2021-05-23 07:29:03.858847
0,2021-05-23 07:31:49.577693
0,2021-05-23 07:33:39.217684
0,2021-05-23 07:51:06.816381
0,2021-05-23 07:59:59.241687
0,2021-05-23 08:08:39.946057
0,2021-05-23 08:17:31.533060
0,2021-05-23 08:20:31.780717
0,2021-05-23 08:30:43.646460
0,2021-05-23 08:32:14.913125
0,2021-05-23 08:33:09.205903
0,2021-05-23 08:40:57.967781
0,2021-05-23 08:42:36.164842
0,2021-05-23 08:42:36.815205
0,2021-05-23 08:45:57.250001
0,2021-05-23 08:46:25.293654
0,2021-05-23 08:50:04.953913
0,2021-05-23 08:51:02.629463
0,2021-05-23 08:52:35.839466
0,2021-05-23 08:53:31.896120
0,2021-05-23 08:54:53.211941
0,2021-05-23 08:55:12.392247
0,2021-05-23 08:55:58.480210
0,2021-05-23 08:58:27.964829
0,2021-05-23 08:58:40.983996
0,2021-05-23 08:58:55.256655
0,2021-05-23 09:00:55.994234
0,2021-05-23 09:01:24.822521
0,2021-05-23 09:02:05.543558
0,2021-05-23 09:06:02.285441
0,2021-05-23 09:06:12.640381
0,2021-05-23 09:06:47.720494
0,2021-05-23 09:10:15.978568
0,2021-05-23 09:12:51.592039
0,2021-05-23 09:15:13.001997
0,2021-05-23 09:16:01.629828
0,2021-05-23 09:16:11.626135
0,2021-05-23 09:18:30.539931
0,2021-05-23 09:18:50.278817
0,2021-05-23 09:20:25.569508
0,2021-05-23 09:21:33.766013
0,2021-05-23 09:23:10.824510
0,2021-05-23 09:23:11.537295
0,2021-05-23 09:24:25.747912
0,2021-05-23 09:24:50.837768
0,2021-05-23 09:24:53.915316
0,2021-05-23 09:25:34.677688
0,2021-05-23 09:26:38.690462
0,2021-05-23 09:30:05.262950
0,2021-05-23 09:30:34.452462
0,2021-05-23 09:32:20.949999
0,2021-05-23 09:33:43.712043
0,2021-05-23 09:36:02.518023
0,2021-05-23 09:37:54.485743
0,2021-05-23 09:38:04.366248
0,2021-05-23 09:39:07.722253
0,2021-05-23 09:42:04.037440
0,2021-05-23 09:44:29.338649
0,2021-05-23 09:45:10.822438
0,2021-05-23 09:50:09.310132
0,2021-05-23 09:53:20.283850
0,2021-05-23 09:53:55.608146
0,2021-05-23 09:54:25.922562
0,2021-05-23 09:55:16.806675
0,2021-05-23 09:55:46.430266
0,2021-05-23 09:57:56.020856
0,2021-05-23 09:59:05.990558
0,2021-05-23 10:00:04.163836
0,2021-05-23 10:00:17.764265
0,2021-05-23 10:01:17.040350
0,2021-05-23 10:02:15.731374
0,2021-05-23 10:02:41.486060
0,2021-05-23 10:09:43.195054
0,2021-05-23 10:10:42.284884
0,2021-05-23 10:11:11.981691
0,2021-05-23 10:12:25.138558
0,2021-05-23 10:13:05.862374
0,2021-05-23 10:14:17.810510
0,2021-05-23 10:23:22.852984
0,2021-05-23 10:25:40.362983
0,2021-05-23 10:25:48.352787
0,2021-05-23 10:26:29.691396
0,2021-05-23 10:28:05.632414
0,2021-05-23 10:30:51.597666
0,2021-05-23 10:36:26.434434
0,2021-05-23 10:36:27.964628
0,2021-05-23 10:37:34.154128
0,2021-05-23 10:39:10.539443
0,2021-05-23 10:42:25.412102
0,2021-05-23 10:45:49.006285
0,2021-05-23 10:51:43.252445
0,2021-05-23 10:54:06.046953
0,2021-05-23 10:58:15.011486
0,2021-05-23 10:59:44.199891
0,2021-05-23 11:00:55.459621
0,2021-05-23 11:02:39.613893
0,2021-05-23 11:03:18.685223
0,2021-05-23 11:09:08.842671
0,2021-05-23 11:20:20.441242
0,2021-05-23 11:20:28.197951
0,2021-05-23 11:21:15.912394
0,2021-05-23 11:24:04.813913
0,2021-05-23 11:24:25.656329
0,2021-05-23 11:27:28.405236
0,2021-05-23 11:30:24.704519
0,2021-05-23 11:30:54.814887
0,2021-05-23 11:31:13.843228
0,2021-05-23 11:31:57.088115
0,2021-05-23 11:35:11.297898
0,2021-05-23 11:35:41.278932
0,2021-05-23 11:39:23.991596
0,2021-05-23 11:41:40.534060
0,2021-05-23 11:45:17.406443
0,2021-05-23 11:45:31.079234
0,2021-05-23 11:46:05.923272
0,2021-05-23 11:46:52.660319
0,2021-05-23 11:48:48.266403
0,2021-05-23 11:51:54.842182
0,2021-05-23 11:52:42.716762
0,2021-05-23 11:53:48.802041
0,2021-05-23 11:59:04.133808
0,2021-05-23 12:00:59.238987
0,2021-05-23 12:01:24.360337
0,2021-05-23 12:02:35.603107
0,2021-05-23 12:04:12.338932
0,2021-05-23 12:04:46.152353
0,2021-05-23 12:05:47.230869
0,2021-05-23 12:05:51.469799
0,2021-05-23 12:06:03.981285
0,2021-05-23 12:06:05.082548
0,2021-05-23 12:06:13.143351
0,2021-05-23 12:08:15.482845
0,2021-05-23 12:09:14.607088
0,2021-05-23 12:10:07.806131
0,2021-05-23 12:10:20.669233
0,2021-05-23 12:11:30.202730
0,2021-05-23 12:11:42.840746
0,2021-05-23 12:11:44.561755
0,2021-05-23 12:13:04.189790
0,2021-05-23 12:14:24.759056
0,2021-05-23 12:15:46.405854
0,2021-05-23 12:15:59.873752
0,2021-05-23 12:17:38.109115
0,2021-05-23 12:20:05.266762
0,2021-05-23 12:21:48.429298
0,2021-05-23 12:22:04.658644
0,2021-05-23 12:22:39.661933
0,2021-05-23 12:24:28.949203
0,2021-05-23 12:24:30.762485
0,2021-05-23 12:25:11.675276
0,2021-05-23 12:25:18.750428
0,2021-05-23 12:25:48.641125
0,2021-05-23 12:34:23.726892
0,2021-05-23 12:35:08.781137
0,2021-05-23 12:36:42.610690
0,2021-05-23 12:37:28.198189
0,2021-05-23 12:42:37.522419
0,2021-05-23 12:42:50.225063
0,2021-05-23 12:43:05.500790
0,2021-05-23 12:43:26.157996
0,2021-05-23 12:43:56.183364
0,2021-05-23 12:45:18.878742
0,2021-05-23 12:48:17.531388
0,2021-05-23 12:51:44.765640
0,2021-05-23 12:56:13.306862
0,2021-05-23 13:00:10.889383
0,2021-05-23 13:00:15.994563
0,2021-05-23 13:02:25.745617
0,2021-05-23 13:04:20.352969
0,2021-05-23 13:04:59.932528
0,2021-05-23 13:06:52.618931
0,2021-05-23 13:08:07.996373
0,2021-05-23 13:14:19.907995
0,2021-05-23 13:14:41.853194
0,2021-05-23 13:18:00.661789
0,2021-05-23 13:20:05.449927
0,2021-05-23 13:21:25.104890
0,2021-05-23 13:22:32.650820
0,2021-05-23 13:23:21.250268
0,2021-05-23 13:23:48.912152
0,2021-05-23 13:24:04.347802
0,2021-05-23 13:24:41.008706
0,2021-05-23 13:24:44.553447
0,2021-05-23 13:27:19.958198
0,2021-05-23 13:27:29.529987
0,2021-05-23 13:27:40.538548
0,2021-05-23 13:30:48.597409
0,2021-05-23 13:35:16.141690
0,2021-05-23 13:37:13.500691
0,2021-05-23 13:39:03.278610
0,2021-05-23 13:40:15.950390
0,2021-05-23 13:41:44.032661
0,2021-05-23 13:48:41.197569
0,2021-05-23 13:50:50.178381
0,2021-05-23 13:52:46.528272
0,2021-05-23 13:52:47.700542
0,2021-05-23 13:54:32.687221
0,2021-05-23 13:56:20.398958
0,2021-05-23 14:00:43.535963
0,2021-05-23 14:03:10.150775
0,2021-05-23 14:11:23.958510
0,2021-05-23 14:11:42.493403
0,2021-05-23 14:12:02.393166
0,2021-05-23 14:20:01.536896
0,2021-05-23 14:20:23.449610
0,2021-05-23 14:21:41.836991
0,2021-05-23 14:21:47.833831
0,2021-05-23 14:25:03.857130
0,2021-05-23 14:27:59.572627
0,2021-05-23 14:29:05.892311
0,2021-05-23 14:29:47.267755
0,2021-05-23 14:32:58.415103
0,2021-05-23 14:33:15.069193
0,2021-05-23 14:37:29.987794
0,2021-05-23 14:37:30.421660
0,2021-05-23 14:38:42.247886
0,2021-05-23 14:39:05.216899
0,2021-05-23 14:40:20.253232
0,2021-05-23 14:45:30.682233
0,2021-05-23 14:45:44.609091
0,2021-05-23 14:46:16.372902
0,2021-05-23 14:46:50.781230
0,2021-05-23 14:47:18.025247
0,2021-05-23 14:49:42.023538
0,2021-05-23 14:49:54.728517
0,2021-05-23 14:55:45.061875
0,2021-05-23 14:57:09.257836
0,2021-05-23 14:58:22.969273
0,2021-05-23 15:09:29.466344
0,2021-05-23 15:12:23.594611
0,2021-05-23 15:16:07.654454
0,2021-05-23 15:16:26.186002
0,2021-05-23 15:19:38.941551
0,2021-05-23 15:21:19.757265
0,2021-05-23 15:27:39.751114
0,2021-05-23 15:29:49.315228
0,2021-05-23 15:33:20.717583
0,2021-05-23 15:43:43.184371
0,2021-05-23 15:45:35.976396
0,2021-05-23 15:47:08.743189
0,2021-05-23 15:50:46.726658
0,2021-05-23 15:52:50.604174
0,2021-05-23 15:53:08.333903
0,2021-05-23 15:53:17.164945
0,2021-05-23 16:02:00.512880
0,2021-05-23 16:08:34.122501
0,2021-05-23 16:09:20.547390
0,2021-05-23 16:09:52.647033
0,2021-05-23 16:13:58.674072
0,2021-05-23 16:16:08.019182
0,2021-05-23 16:16:40.972668
0,2021-05-23 16:20:30.475397
0,2021-05-23 16:27:19.818585
0,2021-05-23 16:28:02.842635
0,2021-05-23 16:29:00.036809
0,2021-05-23 16:29:08.266862
0,2021-05-23 16:29:09.640815
0,2021-05-23 16:29:12.373124
0,2021-05-23 16:29:15.064402
0,2021-05-23 16:38:05.481961
0,2021-05-23 16:39:21.961313
0,2021-05-23 16:40:00.563942
0,2021-05-23 16:40:08.123105
0,2021-05-23 16:42:51.924303
0,2021-05-23 16:44:33.511145
0,2021-05-23 16:47:03.331304
0,2021-05-23 16:49:49.022629
0,2021-05-23 16:50:31.884029
0,2021-05-23 16:56:28.310920
0,2021-05-23 16:56:30.677993
0,2021-05-23 16:58:13.988161
0,2021-05-23 16:58:23.711823
0,2021-05-23 16:59:57.899871
0,2021-05-23 17:03:14.901467
0,2021-05-23 17:05:36.947536
0,2021-05-23 17:08:40.803633
0,2021-05-23 17:12:48.254558
0,2021-05-23 17:12:51.473871
0,2021-05-23 17:16:21.264139
0,2021-05-23 17:17:00.370613
0,2021-05-23 17:18:52.501299
0,2021-05-23 17:22:28.242926
0,2021-05-23 17:27:45.426598
0,2021-05-23 17:31:38.352017
0,2021-05-23 17:35:49.584209
0,2021-05-23 17:37:35.812055
0,2021-05-23 17:38:16.277706
0,2021-05-23 17:38:41.220217
0,2021-05-23 17:45:05.598207
0,2021-05-23 17:46:46.733554
0,2021-05-23 17:47:22.911887
0,2021-05-23 17:58:10.685512
0,2021-05-23 18:01:03.763097
0,2021-05-23 18:03:37.973114
0,2021-05-23 18:06:04.663253
0,2021-05-23 18:07:50.514358
0,2021-05-23 18:12:31.998470
0,2021-05-23 18:13:33.434286
0,2021-05-23 18:20:26.493586
0,2021-05-23 18:26:43.505543
0,2021-05-23 18:37:02.684748
0,2021-05-23 18:40:16.508734
0,2021-05-23 18:41:08.935058
0,2021-05-23 18:41:53.204034
0,2021-05-23 18:44:06.692696
0,2021-05-23 18:44:46.921993
0,2021-05-23 18:45:04.511872
0,2021-05-23 18:52:24.865999
0,2021-05-23 18:53:07.771852
0,2021-05-23 18:58:14.752118
0,2021-05-23 18:59:23.232221
0,2021-05-23 19:02:25.757013
0,2021-05-23 19:06:21.344182
0,2021-05-23 19:11:51.789596
0,2021-05-23 19:12:06.664644
0,2021-05-23 19:15:20.939186
0,2021-05-23 19:19:31.852435
0,2021-05-23 19:23:01.308179
0,2021-05-23 19:26:31.808623
0,2021-05-23 19:27:08.860551
0,2021-05-23 19:36:04.400488
0,2021-05-23 19:40:37.066912
0,2021-05-23 19:44:20.627526
0,2021-05-23 19:51:26.658942
0,2021-05-23 19:51:42.379957
0,2021-05-23 19:51:44.856919
0,2021-05-23 19:52:35.710395
0,2021-05-23 20:08:46.971888
0,2021-05-23 20:10:48.530762
0,2021-05-23 20:22:25.988337
0,2021-05-23 20:22:26.054432
0,2021-05-23 20:22:26.087042
0,2021-05-23 20:23:30.236055
0,2021-05-23 20:23:30.338209
0,2021-05-23 20:23:30.337778
0,2021-05-23 20:23:47.284106
0,2021-05-23 20:24:24.929470
0,2021-05-23 20:24:54.793955
0,2021-05-23 20:28:55.522619
0,2021-05-23 20:33:58.077913
0,2021-05-23 20:44:20.605475
0,2021-05-23 20:44:34.746076
0,2021-05-23 20:51:38.846606
0,2021-05-23 20:53:17.685002
0,2021-05-23 20:53:38.917998
0,2021-05-23 20:53:53.282350
0,2021-05-23 20:54:48.166671
0,2021-05-23 21:05:20.658352
0,2021-05-23 21:11:33.432855
0,2021-05-23 21:12:42.241894
0,2021-05-23 21:16:50.329278
0,2021-05-23 21:29:59.799437
0,2021-05-23 21:30:32.392063
0,2021-05-23 21:30:45.617388
0,2021-05-23 21:30:53.773724
0,2021-05-23 21:32:27.220444
0,2021-05-23 21:32:36.353759
0,2021-05-23 21:32:40.756402
0,2021-05-23 21:46:02.234991
0,2021-05-23 21:57:09.494834
0,2021-05-23 22:11:29.399215
0,2021-05-23 22:17:06.777513
0,2021-05-23 22:18:32.690851
0,2021-05-23 22:21:45.574745
0,2021-05-23 22:26:51.244336
0,2021-05-23 22:26:54.550007
0,2021-05-23 22:31:27.085647
0,2021-05-23 22:32:13.777469
0,2021-05-23 22:35:44.529991
0,2021-05-23 22:35:44.911367
0,2021-05-23 22:58:49.977013
0,2021-05-23 23:01:28.637912
0,2021-05-23 23:01:29.464666
0,2021-05-23 23:01:30.585760
0,2021-05-23 23:17:02.906995
0,2021-05-23 23:24:19.262921
0,2021-05-23 23:26:21.463150
0,2021-05-23 23:53:11.324988
0,2021-05-23 23:56:30.874319
0,2021-05-24 00:08:36.960371
0,2021-05-24 00:16:11.034130
0,2021-05-24 00:40:02.716111
0,2021-05-24 00:59:54.715384
0,2021-05-24 01:00:31.723922
0,2021-05-24 01:09:26.800422
0,2021-05-24 01:13:15.307444
0,2021-05-24 01:20:22.919103
0,2021-05-24 01:20:29.225656
0,2021-05-24 01:55:01.711107
0,2021-05-24 01:58:47.952273
0,2021-05-24 02:03:26.510095
0,2021-05-24 02:09:24.214689
0,2021-05-24 03:11:29.707213
0,2021-05-24 03:20:26.051146
0,2021-05-24 03:31:29.945475
0,2021-05-24 03:44:34.859984
0,2021-05-24 03:51:30.853907
0,2021-05-24 03:56:24.451575
0,2021-05-24 03:56:27.652271
0,2021-05-24 04:07:02.060581
0,2021-05-24 04:11:58.443842
0,2021-05-24 04:13:37.115813
0,2021-05-24 04:14:43.949022
0,2021-05-24 04:18:27.454314
0,2021-05-24 04:18:33.595792
0,2021-05-24 04:19:33.458919
0,2021-05-24 04:37:49.276118
0,2021-05-24 04:46:05.235607
0,2021-05-24 05:09:46.004107
0,2021-05-24 05:40:17.750318
0,2021-05-24 05:45:48.113855
0,2021-05-24 05:45:54.255889
0,2021-05-24 05:47:44.375836
0,2021-05-24 05:54:12.090722
0,2021-05-24 05:54:50.411041
0,2021-05-24 05:59:02.665023
0,2021-05-24 06:08:53.329915
0,2021-05-24 06:21:27.974724
0,2021-05-24 06:29:27.937009
0,2021-05-24 06:33:37.263093
0,2021-05-24 06:34:18.255827
0,2021-05-24 06:35:22.406102
0,2021-05-24 06:35:37.241354
0,2021-05-24 06:37:52.090171
0,2021-05-24 06:39:31.278537
0,2021-05-24 06:40:38.926200
0,2021-05-24 06:43:24.010438
0,2021-05-24 06:45:43.393795
0,2021-05-24 06:46:21.706014
0,2021-05-24 06:49:18.872825
0,2021-05-24 06:50:54.096258
0,2021-05-24 06:53:38.078645
0,2021-05-24 07:04:10.485549
0,2021-05-24 07:13:40.856169
0,2021-05-24 07:19:11.487935
0,2021-05-24 07:20:16.532619
0,2021-05-24 07:24:20.318520
0,2021-05-24 07:25:15.077940
0,2021-05-24 07:27:26.416858
0,2021-05-24 07:32:01.095523
0,2021-05-24 07:32:21.357461
0,2021-05-24 07:33:03.619398
0,2021-05-24 07:33:44.126780
0,2021-05-24 07:49:51.298321
0,2021-05-24 07:56:49.144530
0,2021-05-24 07:57:01.430913
0,2021-05-24 08:00:40.579097
0,2021-05-24 08:03:54.554792
0,2021-05-24 08:10:28.039592
0,2021-05-24 08:16:34.611754
0,2021-05-24 08:17:15.733972
0,2021-05-24 08:17:34.781986
0,2021-05-24 08:18:50.281084
0,2021-05-24 08:21:10.669483
0,2021-05-24 08:22:26.897362
0,2021-05-24 08:29:00.453784
0,2021-05-24 08:34:50.717606
0,2021-05-24 08:36:35.557810
0,2021-05-24 08:38:43.611256
0,2021-05-24 08:38:54.990336
0,2021-05-24 08:44:31.237052
0,2021-05-24 08:47:58.773728
0,2021-05-24 08:48:13.135043
0,2021-05-24 08:49:40.999734
0,2021-05-24 08:53:30.875318
0,2021-05-24 08:54:38.406545
0,2021-05-24 08:58:17.800214
0,2021-05-24 08:59:33.692106
0,2021-05-24 09:01:22.472768
0,2021-05-24 09:02:21.524080
0,2021-05-24 09:03:58.151688
0,2021-05-24 09:04:59.105850
0,2021-05-24 09:05:06.566183
0,2021-05-24 09:06:31.838285
0,2021-05-24 09:11:26.498037
0,2021-05-24 09:12:20.299730
0,2021-05-24 09:15:36.521971
0,2021-05-24 09:17:56.956295
0,2021-05-24 09:20:56.335928
0,2021-05-24 09:22:42.052975
0,2021-05-24 09:28:00.109492
0,2021-05-24 09:28:05.483118
0,2021-05-24 09:30:31.217944
0,2021-05-24 09:30:45.795395
0,2021-05-24 09:33:02.158713
0,2021-05-24 09:34:11.387220
0,2021-05-24 09:34:15.855880
0,2021-05-24 09:35:54.157654
0,2021-05-24 09:41:03.716645
0,2021-05-24 09:42:04.003333
0,2021-05-24 09:43:19.990556
0,2021-05-24 09:49:29.852816
0,2021-05-24 09:49:46.631612
0,2021-05-24 09:52:07.011072
0,2021-05-24 09:53:23.612415
0,2021-05-24 09:54:23.164780
0,2021-05-24 09:55:07.080451
0,2021-05-24 09:56:27.473520
0,2021-05-24 09:58:04.243910
0,2021-05-24 09:58:29.281110
0,2021-05-24 10:02:43.655556
0,2021-05-24 10:06:55.546644
0,2021-05-24 10:09:39.653388
0,2021-05-24 10:10:10.565761
0,2021-05-24 10:10:49.240571
0,2021-05-24 10:14:59.712825
0,2021-05-24 10:22:31.367537
0,2021-05-24 10:24:42.381562
0,2021-05-24 10:26:43.443110
0,2021-05-24 10:37:42.362058
0,2021-05-24 10:38:41.442914
0,2021-05-24 10:41:09.946413
0,2021-05-24 10:46:49.063337
0,2021-05-24 11:04:08.987853
0,2021-05-24 11:04:10.727008
0,2021-05-24 11:04:23.490627
0,2021-05-24 11:06:51.216642
0,2021-05-24 11:13:14.773860
0,2021-05-24 11:15:06.715476
0,2021-05-24 11:16:48.554647
0,2021-05-24 11:19:43.048982
0,2021-05-24 11:20:38.047452
0,2021-05-24 11:22:09.437341
0,2021-05-24 11:32:07.059611
0,2021-05-24 11:40:58.105746
0,2021-05-24 11:42:44.741665
0,2021-05-24 11:46:42.167917
0,2021-05-24 11:47:11.620865
0,2021-05-24 11:49:40.450519
0,2021-05-24 11:50:14.717968
0,2021-05-24 11:53:11.146772
0,2021-05-24 11:54:10.544789
0,2021-05-24 11:56:15.691204
0,2021-05-24 11:58:27.826289
0,2021-05-24 12:05:19.867855
0,2021-05-24 12:11:57.320766
0,2021-05-24 12:13:52.710980
0,2021-05-24 12:17:46.554864
0,2021-05-24 12:23:10.365421
0,2021-05-24 12:31:36.210353
0,2021-05-24 12:34:34.608101
0,2021-05-24 12:35:12.063475
0,2021-05-24 12:35:27.444726
0,2021-05-24 12:46:05.194518
0,2021-05-24 12:46:16.698273
0,2021-05-24 12:48:38.118714
0,2021-05-24 12:48:50.279232
0,2021-05-24 12:57:20.077991
0,2021-05-24 12:59:18.089689
0,2021-05-24 13:02:26.255002
0,2021-05-24 13:02:46.831980
0,2021-05-24 13:03:11.069708
0,2021-05-24 13:04:00.572246
0,2021-05-24 13:13:50.259569
0,2021-05-24 13:18:20.550445
0,2021-05-24 13:20:24.942083
0,2021-05-24 13:21:45.725300
0,2021-05-24 13:23:20.161794
0,2021-05-24 13:23:45.316358
0,2021-05-24 13:24:42.368634
0,2021-05-24 13:34:00.435617
0,2021-05-24 13:35:01.554208
0,2021-05-24 13:35:03.290446
0,2021-05-24 13:38:07.111726
0,2021-05-24 13:41:56.999042
0,2021-05-24 13:51:40.896774
0,2021-05-24 13:52:27.699200
0,2021-05-24 13:54:24.434924
0,2021-05-24 13:56:32.893673
0,2021-05-24 14:01:54.796961
0,2021-05-24 14:05:21.696762
0,2021-05-24 14:22:28.419677
0,2021-05-24 14:23:08.934551
0,2021-05-24 14:24:35.131938
0,2021-05-24 14:25:47.383967
0,2021-05-24 14:29:43.040767
0,2021-05-24 14:30:08.286630
0,2021-05-24 14:33:00.024765
0,2021-05-24 14:38:52.371054
0,2021-05-24 14:45:04.991406
0,2021-05-24 14:48:33.494515
0,2021-05-24 14:48:54.979362
0,2021-05-24 14:50:03.454038
0,2021-05-24 14:55:28.645521
0,2021-05-24 14:58:58.544262
0,2021-05-24 15:03:30.619580
0,2021-05-24 15:04:15.375388
0,2021-05-24 15:08:58.744053
0,2021-05-24 15:11:15.505020
0,2021-05-24 15:11:21.220501
0,2021-05-24 15:11:53.414197
0,2021-05-24 15:15:05.586673
0,2021-05-24 15:16:17.497123
0,2021-05-24 15:26:07.482106
0,2021-05-24 15:27:14.123846
0,2021-05-24 15:36:47.732698
0,2021-05-24 15:41:12.152088
0,2021-05-24 15:49:02.266794
0,2021-05-24 15:54:24.578250
0,2021-05-24 15:57:19.390183
0,2021-05-24 15:59:47.745945
0,2021-05-24 16:01:02.329556
0,2021-05-24 16:04:52.064197
0,2021-05-24 16:09:53.542779
0,2021-05-24 16:11:04.653333
0,2021-05-24 16:19:37.131488
0,2021-05-24 16:22:00.622706
0,2021-05-24 16:22:27.481830
0,2021-05-24 16:25:02.722837
0,2021-05-24 16:25:20.448068
0,2021-05-24 16:25:32.068329
0,2021-05-24 16:26:45.989106
0,2021-05-24 16:28:19.716207
0,2021-05-24 16:32:50.851174
0,2021-05-24 16:37:28.761684
0,2021-05-24 16:39:26.376940
0,2021-05-24 16:44:50.376589
0,2021-05-24 16:48:33.369593
0,2021-05-24 16:48:36.405739
0,2021-05-24 16:55:44.073884
0,2021-05-24 16:58:12.506530
0,2021-05-24 17:06:19.336310
0,2021-05-24 17:07:14.972828
0,2021-05-24 17:17:07.129847
0,2021-05-24 17:21:40.527105
0,2021-05-24 17:24:38.466527
0,2021-05-24 17:25:51.161652
0,2021-05-24 17:25:51.258286
0,2021-05-24 17:26:42.003006
0,2021-05-24 17:26:42.135265
0,2021-05-24 17:26:42.219080
0,2021-05-24 17:26:48.680091
0,2021-05-24 17:30:15.164089
0,2021-05-24 17:31:31.398640
0,2021-05-24 17:37:09.333194
0,2021-05-24 17:39:22.644255
0,2021-05-24 17:42:40.422771
0,2021-05-24 17:44:09.685365
0,2021-05-24 17:58:51.861146
0,2021-05-24 17:59:03.681206
0,2021-05-24 18:01:59.173179
0,2021-05-24 18:06:57.059098
0,2021-05-24 18:09:22.240127
0,2021-05-24 18:10:33.117759
0,2021-05-24 18:15:53.108339
0,2021-05-24 18:20:34.899341
0,2021-05-24 18:23:42.470560
0,2021-05-24 18:27:18.398947
0,2021-05-24 18:28:22.145207
0,2021-05-24 18:30:38.813485
0,2021-05-24 18:38:21.587699
0,2021-05-24 18:40:44.702316
0,2021-05-24 18:43:10.765387
0,2021-05-24 18:48:28.524539
0,2021-05-24 18:50:49.265067
0,2021-05-24 18:51:41.231136
0,2021-05-24 18:59:05.465167
0,2021-05-24 18:59:13.538828
0,2021-05-24 19:00:22.887539
0,2021-05-24 19:00:55.619407
0,2021-05-24 19:01:00.116968
0,2021-05-24 19:05:12.315981
0,2021-05-24 19:06:39.563776
0,2021-05-24 19:09:35.068818
0,2021-05-24 19:13:01.836108
0,2021-05-24 19:17:39.020322
0,2021-05-24 19:18:26.627420
0,2021-05-24 19:20:15.667995
0,2021-05-24 19:20:29.986148
0,2021-05-24 19:24:00.093819
0,2021-05-24 19:25:43.730168
0,2021-05-24 19:28:42.733435
0,2021-05-24 19:37:45.094701
0,2021-05-24 19:44:43.690490
0,2021-05-24 19:47:24.122420
0,2021-05-24 19:48:45.409682
0,2021-05-24 19:48:56.533567
0,2021-05-24 19:50:12.317008
0,2021-05-24 19:50:19.976427
0,2021-05-24 19:51:35.459239
0,2021-05-24 19:51:36.190636
0,2021-05-24 19:55:36.664260
0,2021-05-24 19:57:10.612510
0,2021-05-24 19:59:51.162920
0,2021-05-24 19:59:51.195332
0,2021-05-24 19:59:58.579574
0,2021-05-24 20:00:19.428998
0,2021-05-24 20:01:18.293175
0,2021-05-24 20:07:32.684911
0,2021-05-24 20:07:47.924138
0,2021-05-24 20:07:50.237929
0,2021-05-24 20:08:28.808275
0,2021-05-24 20:10:49.638768
0,2021-05-24 20:12:28.107075
0,2021-05-24 20:14:42.113394
0,2021-05-24 20:15:34.823325
0,2021-05-24 20:16:18.600097
0,2021-05-24 20:18:04.701631
0,2021-05-24 20:19:43.437879
0,2021-05-24 20:19:56.103758
0,2021-05-24 20:20:38.473044
0,2021-05-24 20:22:18.064023
0,2021-05-24 20:23:13.980522
0,2021-05-24 20:23:23.002394
0,2021-05-24 20:24:31.876206
0,2021-05-24 20:24:38.060195
0,2021-05-24 20:30:30.502313
0,2021-05-24 20:31:45.223936
0,2021-05-24 20:33:56.099253
0,2021-05-24 20:34:01.582078
0,2021-05-24 20:34:38.450028
0,2021-05-24 20:37:24.365450
0,2021-05-24 20:40:52.573431
0,2021-05-24 20:42:52.750634
0,2021-05-24 20:47:55.557996
0,2021-05-24 20:48:08.424470
0,2021-05-24 20:49:48.271933
0,2021-05-24 20:51:02.147881
0,2021-05-24 20:52:49.098049
0,2021-05-24 20:55:22.694651
0,2021-05-24 20:58:52.857498
0,2021-05-24 21:01:52.918711
0,2021-05-24 21:02:22.508906
0,2021-05-24 21:05:46.166834
0,2021-05-24 21:10:14.564392
0,2021-05-24 21:10:15.333802
0,2021-05-24 21:17:43.570157
0,2021-05-24 21:19:18.966179
0,2021-05-24 21:24:36.704482
0,2021-05-24 21:31:17.820635
0,2021-05-24 21:33:24.892920
0,2021-05-24 21:36:08.389254
0,2021-05-24 21:36:19.552524
0,2021-05-24 21:40:41.725155
0,2021-05-24 21:42:42.986861
0,2021-05-24 21:43:55.333030
0,2021-05-24 21:45:12.135059
0,2021-05-24 21:49:24.171396
0,2021-05-24 21:49:25.955348
0,2021-05-24 21:53:40.518335
0,2021-05-24 21:56:37.088073
0,2021-05-24 21:59:17.432095
0,2021-05-24 22:01:17.876433
0,2021-05-24 22:01:20.806838
0,2021-05-24 22:05:56.029042
0,2021-05-24 22:14:11.425094
0,2021-05-24 22:18:07.590492
0,2021-05-24 22:20:52.231424
0,2021-05-24 22:23:11.584816
0,2021-05-24 22:23:20.135322
0,2021-05-24 22:29:05.639529
0,2021-05-24 22:30:15.764177
0,2021-05-24 22:42:27.627567
0,2021-05-24 22:43:44.008707
0,2021-05-24 22:47:16.381067
0,2021-05-24 22:52:10.803829
0,2021-05-24 22:52:40.448070
0,2021-05-24 23:05:38.863344
0,2021-05-24 23:11:18.324474
0,2021-05-24 23:11:41.301298
0,2021-05-24 23:21:54.340072
0,2021-05-24 23:26:35.868681
0,2021-05-24 23:29:16.704777
0,2021-05-24 23:39:30.924176
0,2021-05-24 23:39:43.465164
0,2021-05-24 23:55:39.536674
0,2021-05-24 23:56:23.748642
0,2021-05-24 23:58:01.483388
0,2021-05-25 00:03:58.043307
0,2021-05-25 00:05:08.611248
0,2021-05-25 00:07:53.137190
0,2021-05-25 00:08:02.468846
0,2021-05-25 00:08:56.352485
0,2021-05-25 00:12:47.228627
0,2021-05-25 00:15:38.986795
0,2021-05-25 01:06:26.276637
0,2021-05-25 01:06:44.335206
0,2021-05-25 01:16:03.111341
0,2021-05-25 01:18:12.993320
0,2021-05-25 01:19:05.024924
0,2021-05-25 01:19:09.977054
0,2021-05-25 01:19:32.946072
0,2021-05-25 01:20:00.604430
0,2021-05-25 01:23:44.954231
0,2021-05-25 01:28:22.121960
0,2021-05-25 01:31:30.125056
0,2021-05-25 01:46:05.020670
0,2021-05-25 01:51:17.248234
0,2021-05-25 02:03:18.002094
0,2021-05-25 02:28:13.533188
0,2021-05-25 02:34:45.569492
0,2021-05-25 02:39:12.282408
0,2021-05-25 02:43:40.898190
0,2021-05-25 02:54:04.751882
0,2021-05-25 03:17:19.601153
0,2021-05-25 03:21:09.804500
0,2021-05-25 03:35:32.807940
0,2021-05-25 03:35:57.436963
0,2021-05-25 03:45:55.422602
0,2021-05-25 03:56:22.919837
0,2021-05-25 04:07:29.000441
0,2021-05-25 04:17:37.291902
0,2021-05-25 04:31:56.068560
0,2021-05-25 04:36:43.707559
0,2021-05-25 04:46:30.885776
0,2021-05-25 04:52:19.703589
0,2021-05-25 05:07:24.040475
0,2021-05-25 05:10:09.334353
0,2021-05-25 05:11:53.975813
0,2021-05-25 05:33:26.986811
0,2021-05-25 05:42:05.819827
0,2021-05-25 05:44:21.156567
0,2021-05-25 05:50:07.392771
0,2021-05-25 05:53:32.337111
0,2021-05-25 05:59:22.179831
0,2021-05-25 06:13:11.859244
0,2021-05-25 06:13:23.144704
0,2021-05-25 06:20:12.976860
0,2021-05-25 06:20:41.269595
0,2021-05-25 06:23:29.834444
0,2021-05-25 06:23:30.530606
0,2021-05-25 06:28:41.570766
0,2021-05-25 06:30:02.741640
0,2021-05-25 06:42:09.705243
0,2021-05-25 06:42:22.736512
0,2021-05-25 06:44:13.376014
0,2021-05-25 06:45:24.307739
0,2021-05-25 06:46:41.151818
0,2021-05-25 06:48:47.271315
0,2021-05-25 06:53:42.490755
0,2021-05-25 06:55:55.324773
0,2021-05-25 06:58:55.982131
0,2021-05-25 07:03:05.751136
0,2021-05-25 07:04:32.371707
0,2021-05-25 07:05:26.226806
0,2021-05-25 07:08:35.080525
0,2021-05-25 07:12:22.246064
0,2021-05-25 07:14:24.539662
0,2021-05-25 07:18:25.256212
0,2021-05-25 07:19:13.596131
0,2021-05-25 07:25:36.244
0,2021-05-25 07:28:00.801948
0,2021-05-25 07:28:48.315428
0,2021-05-25 07:29:09.323886
0,2021-05-25 07:35:45.264492
0,2021-05-25 07:38:34.241061
0,2021-05-25 07:39:35.891984
0,2021-05-25 07:39:44.860272
0,2021-05-25 07:40:06.726555
0,2021-05-25 07:41:12.577898
0,2021-05-25 07:45:18.195277
0,2021-05-25 07:48:40.756442
0,2021-05-25 07:49:00.847208
0,2021-05-25 07:50:27.959385
0,2021-05-25 07:50:52.997369
0,2021-05-25 07:50:58.437890
0,2021-05-25 07:51:47.236741
0,2021-05-25 07:54:18.629995
0,2021-05-25 07:55:44.700060
0,2021-05-25 07:55:50.060291
0,2021-05-25 08:08:56.341385
0,2021-05-25 08:12:44.144631
0,2021-05-25 08:14:37.568157
0,2021-05-25 08:15:05.743877
0,2021-05-25 08:18:27.582702
0,2021-05-25 08:18:51.983445
0,2021-05-25 08:20:49.478068
0,2021-05-25 08:21:53.080819
0,2021-05-25 08:22:56.354490
0,2021-05-25 08:25:03.399720
0,2021-05-25 08:28:02.801255
0,2021-05-25 08:35:36.076645
0,2021-05-25 08:37:05.304306
0,2021-05-25 08:39:03.888164
0,2021-05-25 08:39:12.712759
0,2021-05-25 08:39:14.664546
0,2021-05-25 08:39:21.931490
0,2021-05-25 08:39:45.693682
0,2021-05-25 08:39:50.346113
0,2021-05-25 08:40:24.233951
0,2021-05-25 08:40:27.056631
0,2021-05-25 08:48:59.333003
0,2021-05-25 08:49:37.531037
0,2021-05-25 08:50:30.764086
0,2021-05-25 08:50:48.348303
0,2021-05-25 08:53:19.744383
0,2021-05-25 08:59:34.094763
0,2021-05-25 08:59:36.887367
0,2021-05-25 09:00:08.646004
0,2021-05-25 09:00:29.901288
0,2021-05-25 09:03:04.437706
0,2021-05-25 09:05:08.117315
0,2021-05-25 09:05:09.026501
0,2021-05-25 09:06:01.162332
0,2021-05-25 09:18:24.217434
0,2021-05-25 09:20:46.190001
0,2021-05-25 09:22:08.699214
0,2021-05-25 09:33:20.955700
0,2021-05-25 09:33:44.056829
0,2021-05-25 09:40:08.510607
0,2021-05-25 09:45:14.293968
0,2021-05-25 09:48:48.730333
0,2021-05-25 09:52:22.778517
0,2021-05-25 09:52:52.642857
0,2021-05-25 09:59:07.451917
0,2021-05-25 10:01:02.854707
0,2021-05-25 10:04:44.571919
0,2021-05-25 10:06:41.429374
0,2021-05-25 10:11:12.591618
0,2021-05-25 10:11:59.929630
0,2021-05-25 10:17:09.005019
0,2021-05-25 10:17:41.949249
0,2021-05-25 10:17:42.299975
0,2021-05-25 10:20:01.131264
0,2021-05-25 10:21:19.532747
0,2021-05-25 10:22:27.647359
0,2021-05-25 10:24:39.062178
0,2021-05-25 10:27:51.828113
0,2021-05-25 10:35:40.002863
0,2021-05-25 10:36:19.843685
0,2021-05-25 10:37:39.829764
0,2021-05-25 10:40:22.665005
0,2021-05-25 10:42:36.053491
0,2021-05-25 10:43:07.557677
0,2021-05-25 10:43:34.463978
0,2021-05-25 10:44:19.722331
0,2021-05-25 10:46:44.574497
0,2021-05-25 10:46:51.150121
0,2021-05-25 10:46:53.255538
0,2021-05-25 10:56:06.481442
0,2021-05-25 10:57:18.119586
0,2021-05-25 11:03:44.868137
0,2021-05-25 11:10:03.988289
0,2021-05-25 11:11:17.141387
0,2021-05-25 11:11:55.401537
0,2021-05-25 11:14:25.498389
0,2021-05-25 11:17:37.567825
0,2021-05-25 11:19:06.316635
0,2021-05-25 11:23:04.129823
0,2021-05-25 11:23:48.667160
0,2021-05-25 11:24:09.332227
0,2021-05-25 11:27:05.225857
0,2021-05-25 11:27:47.503212
0,2021-05-25 11:33:09.964370
0,2021-05-25 11:34:21.184501
0,2021-05-25 11:36:25.635719
0,2021-05-25 11:37:25.365571
0,2021-05-25 11:43:47.211207
0,2021-05-25 11:48:55.794892
0,2021-05-25 11:50:40.554552
0,2021-05-25 11:53:49.417784
0,2021-05-25 11:56:51.494280
0,2021-05-25 12:00:25.734492
0,2021-05-25 12:01:33.228063
0,2021-05-25 12:02:56.183397
0,2021-05-25 12:05:18.771902
0,2021-05-25 12:11:20.551271
0,2021-05-25 12:15:16.646122
0,2021-05-25 12:16:16.709223
0,2021-05-25 12:16:34.622653
0,2021-05-25 12:19:34.501419
0,2021-05-25 12:21:09.261404
0,2021-05-25 12:21:18.550186
0,2021-05-25 12:21:37.715867
0,2021-05-25 12:26:28.387579
0,2021-05-25 12:27:03.126226
0,2021-05-25 12:28:52.690802
0,2021-05-25 12:29:10.314027
0,2021-05-25 12:30:56.445011
0,2021-05-25 12:36:02.439758
0,2021-05-25 12:39:29.950907
0,2021-05-25 12:40:58.164296
0,2021-05-25 12:47:46.611295
0,2021-05-25 12:47:48.766128
0,2021-05-25 13:01:37.357233
0,2021-05-25 13:02:09.289786
0,2021-05-25 13:04:01.390701
0,2021-05-25 13:04:37.851664
0,2021-05-25 13:04:42.593657
0,2021-05-25 13:09:46.194886
0,2021-05-25 13:09:56.250425
0,2021-05-25 13:10:06.260858
0,2021-05-25 13:10:36.354936
0,2021-05-25 13:10:38.167826
0,2021-05-25 13:16:19.992810
0,2021-05-25 13:21:39.675342
0,2021-05-25 13:23:09.404762
0,2021-05-25 13:26:30.961675
0,2021-05-25 13:28:53.333928
0,2021-05-25 13:31:07.308117
0,2021-05-25 13:32:06.842234
0,2021-05-25 13:35:08.277539
0,2021-05-25 13:37:30.090221
0,2021-05-25 13:41:47.727925
0,2021-05-25 13:43:45.050298
0,2021-05-25 13:52:46.022085
0,2021-05-25 13:53:11.069437
0,2021-05-25 13:56:33.269258
0,2021-05-25 14:03:34.721463
0,2021-05-25 14:04:56.962193
0,2021-05-25 14:05:13.924833
0,2021-05-25 14:12:06.491546
0,2021-05-25 14:14:37.369489
0,2021-05-25 14:18:23.323304
0,2021-05-25 14:18:40.044505
0,2021-05-25 14:21:27.493709
0,2021-05-25 14:21:30.788282
0,2021-05-25 14:23:58.458933
0,2021-05-25 14:24:16.247028
0,2021-05-25 14:24:55.341501
0,2021-05-25 14:28:41.899529
0,2021-05-25 14:30:25.549743
0,2021-05-25 14:31:36.533450
0,2021-05-25 14:31:55.187987
0,2021-05-25 14:33:15.097820
0,2021-05-25 14:38:35.256405
0,2021-05-25 14:39:12.754519
0,2021-05-25 14:43:59.456456
0,2021-05-25 14:44:37.234759
0,2021-05-25 14:46:12.501630
0,2021-05-25 14:46:43.324636
0,2021-05-25 14:49:03.545868
0,2021-05-25 14:53:32.931293
0,2021-05-25 14:59:29.747947
0,2021-05-25 15:02:31.332134
0,2021-05-25 15:10:05.518212
0,2021-05-25 15:11:15.115461
0,2021-05-25 15:13:32.496360
0,2021-05-25 15:16:27.641675
0,2021-05-25 15:17:32.849200
0,2021-05-25 15:20:25.547132
0,2021-05-25 15:21:39.563984
0,2021-05-25 15:22:45.318262
0,2021-05-25 15:27:34.034414
0,2021-05-25 15:28:00.577496
0,2021-05-25 15:31:20.070689
0,2021-05-25 15:32:13.884834
0,2021-05-25 15:32:58.281325
0,2021-05-25 15:37:20.864355
0,2021-05-25 15:38:26.933023
0,2021-05-25 15:38:36.828080
0,2021-05-25 15:39:06.976686
0,2021-05-25 15:39:21.199185
0,2021-05-25 15:39:34.545925
0,2021-05-25 15:42:19.316375
0,2021-05-25 15:47:45.502554
0,2021-05-25 15:49:49.687434
0,2021-05-25 15:53:51.106788
0,2021-05-25 15:54:44.581055
0,2021-05-25 15:55:21.357655
0,2021-05-25 15:56:17.428649
0,2021-05-25 15:57:46.856097
0,2021-05-25 16:02:25.995865
0,2021-05-25 16:02:26.064350
0,2021-05-25 16:02:45.183190
0,2021-05-25 16:03:56.606327
0,2021-05-25 16:04:24.710604
0,2021-05-25 16:04:26.170846
0,2021-05-25 16:06:33.833632
0,2021-05-25 16:07:51.169069
0,2021-05-25 16:08:32.978690
0,2021-05-25 16:08:56.424683
0,2021-05-25 16:14:53.644130
0,2021-05-25 16:18:22.837487
0,2021-05-25 16:18:34.388216
0,2021-05-25 16:19:10.156738
0,2021-05-25 16:21:55.438255
0,2021-05-25 16:23:37.535916
0,2021-05-25 16:37:56.772992
0,2021-05-25 16:38:30.521292
0,2021-05-25 16:39:01.369202
0,2021-05-25 16:39:10.201154
0,2021-05-25 16:39:14.467206
0,2021-05-25 16:39:23.775337
0,2021-05-25 16:40:31.834229
0,2021-05-25 16:40:42.611587
0,2021-05-25 16:46:48.868581
0,2021-05-25 16:47:51.042082
0,2021-05-25 16:49:39.995797
0,2021-05-25 16:55:23.758058
0,2021-05-25 17:04:27.505697
0,2021-05-25 17:05:18.323114
0,2021-05-25 17:06:02.765917
0,2021-05-25 17:10:08.804383
0,2021-05-25 17:12:59.073986
0,2021-05-25 17:14:25.541936
0,2021-05-25 17:15:29.174483
0,2021-05-25 17:15:51.299521
0,2021-05-25 17:17:09.459040
0,2021-05-25 17:20:12.552382
0,2021-05-25 17:20:52.350187
0,2021-05-25 17:22:08.053366
0,2021-05-25 17:28:37.420155
0,2021-05-25 17:30:20.291098
0,2021-05-25 17:30:57.897080
0,2021-05-25 17:30:59.407600
0,2021-05-25 17:31:11.232330
0,2021-05-25 17:38:06.109618
0,2021-05-25 17:41:14.701517
0,2021-05-25 17:42:21.029400
0,2021-05-25 17:42:22.038368
0,2021-05-25 17:45:18.919749
0,2021-05-25 17:45:33.668486
0,2021-05-25 17:46:41.242717
0,2021-05-25 17:46:55.701293
0,2021-05-25 18:00:36.587996
0,2021-05-25 18:02:30.378099
0,2021-05-25 18:05:08.694891
0,2021-05-25 18:06:43.436771
0,2021-05-25 18:17:16.228134
0,2021-05-25 18:18:13.632982
0,2021-05-25 18:22:10.598086
0,2021-05-25 18:22:18.517651
0,2021-05-25 18:22:29.753853
0,2021-05-25 18:26:03.196727
0,2021-05-25 18:27:47.020135
0,2021-05-25 18:28:59.973203
0,2021-05-25 18:31:10.075040
0,2021-05-25 18:31:39.831603
0,2021-05-25 18:33:43.406106
0,2021-05-25 18:35:10.561848
0,2021-05-25 18:39:21.479181
0,2021-05-25 18:41:39.934243
0,2021-05-25 18:43:01.110092
0,2021-05-25 18:47:13.982053
0,2021-05-25 18:48:00.668524
0,2021-05-25 18:48:58.919678
0,2021-05-25 18:50:17.932810
0,2021-05-25 18:50:56.621055
0,2021-05-25 19:01:44.961099
0,2021-05-25 19:02:40.474530
0,2021-05-25 19:03:39.135604
0,2021-05-25 19:04:23.181628
0,2021-05-25 19:07:17.059719
0,2021-05-25 19:09:11.257174
0,2021-05-25 19:11:27.883764
0,2021-05-25 19:11:28.301619
0,2021-05-25 19:13:49.434031
0,2021-05-25 19:13:53.729190
0,2021-05-25 19:13:54.743173
0,2021-05-25 19:13:55.646898
0,2021-05-25 19:13:56.441626
0,2021-05-25 19:13:57.042906
0,2021-05-25 19:13:57.489306
0,2021-05-25 19:17:56.140413
0,2021-05-25 19:18:35.833534
0,2021-05-25 19:23:02.442655
0,2021-05-25 19:27:27.006924
0,2021-05-25 19:29:41.179421
0,2021-05-25 19:33:40.461422
0,2021-05-25 19:35:54.551136
0,2021-05-25 19:40:05.490295
0,2021-05-25 19:40:07.072494
0,2021-05-25 19:42:22.231330
0,2021-05-25 19:42:59.904603
0,2021-05-25 19:45:58.527740
0,2021-05-25 19:46:16.343191
0,2021-05-25 19:46:40.743700
0,2021-05-25 19:48:15.090644
0,2021-05-25 19:48:49.782554
0,2021-05-25 19:50:07.638881
0,2021-05-25 19:50:55.126380
0,2021-05-25 19:52:19.466670
0,2021-05-25 19:52:52.171384
0,2021-05-25 19:53:13.491983
0,2021-05-25 19:57:08.565836
0,2021-05-25 19:59:17.314752
0,2021-05-25 19:59:29.436143
0,2021-05-25 19:59:45.426711
0,2021-05-25 20:03:07.899520
0,2021-05-25 20:04:52.656363
0,2021-05-25 20:08:05.224301
0,2021-05-25 20:09:03.112554
0,2021-05-25 20:09:48.531235
0,2021-05-25 20:17:51.297345
0,2021-05-25 20:19:23.510152
0,2021-05-25 20:19:55.314238
0,2021-05-25 20:21:16.067251
0,2021-05-25 20:31:32.355221
0,2021-05-25 20:34:54.298074
0,2021-05-25 20:35:06.245124
0,2021-05-25 20:41:06.385262
0,2021-05-25 20:45:37.696791
0,2021-05-25 20:46:50.789047
0,2021-05-25 20:47:12.726919
0,2021-05-25 20:49:11.719873
0,2021-05-25 20:52:11.529024
0,2021-05-25 20:56:26.336233
0,2021-05-25 20:57:26.212152
0,2021-05-25 21:05:02.985716
0,2021-05-25 21:06:11.668573
0,2021-05-25 21:15:37.972582
0,2021-05-25 21:21:06.095246
0,2021-05-25 21:26:34.744782
0,2021-05-25 21:26:36.411588
0,2021-05-25 21:30:10.508150
0,2021-05-25 21:36:51.861191
0,2021-05-25 21:55:12.383489
0,2021-05-26 00:14:22.004822
0,2021-05-26 00:14:28.229217
0,2021-05-26 00:14:33.047926
0,2021-05-26 00:15:29.009717
0,2021-05-26 00:15:32.569104
0,2021-05-26 00:15:32.829091
0,2021-05-26 00:17:53.158565
0,2021-05-26 00:19:38.909017
0,2021-05-26 00:19:41.023692
0,2021-05-26 00:19:41.279113
0,2021-05-26 00:20:09.050779
0,2021-05-26 00:20:10.314010
0,2021-05-26 00:20:10.483056
