,usersReddit
2022-04-30,6883
2022-05-01,6892
2022-05-02,6903
2022-05-03,6911
2022-05-04,6930
2022-05-05,6944
2022-05-06,6958
2022-05-07,6969
2022-05-08,6979
2022-05-09,6986
2022-05-10,6990
2022-05-11,7001
2022-05-12,7015
2022-05-13,7019
2022-05-14,7043
2022-05-15,7065
2022-05-16,7080
2022-05-17,7094
2022-05-18,7108
2022-05-19,7120
2022-05-20,7136
2022-05-21,7141
2022-05-22,7153
2022-05-23,7160
2022-05-24,7167
2022-05-25,7174
2022-05-26,7184
2022-05-27,7194
2022-05-28,7196
2022-05-29,7201
2022-05-30,7206
2022-05-31,7216
2022-06-01,7224
2022-06-02,7230
2022-06-03,7240
2022-06-04,7242
2022-06-05,7243
2022-06-06,7256
2022-06-07,7264
2022-06-08,7272
2022-06-09,7281
2022-06-10,7287
2022-06-11,7300
2022-06-12,7306
2022-06-13,7312
2022-06-14,7317
2022-06-15,7327
2022-06-16,7337
2022-06-17,7354
2022-06-18,7374
2022-06-19,7393
2022-06-20,7396
2022-06-21,7401
2022-06-22,7412
2022-06-23,7427
2022-06-24,7433
2022-06-25,7446
2022-06-26,7451
2022-06-27,7455
2022-06-28,7465
2022-06-29,7474
2022-06-30,7478
2022-07-01,7484
2022-07-02,7485
2022-07-03,7489
2022-07-04,7491
2022-07-05,7496
2022-07-06,7503
2022-07-07,7509
2022-07-08,7511
2022-07-09,7511
2022-07-10,7514
2022-07-11,7520
2022-07-12,7525
2022-07-13,7530
2022-07-14,7533
2022-07-15,7533
2022-07-16,7534
2022-07-17,7539
2022-07-18,7543
2022-07-19,7542
2022-07-20,7551
2022-07-21,7554
2022-07-22,7557
2022-07-23,7560
2022-07-24,7562
2022-07-25,7567
2022-07-26,7569
2022-07-27,7574
2022-07-28,7576
2022-07-29,7576
2022-07-30,7579
2022-07-31,7584
2022-08-01,7587
2022-08-02,7595
2022-08-03,7602
2022-08-04,7611
2022-08-05,7629
2022-08-06,7641
2022-08-07,7659
2022-08-08,7670
2022-08-09,7676
2022-08-10,7682
2022-08-11,7692
2022-08-12,7700
2022-08-13,7703
2022-08-14,7702
2022-08-15,7711
2022-08-16,7722
2022-08-17,7727
2022-08-18,7733
2022-08-19,7742
2022-08-20,7752
2022-08-21,7755
2022-08-22,7765
2022-08-23,7784
2022-08-24,8074
2022-08-25,8082
2022-08-26,8085
2022-08-27,8089
2022-08-28,8094
2022-08-29,8097
2022-08-30,8104
2022-08-31,8112
2022-09-01,8113
2022-09-02,8116
2022-09-03,8119
2022-09-04,8119
2022-09-05,8123
2022-09-06,8128
2022-09-07,8135
2022-09-08,8154
2022-09-09,8159
2022-09-10,8163
2022-09-11,8170
2022-09-12,8179
2022-09-13,8178
2022-09-14,8186
2022-09-15,8188
2022-09-16,8191
2022-09-17,8195
2022-09-18,8202
2022-09-19,8207
2022-09-20,8266
2022-09-21,8270
2022-09-22,8287
2022-09-23,8290
2022-09-24,8525
2022-09-25,8575
2022-09-26,8599
2022-09-27,8612
2022-09-28,8623
2022-09-29,8631
2022-09-30,8635
2022-10-01,8640
2022-10-02,8644
2022-10-03,8648
2022-10-04,8652
2022-10-05,8657
2022-10-06,8659
2022-10-07,8663
2022-10-08,8668
2022-10-09,8672
2022-10-10,8676
2022-10-11,8868
2022-10-12,9110
2022-10-13,9294
2022-10-14,9454
2022-10-15,9599
2022-10-16,9848
2022-10-17,11731
2022-10-18,12536
2022-10-19,13223
2022-10-20,13799
2022-10-21,14464
2022-10-22,15270
2022-10-23,15732
2022-10-24,16264
2022-10-25,16653
2022-10-26,16959
2022-10-27,17249
2022-10-28,17486
2022-10-29,17739
2022-10-30,17946
2022-10-31,18193
2022-11-01,18447
2022-11-02,18743
2022-11-03,19017
2022-11-04,19243
2022-11-05,19449
2022-11-06,19659
2022-11-07,19981
2022-11-08,20385
2022-11-09,20893
2022-11-10,20859
2022-11-11,20864
2022-11-12,20865
2022-11-13,20863
2022-11-14,20872
2022-11-15,20877
2022-11-16,20878
2022-11-17,20889
2022-11-18,20888
2022-11-19,20899
2022-11-20,20907
2022-11-21,20904
2022-11-22,20912
2022-11-23,20916
2022-11-24,20920
2022-11-25,20923
2022-11-26,20927
2022-11-27,20931
2022-11-28,20939
2022-11-29,20942
2022-11-30,20947
2022-12-01,20948
2022-12-02,20950
2022-12-03,20957
2022-12-04,20963
2022-12-05,20964
2022-12-06,20971
2022-12-07,20974
2022-12-08,20973
2022-12-09,20977
2022-12-10,20979
2022-12-11,20986
2022-12-12,20988
2022-12-13,20991
2022-12-14,20994
2022-12-15,20996
2022-12-16,20996
2022-12-17,21000
2022-12-18,21004
2022-12-19,21009
2022-12-20,21015
2022-12-21,21017
2022-12-22,21018
2022-12-23,21027
2022-12-24,21026
2022-12-25,21028
2022-12-26,21028
2022-12-27,21031
2022-12-28,21035
2022-12-29,21039
2022-12-30,21045
2022-12-31,21048
2023-01-01,21050
2023-01-02,21055
2023-01-03,21060
2023-01-04,21061
2023-01-05,21063
2023-01-06,21066
2023-01-07,21071
2023-01-08,21073
2023-01-09,21082
2023-01-10,21091
2023-01-11,21093
2023-01-12,21095
2023-01-13,21097
2023-01-14,21098
2023-01-15,21098
2023-01-16,21104
2023-01-17,21107
2023-01-18,21113
2023-01-19,21114
2023-01-20,21112
2023-01-21,21118
2023-01-22,21128
2023-01-23,21128
2023-01-24,21132
2023-01-25,21139
2023-01-26,21149
2023-01-27,21172
2023-01-28,21177
2023-01-29,21178
2023-01-30,21176
2023-01-31,21177
2023-02-01,21182
2023-02-02,21186
2023-02-03,21191
2023-02-04,21197
2023-02-05,21201
2023-02-06,21202
2023-02-07,21208
2023-02-08,21211
2023-02-09,21209
2023-02-10,21209
2023-02-11,21216
2023-02-12,21231
2023-02-13,21240
2023-02-14,21250
2023-02-15,21253
2023-02-16,21256
2023-02-17,21263
2023-02-18,21268
2023-02-19,21269
2023-02-20,21274
2023-02-21,21277
2023-02-22,21286
2023-02-23,21291
2023-02-24,21291
2023-02-25,21292
2023-02-26,21294
