,otherDFI,mnDFI,lmDFI,tokenDFI,erc20DFI,fundDFI,foundationDFI,burnedDFI,circDFI,totalDFI
2020-04-26,,,,,,,,,,
2020-05-11,,,,,,,,,,
2020-05-12,,,,,,,,,,
2020-05-13,,,,,,,,,,
2020-05-14,,,,,,,,,,
2020-05-15,,,,,,,,,,
2020-05-16,,,,,,,,,,
2020-05-17,,,,,,,,,,
2020-05-18,,,,,,,,,,
2020-05-19,,,,,,,,,,
2020-05-20,,,,,,,,,,
2020-05-21,,,,,,,,,,
2020-05-22,,,,,,,,,,
2020-05-23,,,,,,,,,,
2020-05-24,,,,,,,,,,
2020-05-25,,,,,,,,,,
2020-05-26,,,,,,,,,,
2020-05-27,,,,,,,,,,
2020-05-28,,,,,,,,,,
2020-05-29,,,,,,,,,,
2020-05-30,,,,,,,,,,
2020-05-31,,,,,,,,,,
2020-06-01,,,,,,,,,,
2020-06-02,,,,,,,,,,
2020-06-03,,,,,,,,,,
2020-06-04,,,,,,,,,,
2020-06-05,,,,,,,,,,
2020-06-06,,,,,,,,,,
2020-06-07,,,,,,,,,,
2020-06-08,,,,,,,,,,
2020-06-09,,,,,,,,,,
2020-06-10,,,,,,,,,,
2020-06-11,,,,,,,,,,
2020-06-12,,,,,,,,,,
2020-06-13,,,,,,,,,,
2020-06-14,,,,,,,,,,
2020-06-15,,,,,,,,,,
2020-06-16,,,,,,,,,,
2020-06-17,,,,,,,,,,
2020-06-18,,,,,,,,,,
2020-06-19,,,,,,,,,,
2020-06-20,,,,,,,,,,
2020-06-21,,,,,,,,,,
2020-06-22,,,,,,,,,,
2020-06-23,,,,,,,,,,
2020-06-24,,,,,,,,,,
2020-06-25,,,,,,,,,,
2020-06-26,,,,,,,,,,
2020-06-27,,,,,,,,,,
2020-06-28,,,,,,,,,,
2020-06-29,,,,,,,,,,
2020-06-30,,,,,,,,,,
2020-07-01,,,,,,,,,,
2020-07-02,,,,,,,,,,
2020-07-03,,,,,,,,,,
2020-07-04,,,,,,,,,,
2020-07-05,,,,,,,,,,
2020-07-06,,,,,,,,,,
2020-07-07,,,,,,,,,,
2020-07-08,,,,,,,,,,
2020-07-09,,,,,,,,,,
2020-07-10,,,,,,,,,,
2020-07-11,,,,,,,,,,
2020-07-12,,,,,,,,,,
2020-07-13,,,,,,,,,,
2020-07-14,,,,,,,,,,
2020-07-15,,,,,,,,,,
2020-07-16,,,,,,,,,,
2020-07-17,,,,,,,,,,
2020-07-18,,,,,,,,,,
2020-07-19,,,,,,,,,,
2020-07-20,,,,,,,,,,
2020-07-21,,,,,,,,,,
2020-07-22,,,,,,,,,,
2020-07-23,,,,,,,,,,
2020-07-24,,,,,,,,,,
2020-07-25,,,,,,,,,,
2020-07-26,,,,,,,,,,
2020-07-27,,,,,,,,,,
2020-07-28,,,,,,,,,,
2020-07-29,12908556.389225168,608173055.3974421,,,,3348809.0933328,,,621081611.7866672,624430420.88
2020-07-30,12908737.564791769,608563655.3978322,,,,3358849.09337612,,,621472392.962624,624831242.0560001
2020-07-31,12908737.56438761,609069680.3981959,,,,3371824.09341652,,,621978417.9625834,625350242.056
2020-08-01,12910687.56357123,609515060.398846,,,,3383294.0935827005,,,622425747.9624172,625809042.056
2020-08-02,13042057.559923347,609842720.4019599,,,,3395059.09411674,,,622884777.9618832,626279837.0559999
2020-08-03,13268647.559775967,610075745.4020847,,,,3406844.09413934,,,623344392.9618607,626751237.056
2020-08-04,13511962.55994241,610283660.4015095,,,,3418449.09454802,,,623795622.9614519,627214072.0559999
2020-08-05,13599502.559492448,610628045.4018892,,,,3429494.09461836,,,624227547.9613817,627657042.056
2020-08-06,13615597.556429612,611051675.4045808,,,,3440769.09498956,,,624667272.9610105,628108042.056
2020-08-07,13665397.54499107,611442965.4147037,,,,3452074.09630524,,,625108362.9596947,628560437.056
2020-08-08,33460042.81838393,303978185.12489355,,,,3463614.11272251,288120000.0,,337438227.9432775,629021842.056
2020-08-09,33833857.817537576,304055990.1253015,,,,3475194.11316089,288120000.0,,337889847.942839,629485042.056
2020-08-10,34200262.81609441,304151540.1263238,,,,3487039.11358172,288120000.0,,338351802.9424182,629958842.056
2020-08-11,34577587.81503778,304230125.12702966,,,,3498729.11393255,288120000.0,,338807712.94206744,630426442.056
2020-08-12,34935997.81431508,304321580.12739897,,,,3510264.11428598,288120000.0,,339257577.94171405,630887842.056
2020-08-13,35309227.81293605,304398410.12833536,,,,3521804.11472861,288120000.0,,339707637.9412714,631349442.056
2020-08-14,35692402.81157342,304476995.12921536,,,,3533644.1152112,288120000.0,,340169397.9407888,631823042.056
2020-08-15,35692402.81157342,304476995.12921536,,,,3533644.1152112,288120000.0,,340169397.9407888,631823042.056
2020-08-16,35692402.81157342,304476995.12921536,,,,3533644.1152112,288120000.0,,340169397.9407888,631823042.056
2020-08-17,36999870.75106988,304789580.1322,,,,3575184.11673008,288120000.0,,341789450.8832699,633484635.0
2020-08-18,37138710.75086185,304815710.1322763,,,,3579414.11686187,288120000.0,,341954420.8831382,633653835.0
2020-08-19,37496145.73279529,304900535.1332841,,,,3590754.13392064,288120000.0,,342396680.8660794,634107435.0
2020-08-20,37865865.73124418,304983410.1343845,,,,3602359.13437127,288120000.0,,342849275.8656287,634571635.0
2020-08-21,38226420.73014375,305072330.13502115,,,,3613884.13483507,288120000.0,,343298750.8651649,635032635.0
2020-08-22,38590680.72895505,305158325.1357423,,,,3625429.13530267,288120000.0,,343749005.86469734,635494435.0
2020-08-23,38978730.72778549,305233985.1364291,,,,3637319.13578545,288120000.0,,344212715.86421454,635970035.0
2020-08-24,39336360.72681027,305319395.13705933,,,,3648684.13613035,288120000.0,,344655755.8638696,636424440.0
2020-08-25,39701985.72584634,305400320.1376288,,,,3660129.13652482,288120000.0,,345102305.86347514,636882435.0
2020-08-26,40067760.73531632,305488265.13789433,,,,3671609.12678935,288120000.0,,345556025.87321067,637347635.0
2020-08-27,40425390.73435538,305576795.1384733,,,,3683049.12717132,288120000.0,,346002185.87282866,637805235.0
2020-08-28,40795110.73373124,305670005.1387075,,,,3694919.12756119,288120000.0,,346465115.8724388,638280035.0
2020-08-29,41160150.7327163,305756975.1393524,,,,3706509.1279313,288120000.0,,346917125.8720687,638743635.0
2020-08-30,41530650.73185588,305833025.1397785,,,,3717959.12836562,288120000.0,,347363675.87163436,639201635.0
2020-08-31,41891205.73039521,305916875.1408141,,,,3729354.12879063,288120000.0,,347808080.8712093,639657435.0
2020-09-01,42250980.7286043,306005405.14213544,,,,3740849.12926024,288120000.0,,348256385.87073976,640117235.0
2020-09-02,42603150.72675593,306094325.1434961,,,,3752159.12974797,288120000.0,,348697475.870252,640569635.0
2020-09-03,42969750.72574531,306177200.1441021,,,,3763684.13015256,288120000.0,,349146950.8698474,641030635.0
2020-09-04,43333620.72455408,306266705.1449676,,,,3775309.13047838,288120000.0,,349600325.8695217,641495635.0
2020-09-05,43697295.72213745,306345290.1468448,,,,3786649.13101775,288120000.0,,350042585.86898226,641949235.0
2020-09-06,44054145.72064094,306432455.1478902,,,,3798034.13146882,288120000.0,,350486600.86853117,642404635.0
2020-09-07,44431470.71960967,306506555.14859325,,,,3809609.13179705,288120000.0,,350938025.8682029,642867635.0
2020-09-08,44797095.718408,306589625.1492147,,,,3821114.13237728,288120000.0,,351386720.8676227,643327835.0
2020-09-09,45151410.71713464,306681860.1499262,,,,3832564.13293914,288120000.0,,351833270.86706084,643785835.0
2020-09-10,45526395.716283366,306752060.1504706,,,,3843979.13334603,288119999.9999,,352278455.866754,644242435.0
2020-09-11,45948845.71464853,306833960.1514057,,,,3855629.13414574,288069999.9998,,352782805.86605424,644708435.0
2020-09-12,48798761.16881661,306916835.1841234,,,,3867094.15458998,285584344.49247,,355715596.35294,645167035.0
2020-09-13,49168871.16672705,307007510.1855698,,,,3878909.15523312,285584344.49247,,356176381.3522969,645639635.0
2020-09-14,49537421.165127344,307082975.1866602,,,,3890294.15574246,285584344.49247,,356620396.3517875,646095035.0
2020-09-15,49903241.16298274,307161560.1880505,,,,3901689.15649676,285584344.49247,,357064801.3510333,646550835.0
2020-09-16,49262616.15958013,308242485.19081026,,,,3912979.15713963,285584344.49247,,357505101.3503904,647002425.0
2020-09-17,49615176.15802043,308333550.1917558,,,,3924354.15775384,285584344.49247,,357948726.3497762,647457425.0
2020-09-18,49986836.15711071,308415840.1921528,,,,3935994.15826649,285584344.49247,,358402676.3492635,647923015.0
2020-09-19,50353046.15549543,308502030.1932218,,,,3947594.15881274,285584344.49247,,358855076.3487172,648387015.0
2020-09-20,50737196.15466423,308584320.1937217,,,,3959554.15914405,285584344.49247,,359321516.34838593,648865415.0
2020-09-21,51108866.15311287,308668365.1948149,,,,3971239.15960223,285584344.49247,,359777231.3479278,649332815.0
2020-09-22,51478586.15188363,308755725.195556,,,,3982959.16009042,285584344.49247,,360234311.34743965,649801615.0000001
2020-09-23,51899201.15027504,308849325.1965448,,,,3996144.16071023,285584344.49247,,360748526.3468199,650329015.0000001
2020-09-24,52195796.14905535,308922255.19739544,,,,4005619.16107922,285584344.49247,,361118051.3464508,650708015.0
2020-09-25,52558301.14680398,309007665.19901764,,,,4017104.16170841,285584344.49247,,361565966.3458216,651167415.0
2020-09-26,52928216.14565769,309090735.19963133,,,,4028719.16224098,285584344.49247,,362018951.345289,651632015.0
2020-09-27,53303201.14499341,309170880.19989765,,,,4040389.162639,285584344.49247,,362474081.3448911,652098815.0000001
2020-09-28,53648936.144298494,309260580.20024174,,,,4051554.1629898,285584344.49247,,362909516.34454024,652545415.0
2020-09-29,54019241.14232138,309345210.20172536,,,,4063219.1634833,285584344.49247,,363364451.3440467,653012015.0
2020-09-30,54394031.142156914,309438615.2013972,,,,4075224.16397589,285584344.49247,,363832646.3435541,653492215.0
2020-10-01,54761606.14094457,309521490.2021184,,,,4086774.16446704,285584344.49247,,364283096.343063,653954215.0
2020-10-02,55130156.13866737,309615675.203062,,,,4098639.16580063,285584344.49247,,364745831.34172934,654428815.0
2020-10-03,55498511.13746626,309702840.2037047,,,,4110069.16628337,285584344.49247,,365201351.34117097,654895764.9999244
2020-10-04,55862381.13595605,309780255.20484203,,,,4121634.16673195,285584344.49247,,365642636.3407981,655348615.0
2020-10-05,56229761.13520282,309857085.2052861,,,,4133024.1670411,285584344.49247,,366086846.3404889,655804215.0
2020-10-06,56598896.13341893,309936840.2066262,,,,4144534.16748491,285584344.49247,,366535736.3400451,656264615.0
2020-10-07,56960816.13168806,310019715.2079063,,,,4155939.16793565,285584344.49247,,366980531.33959436,656720815.0
2020-10-08,57410486.10714444,310124630.2141438,,,,4170154.18624176,285584344.49247,,367535116.3212882,657289615.0
2020-10-09,57791285.465371,310199340.1791122,,,,4181644.86304682,285584344.49247,,367990625.6444832,657756615.0
2020-10-10,58153399.73056426,310285530.1681931,,,,4193140.60877262,285584344.49247,,368438929.89875734,658216415.0
2020-10-11,58739763.56215148,310428085.1651176,,,,4211821.78026095,285584344.49247,,369167848.7272691,658964015.0000001
2020-10-12,59130296.261579886,310549895.20647347,,,,4233048.52545888,285584344.49247,,369680191.46805334,659497584.4859822
2020-10-13,59395976.54214319,310857425.2106771,,,,4278380.72545888,285584344.49247,,370253401.75282025,660116126.9707491
2020-10-14,59802359.52138642,311176565.2151438,,,,4325424.32545888,285584344.49247,,370978924.73653024,660888693.5544591
2020-10-15,60171190.17785688,311432930.2196802,,,,4363214.42545888,285584344.49247,,371604120.39753705,661551679.3154659
2020-10-16,60393058.49020481,311535530.221341,,,,4378338.42545888,285584344.49247,,371928588.7115458,661891271.6294748
2020-10-17,60808860.34875248,311850890.329648,,,,4424824.82545888,285584344.49247,,372659750.6784005,662668919.9963294
2020-10-18,61195795.73770055,312157745.4041332,,,,4470057.52545888,285584344.49247,,373353541.1418338,663407943.1597626
2020-10-19,61490546.984680064,312476210.4244528,,,,4517001.62545888,285584344.49247,,373966757.40913284,664068103.5270617
2020-10-20,61775891.48009412,312788060.45845795,,,,4562970.62545888,285584344.49247,,374563951.9385521,664711267.056481
2020-10-21,62363840.33386889,313113005.51318765,,,,4610869.92545888,285584344.49247,,375476845.8470565,665672060.2649854
2020-10-22,62675037.28924979,313433090.569335,,,,4658052.82545888,285584344.49247,,376108127.85858476,666350525.1765137
2020-10-23,61679242.896669164,311096375.28540194,,,,4703126.32545888,285584344.49247,,372775618.1820711,663063089.0
2020-10-24,61929532.88716277,311154155.2949084,,,,4748538.12545888,285584344.49247,,373083688.18207115,663416570.8000001
2020-10-25,62182522.869904034,311214365.31216705,,,,4794706.12545888,285584344.49247,,373396888.1820711,663775938.8
2020-10-26,62442127.86075048,311277950.32132065,,,,4842346.72545888,285584344.49247,,373720078.18207115,664146769.4000001
2020-10-27,62703217.85138545,311327900.3306856,,,,4888196.32545888,285584344.49247,,374031118.1820711,664503659.0
2020-10-28,62955667.85043417,311386625.3316369,,,,4934065.82545888,285584344.49247,,374342293.1820711,664860703.5
2020-10-29,63209062.84946423,311446160.3326069,,,,4980194.02545888,285584344.49247,,374655223.18207115,665219761.7
2020-10-30,63462322.848114334,311505020.33395684,,,,5026202.82545888,285584344.49247,,374967343.18207115,665577890.5
2020-10-31,63759592.8486127,311508935.3334584,,,,5070599.72545888,285584344.49247,,375268528.18207115,665923472.4000001
2020-11-01,64003402.82673157,311574005.3553395,,,,5116130.92545888,285584344.49247,,375577408.1820711,666277883.6
2020-11-02,64263952.75799695,311629220.4240742,,,,5162677.02545888,285584344.49247,,375893173.1820711,666640194.7
2020-11-03,64516402.74792025,311686595.4341508,,,,5208347.52545888,285584344.49247,,376202998.1820711,666995690.2
2020-11-04,64755217.746945545,311747615.4351256,,,,5252545.42545888,285584344.49247,,376502833.18207115,667339723.1000001
2020-11-05,65020967.73703124,311802830.44503987,,,,5299887.52545888,285584344.49247,,376823798.1820711,667708030.2
2020-11-06,65266637.69119172,311863985.4908794,,,,5345160.02545888,285584344.49247,,377130623.18207115,668060127.7
2020-11-07,65519227.61584652,311920955.5662246,,,,5390850.42545888,285584344.49247,,377440183.1820711,668415378.1
2020-11-08,65839987.57589995,312001550.60617113,,,,5450013.12545888,285584344.49247,,377841538.1820711,668875895.8
2020-11-09,66147822.56615627,312069320.6159148,,,,5505394.82545888,285584344.49247,,378217143.1820711,669306882.5
2020-11-10,66270302.5567402,312100775.6253309,,,,5528100.72545888,285584344.49247,,378371078.18207115,669483523.4000001
2020-11-11,66529957.54730222,312152210.63486886,,,,5573800.32535888,285584344.49247,,378682168.1821711,669840313.0
2020-11-12,66810927.54703032,312180830.6351408,,,,5619450.92535888,285584344.49247,,378991758.1821711,670195553.6
2020-11-13,67070937.51626367,312229430.66590744,,,,5664942.32535888,285584344.49247,,379300368.1821711,670549655.0
2020-11-14,67325412.49254856,312283430.6896225,,,,5710413.82535888,285584344.49247,,379608843.1821711,670903601.5
2020-11-15,67579887.49161263,312343235.6905585,,,,5756760.92535888,285584344.49247,,379923123.1821711,671264228.6
2020-11-16,67833687.49024792,312401150.69192314,,,,5802690.12535888,285584344.49247,,380234838.18217105,671621872.8
2020-11-17,68086982.46419403,312461360.7179771,,,,5848917.82535888,285584344.49247,,380548343.1821711,671981605.5
2020-11-18,68340112.46311332,312522245.7190578,,,,5895264.92535888,285584344.49247,,380862358.1821711,672341967.6
2020-11-19,68589727.45372945,312580160.72844166,,,,5940597.12535888,285584344.49247,,381169888.1821711,672694829.8
2020-11-20,68843057.43640414,312642260.745767,,,,5987123.32535888,285584344.49247,,381485318.1821711,673056786.0
2020-11-21,69090647.42693865,312699365.75523245,,,,6032057.52535888,285584344.49247,,381790013.1821711,673406415.2
2020-11-22,69349442.42644075,312762815.75575113,,,,6078504.12535888,285584344.49247,,382112258.18219185,673775106.8000207
2020-11-23,69595682.39947891,312822350.7826922,,,,6124612.42535888,285584344.49247,,382418033.1821711,674126990.1
2020-11-24,69841652.39764816,312885800.7845229,,,,6170223.22535888,285584344.49247,,382727453.18217105,674482020.9
2020-11-25,70103417.3880657,312939125.7941054,,,,6216669.82535888,285584344.49247,,383042543.1821711,674843557.5
2020-11-26,70357217.36085288,312999200.82131827,,,,6262977.12535888,285584344.49247,,383356418.18217117,675203739.8000001
2020-11-27,70357217.36085288,312999200.82131827,,,,6262977.12535888,285584344.49247,,383356418.18217117,675203739.8000001
2020-11-28,70856957.33259259,313122050.8495785,,,,6354755.92535888,285584344.49247,,383979008.1821711,675918108.6
2020-11-29,71116697.3234485,313178210.8587226,,,,6401361.72535888,285584344.49247,,384294908.1821711,676280614.4000001
2020-11-30,71116697.3234485,313178210.8587226,,,,6401361.72535888,285584344.49247,,384294908.1821711,676280614.4000001
2020-12-01,71116697.3234485,313178210.8587226,,,,6401361.72535888,285584344.49247,,384294908.1821711,676280614.4000001
2020-12-02,71116697.3234485,313178210.8587226,,,,6401361.72535888,285584344.49247,,384294908.1821711,676280614.4000001
2020-12-03,67401336.3495684,313841331.5766419,,,,6560880.12535888,285584344.49247,,381242667.9262103,673387892.5440392
2020-12-04,67309519.44571713,314303032.6603606,,,,6629216.72535888,285584344.49247,,381612552.1060777,673826113.3239067
2020-12-05,67148764.13297537,314606783.19600666,,,,6674150.92535888,285584344.49247,,381755547.328982,674014042.7468109
2020-12-06,67080705.28225628,314919038.737874,,,,6720259.22535888,285584344.49247,,381999744.0201303,674304347.7379591
2020-12-07,65806109.55394597,315237504.2158339,,,,6767282.92535888,285584344.49247,,381043613.76977986,673395241.1876087
2020-12-08,67389452.10193512,313688106.64731205,,,,6812754.42535888,285584344.49247,,381077558.7492472,673474657.6670761
2020-12-09,67217152.33869751,313761816.7730411,,,,6858922.42535888,285584344.49247,,380978969.1117386,673422236.0295675
2020-12-10,63527472.262322254,313809067.1678395,,,,6899219.92535888,285584344.49247,,377336539.4301618,669820103.8479908
2020-12-11,63733706.48585179,313849432.30264926,,,,6937368.22535888,285584344.49247,,377583138.788501,670104851.50633
2020-12-12,63668875.9316048,313847677.31987685,8725779.70450546,,,6982083.52535888,285584344.49247,,386242332.9559871,678808760.9738159
2020-12-13,63860323.05880164,313852537.31953025,8788654.092305541,,,7027833.62535888,285584344.49247,,386501514.47063744,679113692.5884664
2020-12-14,64081243.18309041,313852537.2894045,9482387.35584911,,,7073723.02535888,285584344.49247,,387416167.828344,680074235.3461728
2020-12-15,64413143.55125068,313848217.29654145,9559086.143960891,,,7119572.62535888,285584344.49247,,387820446.99175304,680524364.109582
2020-12-16,64192688.1865523,313851187.3505789,10437913.84125318,,,7165581.42535888,285584344.49247,,388481789.37838435,681231715.2962133
2020-12-17,64180920.11590845,313891823.08892584,11713666.3664682,,,7212764.32535888,285584344.49247,,389786409.5713025,682583518.3891313
2020-12-18,63957964.18324498,313948118.9457916,12433727.84226699,,,7258454.72535888,285584344.49247,,390339810.9713036,683182610.1891325
2020-12-19,61834550.87075858,314010219.7286124,13715565.436561448,,,7304881.42535888,285584344.49247,,389560336.0359325,682449561.9537613
2020-12-20,61871089.5306444,314066110.03876,14113437.47490976,,,7350472.32535888,285584344.49247,,390050637.0443142,682985453.862143
2020-12-21,62058312.06107932,314126185.3709184,14302185.07267056,,,7396640.32535888,285584344.49247,,390486682.5046683,683467667.3224971
2020-12-22,62020126.49088624,314191795.97995985,15358207.63785921,,,7442529.72535888,285584344.49247,,391570130.1087053,684597004.3265343
2020-12-23,62342432.65280876,314251736.4908252,15441058.41926568,,,7487822.12535888,285584344.49247,,392035227.56289965,685107394.1807286
2020-12-24,62630004.3904829,314308842.14339006,15670598.30548854,,,7532517.52635888,285584344.49346995,,392609444.8393615,685726306.8591903
2020-12-25,62924820.556559294,314363517.5428729,15657798.34115149,,,7579003.92635888,285584344.49346995,,392946136.4405837,686109484.8604126
2020-12-26,63852175.25066967,314424133.7301947,15399415.440993479,,,7623201.82635888,285584344.49346995,,393675724.42185783,686883270.7416866
2020-12-27,63852175.25066967,314424133.7301947,14963713.63998998,,,7623201.82635888,285584344.49346995,,393675724.42185783,686883270.7416866
2020-12-28,65673465.44837638,314536724.8238734,14396850.299310029,,,7715557.72635888,285584344.49346995,,394607040.5715598,687906942.7913886
2020-12-29,65899872.60541957,314595180.60572153,14586859.04686107,,,7762442.12635888,285584344.49346995,,395081912.25800216,688428698.877831
2020-12-30,65869219.507895455,314650801.28036773,15024106.02461664,,,7806918.62635888,285584344.49346995,,395544126.81287986,688935389.9327087
2020-12-31,66007190.91062553,314702236.9044255,15257583.67689271,,,7852947.32635888,285584344.49346995,,395967011.4919437,689404303.3117726
2021-01-01,66261387.44290012,314762312.41698015,15505670.3006397,,,7897244.72635888,285584344.49346995,,396529370.16051996,690010959.3803488
2021-01-02,66460193.16475059,314815772.7534907,15727490.79741141,,,7942616.72635888,285584344.49346995,,397003456.71565264,690530417.9354815
2021-01-03,66635779.50604847,314872743.201457,16091626.88534436,,,7989202.62635888,285584344.49346995,,397600149.59284985,691173696.7126787
2021-01-04,66867237.55793483,314925933.65406346,16412711.36954604,,,8035569.62635888,285584344.49346995,,398205882.58154434,691825796.7013731
2021-01-05,67279502.39169392,314980879.2165985,16413404.781025618,3092292.53713601,,8082115.72635888,285584344.49346995,,401766078.92645407,695432539.1462829
2021-01-06,67700412.3942372,315042574.80454195,16747192.433566041,2831598.18980312,,8127666.82635888,285584344.49346995,,402321777.8221483,696033789.1419771
2021-01-07,67962527.16595826,315103055.308922,16890850.299647048,2903061.93634272,,8173814.92635888,285584344.49346995,,402859494.71086997,696617654.1306988
2021-01-08,68159266.60305461,315162725.8957989,17240254.0599701,2840483.90245631,,8220002.82635888,285584344.49346995,,403402730.4612799,697207077.7811087
2021-01-09,68519827.41521707,315249937.3616159,17503627.91501377,2661998.7280456102,,8265136.02635888,285584344.49346995,,403935391.4198923,697784871.9397211
2021-01-10,68970806.0110588,315294488.0188001,17576702.341364842,2621202.19530022,,8310906.02635888,285584344.49346995,,404463198.56652397,698358449.0863528
2021-01-11,69227559.75262769,315352808.9621192,17809052.68088105,2668210.7115327497,,8356775.52635888,285584344.49346995,,405057632.1071607,698998752.1269896
2021-01-12,69613751.32880685,315411129.904016,17908376.85256181,2627182.8197124694,,8401888.82635888,285584344.49346995,,405560440.9050972,699546674.224926
2021-01-13,70145265.960429,315464320.6648025,17931179.96485864,2556091.0181218195,,8448036.92635888,285584344.49346995,,406096857.608212,700129239.0280409
2021-01-14,70721095.49204464,315517106.5948682,17793232.58730093,2624711.1227561603,,8494423.82635888,285584344.49346995,,406656145.79696995,700734914.1167988
2021-01-15,71385628.8147579,315494426.8482339,17704670.34275323,2619866.09759538,,8541029.62635888,285584344.49346995,,407204592.1033404,701329966.2231692
2021-01-16,71765921.85364704,315546807.62171507,17921572.10263497,2509684.99620315,,8576012.79608917,285584344.49346995,,407743986.5742002,701904343.8637593
2021-01-17,72216561.09188336,315604858.1303868,17976986.258419782,2492964.5787022505,,8622917.09608917,285584344.49346995,,408291370.0593922,702498631.6489513
2021-01-18,72497757.20827702,315663178.55832505,18389540.04211999,2301065.83578586,,8670000.49608917,285584344.49346995,,408851541.6445079,703105886.634067
2021-01-19,72781777.78452286,315717854.1501762,18569090.09181456,2325271.26376215,,8716367.49608917,285584344.49346995,,409393993.2902758,703694705.279835
2021-01-20,73080564.02303095,315773474.518085,18944737.82895073,2101589.01040947,,8761679.79608917,285584344.49346995,,409900365.3804761,704246389.6700352
2021-01-21,73434315.16627519,315827879.9104451,18965864.05072272,2123018.1280798805,,8806872.69608917,285584344.49346995,,410351077.2555229,704742294.445082
2021-01-22,73720298.39707872,315888765.43385834,19152208.65618273,2247713.5583176697,,8852244.69608917,285584344.49346995,,411008986.0454374,705445575.2349966
2021-01-23,73924913.29441738,315943035.72790915,19313488.111484338,2370514.4435242303,,8898651.49608917,285584344.49346995,,411551951.5773351,706034947.5668943
2021-01-24,73989886.98843724,316006351.2225493,19489255.30052444,2488229.656517571,,8945356.79608917,285584344.49346995,,411973723.16802853,706503424.4575877
2021-01-25,74188506.52995758,316061701.7624677,19874565.0166271,2507238.234872709,,8990828.29608917,285584344.49346995,,412632011.54392505,707207184.3334842
2021-01-26,78495884.34546451,316241659.0693488,20032688.716968838,10220380.21199549,,9036538.59608917,273714000.0009,,424990612.34377766,707741150.9407668
2021-01-27,78571020.94062959,316545277.14476275,20287908.91564112,9991367.989408908,,9081393.19608917,273714000.0009,,425395574.9904424,708190968.1874316
2021-01-28,74368489.1554813,316858345.70538294,20475789.71764668,14113926.85311425,,9127700.49608917,273714000.0009,,425816551.4316251,708658251.9286143
2021-01-29,75022432.89758283,316435926.16043806,20824380.2004702,13940617.89308115,,9172873.49608917,273714000.0009,,426223357.1515722,709110230.6485614
2021-01-30,75271798.63510199,316336025.04030126,21347215.90886392,13702839.50344811,,9217847.49608917,273714000.0009,,426657879.08771527,709589726.5847044
2021-01-31,75446849.92493112,316396641.261238,21592317.01043534,13562064.65370336,,9264234.39608917,273714000.0009,,426997872.85030776,709976107.2472969
2021-02-01,75594494.26543269,316449157.37775815,21945061.967751708,13447352.26151076,,9310362.59608917,273714000.0009,,427436065.8724533,710460428.4694424
2021-02-02,74721994.31034806,316514093.49635696,22339289.51624575,14307759.503550695,,9357067.89608917,273714000.0009,,427883136.8265014,710954204.7234906
2021-02-03,74736780.31151462,316570794.6140065,22607316.731330767,14124767.62490238,,9402738.39608917,273714000.0009,,428039659.28175426,711156397.6787434
2021-02-04,75131529.22065255,316629385.49137425,22899137.685351875,14053299.91174399,,9448747.19608917,273714000.0009,,428713352.3091227,711876099.5061119
2021-02-05,75365300.24827665,316683251.43766385,23068792.43233209,14029422.327966472,,9495094.29608917,273714000.0009,,429146766.44623905,712355860.7432282
2021-02-06,75544413.48089492,316798813.141831,23810943.253937956,13376899.776655355,,9538376.79608917,273714000.0009,,429531069.65331924,712783446.4503083
2021-02-07,75812978.14295074,316862398.9315419,23962743.94753197,13306804.11559246,,9584027.39608917,273714000.0009,,429944925.1376171,713242952.5346062
2021-02-08,76114151.507856,316917749.8253224,24135620.450356178,13193726.3696545,,9629518.79608917,273714000.0009,,430361248.15318906,713704766.9501781
2021-02-09,76236520.15861306,316976881.0710811,24448443.23201335,13101324.204799782,,9675547.49608917,273714000.0009,,430763168.66650724,714152716.1634964
2021-02-10,76490675.00819048,317030207.04837525,24640785.903765332,13043913.26290008,,9722670.69608917,273714000.0009,,431205581.22323114,714642251.9202203
2021-02-11,76822461.74823067,317088393.0351592,24748210.807823583,12956384.8966753,,9768639.69608917,273714000.0009,,431615450.4878887,715098090.1848779
2021-02-12,76972710.36097077,317144148.817353,25021089.506851096,12892105.372790452,,9814150.99608917,273714000.0009,,432030054.0579653,715558205.0549544
2021-02-13,77096945.63757911,317200849.60319805,25561712.330845904,12602865.528668638,,9860915.99608917,273714000.0009,,432462373.10029167,716037289.0972807
2021-02-14,77302897.48601313,317264165.3647733,25908241.78757429,12395073.299926909,,9907481.99608917,273714000.0009,,432870377.9382876,716491859.9352767
2021-02-15,77536754.72720437,317320865.9515298,26093096.80776108,12343902.33776957,,9954187.29608917,273714000.0009,,433294619.8242648,716962807.121254
2021-02-16,77627583.22437643,317372576.9068084,26419630.66892824,12276637.84656812,,9996952.39608917,273714000.0009,,433696428.6466812,717407381.0436704
2021-02-17,77757535.06534694,317426305.6549952,26707421.980826598,12194537.84283482,,10043100.49608917,273714000.0009,,434085800.5440036,717842901.0409927
2021-02-18,77908461.83073789,317487461.49966943,26977894.668448016,12138523.06843702,,10088392.89608917,273714000.0009,,434512341.0672924,718314733.9642816
2021-02-19,77995593.14113668,317546457.211388,27276251.270586733,12117565.97060232,,10134341.99608917,273714000.0009,,434935867.5937137,718784209.5907028
2021-02-20,78236261.86691079,317600998.0323387,27478953.85730031,12003623.013134977,,10178699.09608917,273714000.0009,,435319836.7696847,719212535.8666738
2021-02-21,78475942.93081616,317661073.87751514,27630482.7413745,11977446.65983597,,10224687.99608917,273714000.0009,,435744946.2095418,719683634.2065309
2021-02-22,78577393.15820563,317716154.4604509,28002916.769024458,11854806.87295233,,10270059.99608917,273714000.0009,,436151271.2606333,720135331.2576225
2021-02-23,78709808.48683009,317774205.31419635,28281128.246904586,11804399.24606296,,10315829.99608917,273714000.0009,,436569541.293994,720599371.2909832
2021-02-24,78998693.30913618,317831581.0302961,28177066.34803083,11992569.984497182,,10362774.09608917,273714000.0009,,436999910.67196023,721076684.7689494
2021-02-25,79188783.98785305,317895166.75287855,28392344.67600895,11915122.26984833,,10406454.59608917,273714000.0009,,437391417.6865889,721511872.283578
2021-02-26,79267764.14731187,317962937.8277509,28680237.675462425,11901749.53529856,,10453717.09608917,273714000.0009,,437812689.1858238,721980406.282813
2021-02-27,79455612.51840892,318031383.63583857,28973846.37385131,11736434.697412102,,10499148.79608917,273714000.0009,,438197277.2255109,722410426.0225
2021-02-28,79833246.12023896,318086059.3990867,29354325.638858445,11363879.63905331,,10544620.29608917,273714000.0009,,438637510.7972374,722896131.0942266
2021-03-01,79621075.60182986,318136415.0353335,29546189.74700466,11241051.76207254,500000.0,10589454.99608917,273714000.0009,0.0,439044732.14624065,723348187.1432297
2021-03-02,76581355.55819343,321410122.87650734,29869626.8997502,11127839.754243078,500000.0,10635105.59608917,273714000.0009,0.0,439488945.08869404,723838050.6856833
2021-03-03,113012988.17457192,285165891.5280789,30079514.21150802,11141657.528961036,500000.0,10681790.99608917,273714000.0009,0.0,439900051.44311994,724295842.440109
2021-03-04,60385250.29718471,338065647.4133162,30274672.87113366,11058246.71199369,500000.0,10727322.19608917,273714000.0009,0.0,440283817.2936283,724725139.4906174
2021-03-05,196345606.81398955,202534497.49013028,30421525.27333677,11035245.714791998,500000.0,10770505.19608917,273714000.0009,0.0,440836875.2922486,725321380.4892378
2021-03-06,146026431.97365442,252998983.63012287,30582990.10179163,10908252.60717845,500000.0,10816832.39608917,273714000.0009,0.0,441016658.31274736,725547490.7097366
2021-03-07,86905151.16456105,312721413.63955086,30979284.135800455,10719192.855977232,500000.0,10862841.19608917,273714000.0009,0.0,441825041.7958896,726401882.9928787
2021-03-08,69997240.02965815,329486055.344205,31139307.35291876,10685079.86261715,500000.0,10908929.59608917,273714000.0009,0.0,441807682.58939904,726430612.1863883
2021-03-09,69927158.17250215,329842635.2339826,31390872.91345225,10569664.559475372,500000.0,10955674.69608917,273714000.0009,0.0,442230330.8794124,726900005.5764015
2021-03-10,69566198.34944537,330155298.2833464,31513102.489818845,10917698.12704379,500000.0,11001822.79608917,273714000.0009,0.0,442652297.2496544,727368120.0466435
2021-03-11,69658071.31777363,330459052.0886601,31692717.50151844,10741896.244125431,500000.0,11046637.59608917,273714000.0009,0.0,443051737.1520776,727812374.7490668
2021-03-12,69349904.58549461,330809150.3985786,31939384.43706009,10834816.54768535,500000.0,11092387.69608917,273714000.0009,0.0,443433255.9688186,728239643.6658077
2021-03-13,92874550.10658686,307528894.22124475,32235592.187775202,10715735.89563567,500000.0,11138376.59608917,273714000.0009,0.0,443854772.4112425,728707149.0082316
2021-03-14,92820158.14560723,307877293.484535,32492537.55652083,10563946.10574447,500000.0,11183708.79608917,273714000.0009,0.0,444253935.2924075,729151644.0893967
2021-03-15,92711537.62583852,308156267.2344243,32996652.059257478,10295837.894131929,500000.0,11228165.39608917,273714000.0009,0.0,444660294.8136523,729602460.2106414
2021-03-16,93788937.8518616,307364780.04271376,33193714.73077767,10214096.093520807,500000.0,11273915.49608917,273714000.0009,0.0,445061528.71887386,730049444.215863
2021-03-17,93687803.28580192,307678658.98053825,33520882.49462995,10073632.309151009,500000.0,11320222.79608917,273714000.0009,0.0,445460977.07012105,730495199.8671103
2021-03-18,93701218.47692798,308007145.4791571,33665257.969872355,9841996.729987867,500000.0,11365793.79608917,273714000.0009,0.0,445715618.6559453,730795412.4529345
2021-03-19,94114286.04684718,308322507.8908136,33983570.29450013,10430704.240790052,500000.0,11412339.89608917,273714000.0009,0.0,447351068.47295094,732477408.36994
2021-03-20,94089842.30173364,308620456.93355453,32972806.874235407,10281257.30629159,500000.0,11456298.99608917,273714000.0009,0.0,446464363.4158151,731634662.4128042
2021-03-21,93846633.72033376,308982860.9752549,33659692.74727162,9917287.297617355,500000.0,11503939.59608917,273714000.0009,0.0,446906474.7404776,732124414.3374667
2021-03-22,93511304.39121763,309285677.22600424,34174517.084476426,9824041.29605764,500000.0,11548754.39608917,273714000.0009,0.0,447295539.99775594,732558294.3947451
2021-03-23,93004381.0363358,309603849.37571967,34806570.474769644,9820497.563307537,500000.0,11595797.99608917,273714000.0009,0.0,447735298.45013267,733045096.4471219
2021-03-24,92387142.10541064,309934768.49496824,36292580.22255381,9009415.46006889,500000.0,11641727.19608917,273714000.0009,0.0,448123906.28300154,733479633.4799907
2021-03-25,92394728.61516084,310241357.0367232,36318081.836720854,9117059.20876541,500000.0,11687079.29608917,273714000.0009,0.0,448571226.6973703,733972305.9943595
2021-03-26,92042098.4272745,310554310.923281,37217654.73077123,8348341.45324302,800000.0,11733346.79608917,273714000.0009,0.0,448962405.5345698,734409752.331559
2021-03-27,91993873.95769624,310895883.92185736,37499676.3564395,8164583.554512071,800000.0,11775748.56965951,273714000.0009,0.0,449354017.7905052,734843766.3610647
2021-03-28,91981853.43890704,311255702.1603111,37611155.68824494,8137412.248626951,800000.0,11820026.06965951,273714000.0009,0.0,449786123.53609,735320149.6066495
2021-03-29,91905296.4700636,311614200.5950447,37797812.85026658,8115033.025840099,800000.0,11867089.56965951,273714000.0009,0.0,450232342.941215,735813432.5117745
2021-03-30,91874391.52013116,312049275.1471175,37957124.54467828,7940438.785930259,800000.0,11913635.66965951,273714000.0009,0.0,450621229.9978572,736248865.6684167
2021-03-31,92026599.59101295,312362344.43173844,38081456.48016185,7752095.24618791,800000.0,11959863.36965951,273714000.0009,0.0,451022495.74910116,736696359.1196606
2021-04-01,92084632.44732931,312647843.0785732,38300387.83070536,7573197.009996189,800000.0,12004936.86965951,273714000.0009,0.0,451406060.36660403,737124997.2371635
2021-04-02,92092544.37502016,312967121.79102254,38581795.80705381,7435231.29228773,800000.0,12052060.06965951,273714000.0009,0.0,451876693.2653842,737642753.3359437
2021-04-03,92095017.05121398,313285455.25012773,38685960.67553086,7412248.506765401,800000.0,12099024.06965951,273714000.0009,0.0,452278681.483638,738091705.5541975
2021-04-04,92177312.95335846,313595303.5183716,38964998.15148353,7145182.099113651,800000.0,12144774.16965951,273714000.0009,0.0,452682796.72232723,738541570.8928866
2021-04-05,92453010.80214672,313617051.03809714,39095928.22184551,2566374.5263378806,800000.0,12183559.26965951,273714000.0009,0.0,448532364.58842725,734429923.8589867
2021-04-06,92137560.37405272,314165007.650432,39292732.104991645,7024161.30536575,800000.0,12225906.46965951,273714000.0009,0.0,453419461.4348421,739359367.9054016
2021-04-07,92049710.96327049,314459832.8192525,39811830.3734559,6713788.824995391,800000.0,12272372.96965951,273714000.0009,0.0,453835162.98097426,739821535.9515338
2021-04-08,92055675.50593065,314786432.8700993,39971086.71999379,6634466.47501963,800000.0,12317685.26965951,273714000.0009,0.0,454247661.5710434,740279346.8416028
2021-04-09,92014926.00418028,315153032.54170656,40074241.01273289,6621792.316209278,800000.0,12362898.06965951,273714000.0009,0.0,454663991.87482905,740740889.9453886
2021-04-10,92016651.4939203,315503421.3944044,39972228.63346084,6756627.661575112,800000.0,12408807.36965951,273714000.0009,0.0,455048929.1833607,741171736.5539201
2021-04-11,92493443.20591936,315812575.8560592,39650524.79422091,6720292.3719628295,800000.0,12454497.76965951,273714000.0009,0.0,455476836.22816235,741645333.9987218
2021-04-12,92426261.43662477,316166184.5611676,39932126.88170695,6559187.775764201,800000.0,12500725.46965951,273714000.0009,0.0,455883760.65526354,742098486.125823
2021-04-13,92541664.61910962,316540739.5482214,39970007.08189922,6458829.4818404,800000.0,12547172.06965951,273714000.0009,0.0,456311240.73107064,742572412.8016301
2021-04-14,92299913.51227789,316893269.06157273,40356551.572358064,6366888.249184391,800000.0,12593240.56965951,273714000.0009,0.0,456716622.3953931,743023862.9659526
2021-04-15,92139769.97379205,317262694.1700107,40600755.14051866,6296755.33643152,800000.0,12638950.86965951,273714000.0009,0.0,457099974.62075293,743452925.4913124
2021-04-16,92062426.7433294,317593572.62214845,40800225.1339838,6269163.38888252,800000.0,12684899.96965951,273714000.0009,0.0,457525387.88834417,743924287.8589036
2021-04-17,92020738.39003168,317880432.67667913,40932345.22538798,6269859.959482611,800000.0,12730212.26965951,273714000.0009,0.0,457903376.25158143,744347588.522141
2021-04-18,92071326.53400736,318190531.7830436,41080747.772316955,6187168.501516339,800000.0,12775982.26965951,273714000.0009,0.0,458329774.59088427,744819756.8614438
2021-04-19,92029768.60200442,318491045.0200511,41240540.06765072,6170120.26520785,800000.0,12820399.06965951,273714000.0009,0.0,458731473.9549141,745265873.0254736
2021-04-20,91999848.34744282,318847624.2197828,41451155.40593353,6055968.58227891,800000.0,12867164.06965951,273714000.0009,0.0,459154596.55543804,745735760.6259975
2021-04-21,91954235.6378162,319139748.6381998,41727157.79534301,5921761.15568304,800000.0,12913252.46965951,273714000.0009,0.0,459542903.2270421,746170155.6976016
2021-04-22,136561202.8660966,274686671.7785014,42275541.80334638,5658915.737824581,800000.0,12958644.36965951,273714000.0009,1.008125,459982332.18576896,746654977.5644534
2021-04-23,211777675.68581027,200010572.65425488,42245658.34019232,5560348.311257621,800000.0,13004056.16965951,273714000.0009,1.008125,460394254.99151504,747112312.1701995
2021-04-24,255675448.85439187,157009426.68742573,42062513.22253791,5388520.07770449,800000.0,12968806.71952054,273714000.0009,1.008125,460935908.84206,747618716.5706055
2021-04-25,100063928.89270082,157347807.09980267,41705951.85654765,5408312.02679509,800000.0,13015392.61952054,273714000.0009,156000001.008125,305325999.87584627,748055393.5043919
2021-04-26,100103075.6955877,157720335.9288092,41899308.23853723,5209377.564401879,800000.0,13061719.81952054,273714000.0009,156000001.008125,305732097.427336,748507818.2558815
2021-04-27,100437770.77520928,158151902.0854075,41576545.63981727,13193548.906427588,800000.0,13108007.21952054,265713999.9006,156000001.008125,314159767.40686166,748981775.5351071
2021-04-28,100623770.970952,158440382.41418892,41609902.01085141,13102032.12112652,800000.0,13153936.41952054,265713999.9006,156000001.008125,314576087.5171188,749444024.8453643
2021-04-29,100656009.51971623,158828312.18930978,41695388.21590396,13020704.24333889,800000.0,13199925.31952054,265713999.9006,156000001.008125,315000414.16826886,749914340.3965144
2021-04-30,100647900.52504914,159251381.5068645,41785075.06251628,12918360.60000194,800000.0,13244998.81952054,265713999.9006,156000001.008125,315402717.69443184,750361717.4226773
2021-05-01,100875326.45338015,159561962.22947282,41987960.398111,0.0,800000.0,13291544.91952054,265713999.9006,156000001.008125,303225249.08096397,738230794.9092095
2021-05-02,100945542.65863612,159907335.93553063,42016538.023315035,12556470.756894264,800000.0,13336976.61952054,265713999.9006,156000001.008125,316225887.37437606,751276864.9026215
2021-05-03,100983038.78727783,160226364.5147146,42251512.89541194,12352907.2219725,800000.0,13381652.11952054,265713999.9006,156000001.008125,316613823.41937685,751709476.4476223
2021-05-04,100559849.53657097,160905827.7810406,42298232.55794816,12467373.469809989,800000.0,13426904.71952054,265713999.9006,156000001.008125,317031283.34536976,752172188.9736154
2021-05-05,100667318.00934096,161334713.7790559,42402929.26680873,12244563.545302233,800000.0,13473072.71952054,265713999.9006,156000001.008125,317449524.6005078,752636598.2287533
2021-05-06,100424832.56861567,162163735.1500594,42230442.19800202,12187129.740829982,800000.0,13518962.11952054,265713999.9006,156000001.008125,317806139.6575071,753039102.6857526
2021-05-07,100716190.01882032,162509920.0430302,42289364.761345774,12062868.503858728,800000.0,13564592.81952054,265713999.9006,156000001.008125,318378343.327055,753656937.0553005
2021-05-08,96536631.3907226,167135367.90746775,42317660.953291215,11866266.09131848,800000.0,13609467.31952054,265713999.9006,156000001.008125,318655926.3428001,753979394.5710456
2021-05-09,92611923.89731786,171509270.0114251,42395186.97179878,11792209.100324469,800000.0,13656053.21952054,265713999.9006,156000001.008125,319108589.9808662,754478644.1091118
2021-05-10,91257854.09411453,173393916.23104823,42562539.590677455,11480784.48449108,800000.0,13701445.11952054,265713999.9006,156000001.008125,319495094.4003313,754910540.428577
2021-05-11,91346186.68240435,173734701.33270094,42695622.243470006,11315137.234952657,800000.0,13746717.61952054,265713999.9006,156000001.008125,319891647.49352795,755352366.0217736
2021-05-12,91460564.81417716,174047365.54454118,42754125.1290886,11219523.16897332,800000.0,13793243.81952054,265713999.9006,156000001.008125,320281578.65678024,755788823.3850257
2021-05-13,91540243.43420196,174358275.58371544,43021102.39710427,11021056.020703802,800000.0,13839571.01952054,265713999.9006,156000001.008125,320740677.43572545,756294249.363971
2021-05-14,92177697.13506804,174746485.70185828,42604843.30321324,10818788.04446129,800000.0,13885559.91952054,265713999.9006,156000001.008125,321147814.1846009,756747375.0128465
2021-05-15,92414586.1160217,174871954.04929233,42810462.23090932,10685003.50877182,800000.0,13931111.01952054,265713999.9006,156000001.008125,321582005.9049952,757227117.8332407
2021-05-16,92709805.06819914,175062940.252735,43150227.83727999,10231409.81966476,800000.0,13977239.21952054,265713999.9006,156000001.008125,321954382.97787887,757645623.1061244
2021-05-17,92709805.06819914,175062940.252735,43150227.83727999,10231409.81966476,800000.0,13977239.21952054,265713999.9006,156000001.008125,321954382.97787887,757645623.1061244
2021-05-17,91834333.43348488,176316769.20815262,43306461.36134787,10127321.424333371,800000.0,14021675.91952054,265713999.9006,156000001.008125,322384885.42731875,758120562.2555642
2021-05-18,91751482.98720215,176723412.88194162,43477149.32075655,10065855.7973367,800000.0,14067585.21952054,265713999.9006,156000001.008125,322817900.98723704,758599487.1154826
2021-05-18,91751482.98720215,176723412.88194162,43477149.32075655,10065855.7973367,800000.0,14067585.21952054,265713999.9006,156000001.008125,322817900.98723704,758599487.1154826
2021-05-19,91041263.64735104,177128541.05905345,44439295.46048026,9810823.67455628,800000.0,14113275.61952054,265713999.9006,156000001.008125,323219923.84144104,759047200.3696866
2021-05-19,91041263.64735104,177128541.05905345,44439295.46048026,9810823.67455628,800000.0,14113275.61952054,265713999.9006,156000001.008125,323219923.84144104,759047200.3696866
2021-05-20,91534316.74142008,177649567.18735677,43884495.00694148,9698390.02351979,800000.0,14158329.21952054,265713999.9006,156000001.008125,323566768.9592382,759439099.0874836
2021-05-20,91534316.74142008,177649567.18735677,43884495.00694148,9698390.02351979,800000.0,14158329.21952054,265713999.9006,156000001.008125,323566768.9592382,759439099.0874836
2021-05-21,91478319.8769826,178127041.78620753,43932255.562184185,9751857.62611146,800000.0,14205551.91952054,265713999.9006,156000001.008125,324089474.8514857,760009027.6797314
2021-05-21,91478319.8769826,178127041.78620753,43932255.562184185,9751857.62611146,800000.0,14205551.91952054,265713999.9006,156000001.008125,324089474.8514857,760009027.6797314
2021-05-22,91478319.8769826,178127041.78620753,43932255.562184185,9751857.62611146,800000.0,14205551.91952054,265713999.9006,156000001.008125,324089474.8514857,760009027.6797314
2021-05-22,91139971.61296244,178673164.89961323,44212414.17026123,9696415.380518612,800000.0,14251162.71952054,265713999.9006,156000001.008125,324521966.0633555,760487129.691601
2021-05-23,91139971.61296244,178673164.89961323,44212414.17026123,9696415.380518612,800000.0,14251162.71952054,265713999.9006,156000001.008125,324521966.0633555,760487129.691601
2021-05-23,90855119.8392989,179304157.38530725,44353766.780462034,9629880.49421382,800000.0,14297609.31952054,265713999.9006,156000001.008125,324942924.499282,760954534.7275276
2021-05-24,90855119.8392989,179304157.38530725,44353766.780462034,9629880.49421382,800000.0,14297609.31952054,265713999.9006,156000001.008125,324942924.499282,760954534.7275276
2021-05-24,90783195.29852705,179906676.61139202,44070024.22795557,9814727.009322852,800000.0,14342682.81952054,265713999.9006,156000011.008125,325374623.1471975,761431316.875443
2021-05-25,90783195.29852705,179906676.61139202,44070024.22795557,9814727.009322852,800000.0,14342682.81952054,265713999.9006,156000011.008125,325374623.1471975,761431316.875443
2021-05-25,90549208.86469488,180436529.72330743,44215422.21864953,9728840.615571572,800000.0,14389228.91952054,265713999.9006,156000011.008125,325730001.4222234,761833241.250469
2021-05-26,90549208.86469488,180436529.72330743,44215422.21864953,9728840.615571572,800000.0,14389228.91952054,265713999.9006,156000011.008125,325730001.4222234,761833241.250469
2021-05-26,90722820.689303,180780262.99823952,44366922.407661505,9422487.636975309,800000.0,14435078.51952054,265713999.9006,156000031.008125,326092493.7321793,762241603.1604247
2021-05-27,90673223.1805042,181303716.3122222,44482868.432580076,9303990.81659615,800000.0,14480928.11952054,265713999.9006,156000051.008125,326563798.74190265,762758777.7701483
2021-05-28,90601975.4603676,181669617.2542697,44723025.52278973,9157374.933635892,800000.0,14523852.41952054,265713999.9006,156000061.008125,326951993.1710629,763189906.4993083
2021-05-29,90615466.1126487,182083374.5421434,44725837.73678694,9159004.15269813,800000.0,14570896.01952054,265713999.9006,156000071.008125,327383682.5442772,763668649.4725227
2021-05-30,90552760.75280371,182430776.1231769,45088529.39843093,8941425.74306279,800000.0,14617382.41952054,265713999.9006,156000071.008125,327813492.01747435,764144945.3457198
2021-05-31,90604893.52718876,182727496.86147943,45073204.49813691,8997409.67220563,800000.0,14661799.21952054,265713999.9006,156000071.008125,328203004.55901074,764578874.6872563
2021-06-01,90675816.40401584,183093763.20864084,45468554.89590126,8576146.25744138,800000.0,14707449.81952054,265713999.9006,156000141.008125,328614280.7659994,765035871.4942448
2021-06-02,90420814.76202388,183556495.664502,45854697.90250883,8365498.163375819,800000.0,14751090.51952054,265713999.9006,156000201.008125,328997506.49241054,765462797.920656
2021-06-03,90285731.97116227,183998720.0176001,46004324.88451394,8325536.0994,800000.0,14797377.91952054,265713999.9006,156000201.273825,329414312.9726763,765925892.0666218
2021-06-03,90285731.97116227,183998720.0176001,46004324.88451394,8325536.0994,800000.0,14797377.91952054,265713999.9006,156000201.273825,329414312.9726763,765925892.0666218
2021-06-04,90486341.4226624,184121771.4494519,46287213.835039824,0.0,800000.0,14826348.42082454,0.001,156000201.273825,321695326.70715415,492521876.40280366
2021-06-04,90486341.4226624,184121771.4494519,46287213.835039824,0.0,800000.0,14826348.42082454,0.001,156000201.273825,321695326.70715415,492521876.40280366
2021-06-06,90280521.80967176,185444681.2798386,46745759.01248793,0.0,800000.0,14989465.40055254,0.001,157426081.66817698,323270962.10199827,495686509.1717278
2021-06-06,90280521.80967176,185444681.2798386,46745759.01248793,0.0,800000.0,14989465.40055254,0.001,157426081.66817698,323270962.10199827,495686509.1717278
2021-06-07,90280521.80967176,185444681.2798386,46797875.80073578,0.0,800000.0,14989465.40055254,0.001,157426081.66817698,323323078.8902461,495738625.9599756
2021-06-08,90276619.94615318,185436296.1929776,47541736.24469335,0.0,800000.0,15000542.71800054,0.001,158500000.0,324054652.3838241,497555195.1028246
2021-06-09,89807670.11208177,186057436.64209223,47999913.39021945,4976081.210047579,800000.0,15062472.28089654,0.001,159679859.6792436,329641101.35444105,504383433.3155812
2021-06-10,89583448.96812081,186391919.5461681,48514776.444717385,0.0,800000.0,15115074.62317654,0.001,160419802.3858631,325290144.9590063,500825021.9690459
2021-06-11,89050814.45272888,187445479.9761693,49205441.71822521,0.0,800000.0,15171674.34572054,0.001,161567492.62290823,326501736.14712334,503240903.1167521
2021-06-11,89050814.45272888,187445479.9761693,49205441.71822521,0.0,800000.0,15171674.34572054,0.001,161567492.62290823,326501736.14712334,503240903.1167521
